"cell_id","sample_id","source_cluster","C20_subclusters_r0p8","C20_subclusters_r1p2","C20_subclusters_r1p6","C20_subclusters_r2","C20_subclusters_r2p5"
"TH1#ATAACGACACTAAGCC-1","TH1","C20","C4","C4","C10","C7","C15"
"TH1#TCGGTAAGTTGCTGGG-1","TH1","C20","C1","C1","C1","C12","C6"
"TH1#AACTAGTGTTGTGATG-1","TH1","C20","C5","C9","C7","C3","C12"
"TH1#GGCTATGTCGAGGAGT-1","TH1","C20","C6","C10","C8","C4","C13"
"TH1#GCTGTACCAACCTAAT-1","TH1","C20","C4","C4","C10","C7","C15"
"TH1#AGGTCTTAGTCAATCA-1","TH1","C20","C2","C3","C3","C13","C1"
"TH1#GTACTAGGTTGAGGTC-1","TH1","C20","C1","C1","C1","C12","C6"
"TH1#GACCTCAAGGCGAAAC-1","TH1","C20","C1","C2","C2","C5","C7"
"TH1#ACAGGTAAGGTTTACA-1","TH1","C20","C1","C2","C2","C5","C7"
"TH1#GTACTTCGTTAGTGAT-1","TH1","C20","C1","C1","C1","C12","C6"
"TH1#CATTATGAGGCAGGTG-1","TH1","C20","C6","C7","C6","C2","C11"
"TH1#ATTCATGAGTTGTCAA-1","TH1","C20","C1","C1","C1","C12","C6"
"TH1#TTGCATTTCAAGCTTA-1","TH1","C20","C6","C7","C6","C2","C11"
"TH1#GCATTAGGTAACGTGC-1","TH1","C20","C1","C2","C2","C5","C7"
"TH1#AGTGAACCAAAGGTAC-1","TH1","C20","C3","C4","C4","C10","C9"
"TH1#CCTTAACGTGATGATT-1","TH1","C20","C5","C9","C7","C3","C12"
"TH1#GAAACTGAGGGATGAC-1","TH1","C20","C1","C2","C2","C5","C7"
"TH1#TCTCACCAGCAGCTCA-1","TH1","C20","C1","C5","C1","C9","C8"
"TH1#TTCTTAGGTGCCGCAA-1","TH1","C20","C6","C10","C8","C2","C11"
"TH1#ACACGGACACTAAGTT-1","TH1","C20","C3","C4","C4","C10","C3"
"TH1#AGTAACGAGTTGTCAA-1","TH1","C20","C4","C4","C10","C7","C15"
"TH1#TGGCCTTTCCGTTAAA-1","TH1","C20","C1","C2","C2","C5","C7"
"TH1#CTAAGGTTCCGGGACT-1","TH1","C20","C2","C3","C3","C13","C1"
"TH1#TTCAGGTAGAATCTCA-1","TH1","C20","C1","C2","C2","C5","C7"
"TH1#ATTAGTCCAAGCGATG-1","TH1","C20","C3","C4","C4","C10","C9"
"TH1#ATCCAACAGTATCGCG-1","TH1","C20","C1","C2","C2","C6","C7"
"TH1#AGGGCTACACCTGCTC-1","TH1","C20","C1","C2","C2","C5","C8"
"TH1#GACTTAGGTCATCCTG-1","TH1","C20","C3","C4","C4","C10","C9"
"TH1#GATCCGTCAGTTTACG-1","TH1","C20","C4","C8","C4","C10","C15"
"TH1#CCGCTAAAGTAACTCA-1","TH1","C20","C1","C2","C2","C5","C7"
"TH1#CACCTCAGTTAATGCG-1","TH1","C20","C4","C8","C11","C8","C16"
"TH1#ATTAGCTCAACTGGCT-1","TH1","C20","C4","C8","C10","C7","C15"
"TH1#ATTTAGCCAGCCAGTT-1","TH1","C20","C4","C8","C10","C7","C15"
"TH1#GGTATTGGTATCTGGA-1","TH1","C20","C2","C3","C3","C13","C1"
"TH1#ACATTGCAGTGAACGA-1","TH1","C20","C6","C10","C8","C2","C11"
"TH1#GGTTCTTGTTCAAGAT-1","TH1","C20","C6","C10","C8","C4","C13"
"TH1#TATGTGATCATGCTCC-1","TH1","C20","C1","C1","C1","C12","C6"
"TH1#GTACTAGGTTTGGGCG-1","TH1","C20","C2","C3","C3","C13","C4"
"TH1#AAGTGAAGTGGTTATG-1","TH1","C20","C3","C5","C5","C14","C3"
"TH1#GCGGAACCAAGGTACG-1","TH1","C20","C5","C9","C7","C3","C12"
"TH1#AGTTGGCGTGACATGC-1","TH1","C20","C3","C4","C4","C10","C9"
"TH1#AGTAAACAGGCGAATA-1","TH1","C20","C1","C2","C2","C6","C17"
"TH1#GTTGGCCAGGTCCTAG-1","TH1","C20","C1","C2","C2","C6","C7"
"TH1#TTGGGCCAGTCTCACC-1","TH1","C20","C1","C2","C2","C5","C7"
"TH1#CCCTGTTAGTCTCACC-1","TH1","C20","C1","C2","C2","C6","C17"
"TH1#CTGACATAGACTTACA-1","TH1","C20","C2","C3","C3","C13","C4"
"TH1#CGTCAATAGCTCCTAC-1","TH1","C20","C1","C2","C2","C5","C7"
"TH1#GATAACGAGGGTGAAC-1","TH1","C20","C1","C2","C2","C5","C7"
"TH1#AGTACGCGTGTTTGAG-1","TH1","C20","C1","C2","C2","C5","C7"
"TH1#GATAAGCCAGATTCAT-1","TH1","C20","C6","C10","C8","C4","C13"
"TH1#CTGGACCAGCGCCTAA-1","TH1","C20","C3","C4","C4","C10","C9"
"TH1#GGAACAATCGTTATAG-1","TH1","C20","C1","C2","C2","C5","C7"
"TH1#GTGTGAGCATTGACAT-1","TH1","C20","C2","C3","C1","C9","C4"
"TH1#AAAGCCCGTTACTTCA-1","TH1","C20","C4","C8","C10","C7","C15"
"TH1#CAAAGTGAGGCTTAAC-1","TH1","C20","C1","C2","C2","C5","C8"
"TH1#ATTCGTTTCTCGACCT-1","TH1","C20","C6","C10","C8","C2","C11"
"TH1#TATGGCCCAATTGACT-1","TH1","C20","C1","C1","C1","C12","C6"
"TH1#CCAATATCACCTGCTC-1","TH1","C20","C1","C4","C4","C10","C8"
"TH1#GGTCTTTGTAGGATCC-1","TH1","C20","C4","C8","C11","C8","C16"
"TH1#AGCTACTAGTTATCTC-1","TH1","C20","C3","C5","C5","C14","C3"
"TH1#TTATAGCCAAGGTCCT-1","TH1","C20","C3","C4","C4","C10","C9"
"TH1#CACATACAGTTCCCAC-1","TH1","C20","C1","C2","C2","C6","C17"
"TH1#CGTCATTGTGGGTACT-1","TH1","C20","C1","C2","C2","C6","C17"
"TH1#GCTAGCGGTCGTAAAT-1","TH1","C20","C2","C3","C3","C13","C5"
"TH1#CGATTGAGTGATTACG-1","TH1","C20","C1","C2","C2","C5","C7"
"TH1#ACTAACTCACTGGCTG-1","TH1","C20","C1","C2","C2","C5","C7"
"TH1#GAGGCTACATTAGGCC-1","TH1","C20","C4","C8","C11","C6","C17"
"TH1#CTCAATAAGGTTAGCT-1","TH1","C20","C1","C2","C2","C5","C7"
"TH1#AAACCGAAGTGATTCA-1","TH1","C20","C3","C5","C5","C9","C1"
"TH1#CTGGTCAAGCAACATC-1","TH1","C20","C1","C2","C2","C5","C7"
"TH1#AATAGAGGTTGCGGAT-1","TH1","C20","C6","C10","C8","C4","C13"
"TH1#TTCAGGTAGCGAGTAA-1","TH1","C20","C1","C1","C1","C12","C6"
"TH1#TCTAATCTCGCATTAA-1","TH1","C20","C2","C3","C3","C14","C3"
"TH1#GCTTGACCACTTACAG-1","TH1","C20","C1","C1","C1","C12","C6"
"TH1#CATTATCTCGCAGGCT-1","TH1","C20","C4","C8","C11","C8","C16"
"TH1#ATTCCTCCAAGGCCAA-1","TH1","C20","C3","C4","C4","C10","C9"
"TH1#AGGACTAAGGTTACAC-1","TH1","C20","C1","C2","C2","C5","C8"
"TH1#GTTCTTGTCATGCATA-1","TH1","C20","C6","C10","C8","C4","C13"
"TH1#TTAAGCCAGTGAGGGT-1","TH1","C20","C2","C3","C3","C13","C5"
"TH1#ACTTAGGGTTTACTTG-1","TH1","C20","C5","C9","C7","C3","C12"
"TH1#ACGCCTTTCCCATAAA-1","TH1","C20","C3","C5","C5","C10","C9"
"TH1#ACTTACTTCCTAAGTA-1","TH1","C20","C2","C3","C3","C14","C3"
"TH1#ATTCACTTCCCATAAA-1","TH1","C20","C2","C3","C3","C13","C5"
"TH1#TATCGCACACGAATTT-1","TH1","C20","C1","C2","C2","C5","C7"
"TH1#AGCGCTCAGGCGAATA-1","TH1","C20","C6","C10","C8","C4","C13"
"TH1#CAGCAAGCATGAATAG-1","TH1","C20","C4","C8","C10","C6","C17"
"TH1#GCTATCCTCGAGCTAT-1","TH1","C20","C5","C9","C7","C3","C12"
"TH1#CTTGGACCACTGACTA-1","TH1","C20","C1","C1","C1","C12","C6"
"TH1#GACCTGCAGGAAGTAT-1","TH1","C20","C6","C10","C8","C4","C13"
"TH1#TCAGCGATCGATATTG-1","TH1","C20","C3","C5","C5","C14","C3"
"TH1#AAACCGCGTATACTGG-1","TH1","C20","C1","C2","C2","C5","C7"
"TH1#CTTTAGTTCCAAGTGT-1","TH1","C20","C3","C4","C4","C10","C9"
"TH1#TTTACGCGTACTTAGG-1","TH1","C20","C2","C3","C3","C14","C4"
"TH1#TATGGTCAGTAACGGA-1","TH1","C20","C2","C3","C3","C13","C5"
"TH1#GCACATTAGCATGCAT-1","TH1","C20","C3","C4","C4","C10","C9"
"TH1#TGTTGGCCATATAACC-1","TH1","C20","C4","C8","C10","C7","C15"
"TH1#GCAAGCCTCACTAAGC-1","TH1","C20","C3","C4","C4","C10","C9"
"TH1#CTTGAATCATGTCAAT-1","TH1","C20","C2","C3","C3","C13","C1"
"TH1#ACACTTAAGGGACTAA-1","TH1","C20","C1","C1","C1","C12","C6"
"TH1#GGTGAGTAGTAAAGGT-1","TH1","C20","C6","C10","C8","C4","C13"
"TH1#CCCAACCGTGCGCATG-1","TH1","C20","C3","C4","C4","C10","C9"
"TH1#AACCGGCTCCTCATCA-1","TH1","C20","C1","C2","C2","C5","C7"
"TH1#ACCAGGCTCTAATCCT-1","TH1","C20","C1","C2","C2","C5","C7"
"TH1#TATCACGCAATTAGCT-1","TH1","C20","C1","C2","C2","C5","C7"
"TH1#ATGGCTGTCCTGTTCA-1","TH1","C20","C2","C3","C3","C13","C5"
"TH1#TATCGCGAGGCTGGCT-1","TH1","C20","C2","C3","C3","C13","C5"
"TH1#CGGGTATGTAACCACA-1","TH1","C20","C6","C10","C8","C4","C13"
"TH1#GATTCATCAGCGCTTG-1","TH1","C20","C3","C4","C4","C10","C9"
"TH1#TAGACCAGTGGACCTG-1","TH1","C20","C1","C1","C1","C12","C6"
"TH1#TCCTTCAAGCGGATAA-1","TH1","C20","C3","C4","C4","C10","C9"
"TH1#ACCTCACTCGCTAGCA-1","TH1","C20","C3","C4","C4","C10","C9"
"TH1#TGGGCCTAGTAAGAAC-1","TH1","C20","C1","C2","C2","C5","C7"
"TH1#GTGTTACAGCCTGGTA-1","TH1","C20","C6","C10","C8","C2","C11"
"TH1#GCGCTAGGTAACGTGC-1","TH1","C20","C3","C4","C4","C10","C9"
"TH1#TTTAACGAGCACAGCC-1","TH1","C20","C4","C8","C11","C8","C16"
"TH1#GGTCAGGAGCCTCTGT-1","TH1","C20","C3","C4","C4","C10","C9"
"TH1#ATTTGCGCAGCAGGTA-1","TH1","C20","C2","C3","C3","C13","C4"
"TH1#CATGCGCAGCATCCAG-1","TH1","C20","C2","C3","C3","C13","C5"
"TH1#TCAGCGATCATTGTCT-1","TH1","C20","C4","C8","C11","C8","C16"
"TH1#CTGGTTACACAATGCC-1","TH1","C20","C3","C5","C5","C14","C3"
"TH1#TATGGCCCAGGGAGGA-1","TH1","C20","C1","C2","C2","C5","C8"
"TH1#TCCTGTTCAATTAGGA-1","TH1","C20","C2","C3","C3","C13","C5"
"TH1#CTAACCCTCCTAAGTA-1","TH1","C20","C1","C2","C2","C5","C7"
"TH1#TCTAACCGTCATTACC-1","TH1","C20","C3","C5","C5","C14","C3"
"TH1#TATCGCACAGAATGAC-1","TH1","C20","C4","C8","C10","C7","C15"
"TH1#TGTTGCACAATAACCT-1","TH1","C20","C4","C8","C11","C8","C16"
"TH1#CGGACCTAGTTAGCTA-1","TH1","C20","C2","C3","C3","C13","C5"
"TH1#ATCACAATCCAATTAG-1","TH1","C20","C3","C4","C4","C10","C9"
"TH1#TATGCATCAGTAATAG-1","TH1","C20","C3","C4","C4","C10","C9"
"TH1#ACACTAGGTTAGGACC-1","TH1","C20","C1","C2","C2","C5","C8"
"TH1#GGCGCTAGTGCTCACC-1","TH1","C20","C5","C9","C7","C3","C12"
"TH1#ACCTAAGGTATTCGCT-1","TH1","C20","C1","C2","C2","C5","C7"
"TH1#CTTGTAAAGTTAGACC-1","TH1","C20","C2","C3","C3","C13","C5"
"TH1#GGCGGTAAGTAAGTGG-1","TH1","C20","C2","C3","C3","C13","C5"
"TH1#ACCCTCCCAATAATGG-1","TH1","C20","C1","C2","C2","C5","C7"
"TH1#TACATCAAGCCTGTGA-1","TH1","C20","C5","C9","C7","C3","C12"
"TH1#GTTTAACCAATTTGGT-1","TH1","C20","C3","C5","C5","C14","C3"
"TH1#CACTTTGTCTACCTGC-1","TH1","C20","C5","C9","C7","C3","C12"
"TH1#TTGAGCTAGTAGCTTA-1","TH1","C20","C3","C4","C4","C10","C9"
"TH1#GTATTGTCAGGCTAGA-1","TH1","C20","C3","C5","C5","C14","C3"
"TH1#ATCCACCTCAAAGGCA-1","TH1","C20","C1","C1","C1","C9","C8"
"TH1#CGATTCCTCTTGAGGT-1","TH1","C20","C2","C3","C3","C13","C5"
"TH1#GCTGTGCAGAACCTAC-1","TH1","C20","C4","C8","C11","C8","C16"
"TH1#TAGACCAGTTTGGGTA-1","TH1","C20","C1","C2","C2","C6","C7"
"TH1#TGCTTCATCCTTGTTG-1","TH1","C20","C1","C2","C2","C6","C17"
"TH1#TAATTGCCACTAAGCC-1","TH1","C20","C6","C10","C8","C4","C13"
"TH1#TAGCGGCTCCTTGAGG-1","TH1","C20","C4","C8","C10","C7","C15"
"TH1#TATGGATGTAAACAAG-1","TH1","C20","C2","C3","C3","C13","C5"
"TH1#CGTTGCAAGGCGGATG-1","TH1","C20","C1","C1","C1","C12","C6"
"TH1#TGTCAGTAGCGGATTT-1","TH1","C20","C1","C2","C2","C5","C7"
"TH1#GGAACGGTCATGACCG-1","TH1","C20","C1","C2","C2","C5","C8"
"TH1#CACCTGTTCCCAGTAG-1","TH1","C20","C6","C10","C8","C4","C13"
"TH1#TCCAGGATCCCGTTAC-1","TH1","C20","C5","C9","C7","C3","C12"
"TH1#GAGGTGAGTCTTACTA-1","TH1","C20","C4","C8","C11","C8","C16"
"TH1#TAAGGCTTCGGTTTGG-1","TH1","C20","C5","C7","C6","C2","C11"
"TH1#CGCCTCATCCTCAGCT-1","TH1","C20","C2","C3","C3","C13","C4"
"TH1#CCTTTAGTCCCTGATC-1","TH1","C20","C1","C2","C7","C6","C17"
"TH1#AGCGGACCATAGCAGG-1","TH1","C20","C1","C2","C2","C6","C17"
"TH1#TAGTGTGGTCTAACAG-1","TH1","C20","C2","C1","C1","C12","C4"
"TH1#AGTTACATCAGCCAAT-1","TH1","C20","C3","C4","C4","C10","C9"
"TH1#GCTGAGGAGCATGTCG-1","TH1","C20","C3","C4","C4","C10","C9"
"TH1#AGGTTACTCCGCAAGC-1","TH1","C20","C1","C2","C2","C5","C7"
"TH1#ACTTACTTCCTAAATG-1","TH1","C20","C5","C9","C7","C3","C12"
"TH1#GACTTAGGTAGCTGCG-1","TH1","C20","C3","C4","C4","C10","C9"
"TH1#CGCATATAGTAAACCC-1","TH1","C20","C2","C3","C3","C13","C5"
"TH1#GTTGTGAGTCCTTCAG-1","TH1","C20","C5","C9","C7","C3","C12"
"TH1#CCGCTAGCAACAGCCT-1","TH1","C20","C1","C1","C1","C12","C6"
"TH1#GTAGGATCACAATGCC-1","TH1","C20","C6","C10","C8","C4","C13"
"TH1#ATGTTGTCATTAAGTC-1","TH1","C20","C1","C2","C2","C5","C7"
"TH1#CTTGTTCCAGTCTAGC-1","TH1","C20","C1","C1","C1","C5","C6"
"TH1#TGGCCTGCAAATGCCC-1","TH1","C20","C4","C8","C10","C7","C15"
"TH1#GATTGCGTCCTAAGGT-1","TH1","C20","C1","C2","C2","C5","C7"
"TH1#ACTCGCGCAGCCTGCA-1","TH1","C20","C1","C2","C2","C6","C17"
"TH1#TTTGTCCCAACAGGAT-1","TH1","C20","C3","C4","C4","C10","C9"
"TH1#CTTATGTTCATGCGTG-1","TH1","C20","C1","C2","C2","C6","C7"
"TH1#AAGCGCTGTGAGGTGA-1","TH1","C20","C3","C4","C10","C7","C15"
"TH1#TGCAATATCATTGCAA-1","TH1","C20","C4","C8","C11","C8","C16"
"TH1#TACTGCACATAAAGCA-1","TH1","C20","C2","C3","C3","C13","C3"
"TH1#CGAAGGCCAGCTTACA-1","TH1","C20","C6","C7","C6","C2","C11"
"TH1#ACAGGTAAGTAGCGGG-1","TH1","C20","C3","C5","C5","C9","C10"
"TH1#AACCCGCAGGAGGCAT-1","TH1","C20","C6","C7","C6","C2","C11"
"TH1#AACCCGCAGGCCTAAT-1","TH1","C20","C2","C3","C3","C13","C5"
"TH1#AACTCACAGTGTTGCG-1","TH1","C20","C3","C5","C5","C14","C3"
"TH1#GAGCTAGCATCGCTTT-1","TH1","C20","C3","C5","C5","C9","C10"
"TH1#GGGTTTGTCCTCATCA-1","TH1","C20","C1","C1","C1","C12","C6"
"TH1#AGTAACACAGGCATCT-1","TH1","C20","C3","C5","C5","C9","C10"
"TH1#GGATTATGTAGGTTTG-1","TH1","C20","C3","C4","C4","C10","C9"
"TH1#CAGCCAATCTCCTCTT-1","TH1","C20","C4","C8","C10","C7","C15"
"TH1#ACTATGTCAAATGCCC-1","TH1","C20","C4","C8","C11","C8","C16"
"TH1#AATCCTAAGTAAACCC-1","TH1","C20","C3","C4","C4","C10","C15"
"TH1#CCAGCCTGTATTCGCT-1","TH1","C20","C6","C10","C8","C4","C13"
"TH1#CTTCACTCAGTTGCGT-1","TH1","C20","C3","C4","C4","C11","C2"
"TH1#GTCCATTGTGTTTGTC-1","TH1","C20","C1","C1","C1","C12","C6"
"TH1#TCAAACCAGCTAATCA-1","TH1","C20","C6","C10","C8","C2","C11"
"TH1#GAGTCATTCTCATCAT-1","TH1","C20","C3","C5","C5","C14","C3"
"TH1#TTGCAAGGTTTAAAGC-1","TH1","C20","C3","C4","C4","C11","C2"
"TH1#CGCTTAACAGCTCATA-1","TH1","C20","C6","C10","C8","C2","C11"
"TH1#CAAACCGTCAATGACC-1","TH1","C20","C3","C5","C5","C14","C3"
"TH1#GTACTGGTCTTTGACT-1","TH1","C20","C4","C8","C10","C7","C15"
"TH1#GGCATGGAGAACCTAC-1","TH1","C20","C3","C4","C4","C10","C14"
"TH1#GAACCAAAGCTTATGA-1","TH1","C20","C6","C7","C6","C2","C11"
"TH1#TAGCATATCGTCAAGT-1","TH1","C20","C6","C10","C8","C4","C13"
"TH1#TATATCCTCTGTAAGC-1","TH1","C20","C2","C3","C3","C13","C5"
"TH1#GACATAGAGTGTGATC-1","TH1","C20","C5","C9","C7","C3","C12"
"TH1#ACACCTTGTAATAGCT-1","TH1","C20","C1","C2","C2","C6","C17"
"TH1#GCTAAGCGTTTAACCC-1","TH1","C20","C4","C8","C11","C8","C16"
"TH1#CAGGTGGAGAGGAGTC-1","TH1","C20","C5","C9","C7","C3","C12"
"TH1#CAAGTAACACTAAGCC-1","TH1","C20","C5","C9","C7","C3","C12"
"TH1#CCCGCAACAGCGCTTG-1","TH1","C20","C4","C6","C9","C1","C14"
"TH1#AGGTATTGTTCCTGTG-1","TH1","C20","C3","C4","C4","C11","C2"
"TH1#CTTGCGCGTTTCAGGA-1","TH1","C20","C1","C2","C2","C6","C17"
"TH1#CCAGCTAAGGTCCTAG-1","TH1","C20","C1","C1","C1","C9","C10"
"TH1#CAATGTCAGATGCCTG-1","TH1","C20","C1","C1","C1","C12","C6"
"TH1#TAGTAACGTTTCGCGC-1","TH1","C20","C3","C4","C4","C10","C9"
"TH1#GGCTAGTGTAGACAAA-1","TH1","C20","C1","C2","C2","C6","C17"
"TH1#GTTACTAAGGTCCTAG-1","TH1","C20","C2","C1","C1","C12","C4"
"TH1#CATTCCTCATTGCAGC-1","TH1","C20","C3","C4","C4","C10","C9"
"TH1#GGAACCACATGAGTTT-1","TH1","C20","C4","C8","C11","C8","C16"
"TH1#GGAGGTTAGCAAACCT-1","TH1","C20","C2","C3","C3","C13","C5"
"TH1#CTCCGTCCACCTCAGG-1","TH1","C20","C3","C5","C5","C14","C3"
"TH1#CAGCTATAGCATGCAT-1","TH1","C20","C2","C3","C3","C11","C1"
"TH1#GCGTTTCTCATGCATA-1","TH1","C20","C4","C8","C11","C8","C16"
"TH1#GCGCAAACAAACTAAG-1","TH1","C20","C6","C10","C8","C4","C13"
"TH1#GCTCTGTTCCCTGGAA-1","TH1","C20","C5","C9","C7","C3","C12"
"TH1#GGACTAAAGCATGTCG-1","TH1","C20","C3","C4","C4","C10","C9"
"TH1#GGGATTAAGGCCTAAT-1","TH1","C20","C2","C3","C3","C14","C3"
"TH1#TCGTTAGCAGCTCATA-1","TH1","C20","C4","C8","C11","C8","C16"
"TH1#GTAGTTTCAGCATGGA-1","TH1","C20","C4","C8","C10","C7","C15"
"TH1#ATCGAGGCAAACATAG-1","TH1","C20","C2","C3","C3","C14","C3"
"TH1#TTGCAAGGTGGTTCTT-1","TH1","C20","C1","C1","C1","C12","C6"
"TH1#CGCACACAGGCGAATA-1","TH1","C20","C2","C3","C3","C13","C5"
"TH1#CGTTGCAAGTTGGCCA-1","TH1","C20","C6","C10","C8","C4","C13"
"TH1#GCTGAGGAGCGGGCAA-1","TH1","C20","C6","C10","C8","C4","C13"
"TH1#AACCTTGCAATAGCCC-1","TH1","C20","C6","C7","C6","C2","C11"
"TH1#TGCTTGCTCGGTTTCC-1","TH1","C20","C1","C2","C2","C6","C17"
"TH1#GCTGTGCAGTCCTGAG-1","TH1","C20","C1","C1","C1","C12","C6"
"TH1#TGGACCGGTTGGTTAG-1","TH1","C20","C6","C10","C8","C4","C13"
"TH1#CGTTATTTCGGGACTC-1","TH1","C20","C6","C10","C8","C4","C13"
"TH1#TGCATGAGTGAGACTC-1","TH1","C20","C6","C10","C8","C4","C13"
"TH1#AGCTACTAGGATAAAC-1","TH1","C20","C2","C3","C3","C13","C5"
"TH1#GTCCGTAAGTTTCCTG-1","TH1","C20","C1","C2","C2","C6","C17"
"TH1#CGTAACTAGTAACGGA-1","TH1","C20","C1","C2","C2","C6","C8"
"TH1#TGTATCGCAAGTAAGC-1","TH1","C20","C6","C7","C6","C2","C11"
"TH1#TGTCCTTCATTATGAC-1","TH1","C20","C1","C2","C2","C6","C17"
"TH1#ACTTACAAGCTGGACC-1","TH1","C20","C1","C5","C1","C9","C8"
"TH1#GGGAGTAGTTAGACCA-1","TH1","C20","C4","C8","C11","C8","C16"
"TH1#CTGGTCAAGGTTTGCG-1","TH1","C20","C1","C1","C1","C12","C6"
"TH1#AAGGTCAAGCATGCAT-1","TH1","C20","C4","C8","C11","C8","C16"
"TH1#GCTGGTTCATCCATCT-1","TH1","C20","C3","C4","C4","C10","C9"
"TH1#GGGCAATAGTAAGTCC-1","TH1","C20","C5","C9","C7","C3","C12"
"TH1#CGCAAATTCCTTAGGG-1","TH1","C20","C2","C3","C3","C14","C3"
"TH1#GAGCAAATCCGTAAAC-1","TH1","C20","C2","C3","C3","C13","C4"
"TH1#CACTAGCCACCCACCT-1","TH1","C20","C3","C4","C4","C10","C9"
"TH1#CCATAATCAGAATGAC-1","TH1","C20","C4","C8","C11","C8","C16"
"TH1#ATGTGAGAGCTAAAGG-1","TH1","C20","C3","C4","C4","C10","C9"
"TH1#TTACACCGTGGATTCA-1","TH1","C20","C3","C4","C4","C10","C9"
"TH1#AGTGATGAGTAGAGGC-1","TH1","C20","C6","C10","C8","C4","C13"
"TH1#TTGTCAAAGAGCCGCT-1","TH1","C20","C3","C4","C4","C10","C9"
"TH1#TCATGCCTCAAGTGAG-1","TH1","C20","C1","C1","C1","C12","C6"
"TH1#GACATAGAGCTCAATA-1","TH1","C20","C1","C1","C1","C12","C6"
"TH1#GCATGAAAGCTCAATA-1","TH1","C20","C4","C6","C9","C1","C14"
"TH1#ATTATCCTCCTTGCAC-1","TH1","C20","C1","C2","C2","C5","C7"
"TH1#CCGGTAGGTTTAACCC-1","TH1","C20","C3","C4","C4","C10","C9"
"TH1#TTTATGGAGTAAGTCC-1","TH1","C20","C4","C8","C10","C7","C15"
"TH1#GCTTTACGTTGTTCAC-1","TH1","C20","C1","C1","C1","C12","C6"
"TH1#GGTCAGGAGAAACTGG-1","TH1","C20","C1","C2","C2","C5","C8"
"TH1#TCAAACCAGCCTGGTA-1","TH1","C20","C4","C8","C10","C7","C15"
"TH1#TTAGTCAAGACTCGCA-1","TH1","C20","C6","C10","C8","C4","C13"
"TH1#CAATAGCTCGGCCATA-1","TH1","C20","C3","C5","C5","C14","C3"
"TH1#TATGGATGTGTTAAAC-1","TH1","C20","C3","C4","C4","C10","C3"
"TH1#GGCTAGACAAACTAAG-1","TH1","C20","C3","C4","C4","C11","C2"
"TH1#CCTGAATAGCTGTAAC-1","TH1","C20","C1","C2","C2","C5","C8"
"TH1#GTTTGTCGTTAGTACG-1","TH1","C20","C6","C10","C8","C4","C13"
"TH1#CTAAAGCTCGAAGTAG-1","TH1","C20","C1","C2","C2","C5","C7"
"TH1#TGCAATATCTCCATAT-1","TH1","C20","C1","C2","C2","C5","C7"
"TH1#GCAAGTGCACAATTAC-1","TH1","C20","C3","C4","C4","C10","C9"
"TH1#CGATTCCTCTAACCAA-1","TH1","C20","C5","C9","C7","C3","C12"
"TH1#GTCAATATCCTTGCAC-1","TH1","C20","C1","C2","C7","C6","C17"
"TH1#GTCGGTTCAACCTAAT-1","TH1","C20","C3","C5","C5","C14","C3"
"TH1#TCCTTTACACCAGCAT-1","TH1","C20","C2","C3","C3","C13","C5"
"TH1#GTCCTAGAGCCTAACG-1","TH1","C20","C6","C10","C8","C4","C13"
"TH1#GAAGGATGTGATGAGG-1","TH1","C20","C1","C2","C2","C5","C8"
"TH1#AATGTCCAGGGCTTAT-1","TH1","C20","C5","C9","C7","C3","C12"
"TH1#GTTAGACTCTCACATT-1","TH1","C20","C1","C1","C1","C12","C6"
"TH1#CACGCAATCAAGGACA-1","TH1","C20","C1","C2","C2","C5","C7"
"TH1#CAACAATGTTATAGCG-1","TH1","C20","C6","C10","C8","C4","C13"
"TH1#TGAGCTTAGCAGCTCA-1","TH1","C20","C1","C2","C2","C5","C7"
"TH1#CGGTTATAGTCACGAT-1","TH1","C20","C4","C8","C11","C6","C17"
"TH1#TTAGTCAAGGGACCTC-1","TH1","C20","C3","C4","C4","C11","C2"
"TH1#ATGGCCGGTGCATTTC-1","TH1","C20","C4","C8","C10","C7","C15"
"TH1#CCGTTTGGTAGCAGCT-1","TH1","C20","C1","C1","C1","C12","C6"
"TH1#ACACGGACAGGCGATA-1","TH1","C20","C3","C5","C5","C9","C10"
"TH1#AGCTTTAAGTCATCCC-1","TH1","C20","C4","C8","C11","C8","C16"
"TH1#ACTCAGTAGTACCGCA-1","TH1","C20","C6","C10","C8","C4","C13"
"TH1#GCAGGCAAGGTCAAAG-1","TH1","C20","C3","C4","C4","C10","C9"
"TH1#GATTTGCAGTTAGCTA-1","TH1","C20","C6","C10","C8","C4","C13"
"TH1#TTTAGCAAGGGACCTC-1","TH1","C20","C2","C3","C3","C13","C5"
"TH1#GCTAGCGGTGCACGCA-1","TH1","C20","C3","C4","C4","C10","C9"
"TH1#CTCATCATCAATGACC-1","TH1","C20","C1","C2","C2","C5","C7"
"TH1#AGTAAGTAGCCTGTTC-1","TH1","C20","C1","C1","C1","C12","C6"
"TH1#TCTCGCCCACAAACTT-1","TH1","C20","C3","C4","C4","C10","C9"
"TH1#ATGTTGTCAGTTTGGC-1","TH1","C20","C4","C8","C11","C8","C16"
"TH1#CAGGATGCATAAGTCT-1","TH1","C20","C1","C2","C2","C6","C17"
"TH1#CCAATATCATTTAAGC-1","TH1","C20","C5","C9","C7","C3","C12"
"TH1#AGGTTAGAGCATGCAT-1","TH1","C20","C4","C8","C11","C8","C16"
"TH1#CTCCTGAGTGAATCGC-1","TH1","C20","C5","C9","C7","C3","C12"
"TH1#CGCGATTCAGCAGGTA-1","TH1","C20","C4","C8","C11","C6","C17"
"TH1#AGTCCTGAGTTACCGG-1","TH1","C20","C1","C1","C1","C12","C6"
"TH1#GCTAGCGGTTCGCGCT-1","TH1","C20","C1","C1","C1","C12","C6"
"TH1#GCTGGTTCAGGCCATT-1","TH1","C20","C1","C2","C2","C6","C17"
"TH1#GATAATCGTGCTTTAC-1","TH1","C20","C2","C3","C3","C13","C5"
"TH1#AATCTCAAGGACCTCA-1","TH1","C20","C5","C9","C7","C3","C12"
"TH1#TGATCAGGTTATAGCG-1","TH1","C20","C1","C1","C1","C5","C6"
"TH1#GTCATGCCAAAGCTCC-1","TH1","C20","C4","C8","C11","C8","C16"
"TH1#AGTCCTTGTCAATACG-1","TH1","C20","C4","C6","C9","C1","C14"
"TH1#AACTAGCTCAGTGAAG-1","TH1","C20","C3","C4","C4","C10","C9"
"TH1#TGGCTATAGCATTATG-1","TH1","C20","C1","C2","C9","C1","C14"
"TH1#ACCAAGCGTTGAAGCC-1","TH1","C20","C6","C10","C8","C4","C13"
"TH1#CCTTCAGGTAGCCATA-1","TH1","C20","C6","C10","C8","C4","C13"
"TH1#AGACTATGTAATCGCA-1","TH1","C20","C1","C2","C2","C5","C8"
"TH1#CCAGGAACACAAAGAC-1","TH1","C20","C6","C7","C6","C2","C11"
"TH1#TTTCAGTTCCTAGTCC-1","TH1","C20","C1","C2","C2","C5","C8"
"TH1#TACTTGTTCACAGACT-1","TH1","C20","C3","C4","C4","C10","C9"
"TH1#CCCTCACCAGTCTAAT-1","TH1","C20","C5","C9","C7","C3","C12"
"TH1#CCCGCTTCAGTAAGTA-1","TH1","C20","C1","C2","C2","C6","C17"
"TH1#GTTGGCCAGGTGCTGC-1","TH1","C20","C3","C4","C4","C10","C9"
"TH1#AAAGGACGTGGAAACG-1","TH1","C20","C2","C3","C3","C13","C5"
"TH1#AAAGGACGTTAAGCCA-1","TH1","C20","C6","C10","C8","C4","C13"
"TH1#CATAGCTAGTTAGCTA-1","TH1","C20","C4","C8","C11","C8","C16"
"TH1#CCGCTTAGTGATGAAA-1","TH1","C20","C4","C6","C9","C1","C14"
"TH1#AAGAATCAGTAGCGGG-1","TH1","C20","C3","C5","C5","C14","C3"
"TH1#TGAGGGCCACAGACTC-1","TH1","C20","C6","C10","C8","C4","C13"
"TH1#GGCGGTAAGGCGGATG-1","TH1","C20","C4","C8","C11","C8","C16"
"TH1#GGTAAACCACCAGGTT-1","TH1","C20","C3","C4","C4","C10","C9"
"TH1#ACACTAATCTTGGACG-1","TH1","C20","C4","C8","C11","C8","C16"
"TH1#CGTCATTGTATTCGCT-1","TH1","C20","C3","C4","C4","C10","C9"
"TH1#GGGCGAATCCATAATG-1","TH1","C20","C6","C10","C8","C4","C13"
"TH1#TTGCTTTAGGCGAATA-1","TH1","C20","C4","C8","C11","C8","C16"
"TH1#GCAATGAAGACAACAG-1","TH1","C20","C2","C3","C3","C13","C5"
"TH1#TCATTGCGTGGAAGGC-1","TH1","C20","C3","C4","C4","C10","C9"
"TH1#GGCTTCAAGACAAAGT-1","TH1","C20","C5","C9","C7","C3","C12"
"TH1#CATATCGCAGAAATGC-1","TH1","C20","C5","C9","C7","C3","C12"
"TH1#AGTGCGGAGGGCTTAT-1","TH1","C20","C3","C5","C5","C9","C10"
"TH1#AGCTAGTTCCCGAAGC-1","TH1","C20","C4","C8","C11","C8","C16"
"TH1#TCCTTTACAAGGTCCT-1","TH1","C20","C1","C4","C4","C10","C8"
"TH1#GGTGAGCCACATAGCC-1","TH1","C20","C3","C4","C4","C10","C9"
"TH1#CTCGACAAGTTAGACC-1","TH1","C20","C5","C9","C7","C3","C12"
"TH1#GGTCATTAGAAGCTAG-1","TH1","C20","C4","C8","C11","C8","C16"
"TH1#CGCTAACCAGGACCTT-1","TH1","C20","C4","C8","C11","C8","C16"
"TH1#ACCCAGGGTCACAGAC-1","TH1","C20","C1","C2","C2","C5","C7"
"TH1#GAACCAGCACTAAATC-1","TH1","C20","C2","C3","C3","C13","C1"
"TH1#TCTAGCGAGCTGTACG-1","TH1","C20","C4","C8","C11","C6","C17"
"TH1#GGGCATTGTTATAGCG-1","TH1","C20","C3","C5","C5","C14","C3"
"TH1#AAACCGGCATATTGAC-1","TH1","C20","C4","C8","C11","C8","C15"
"TH1#TTTCCGGGTAAACAAG-1","TH1","C20","C2","C3","C3","C14","C3"
"TH1#GGATTATGTGTTGTGA-1","TH1","C20","C6","C10","C8","C4","C13"
"TH1#GCAGGCAAGTTAGAGG-1","TH1","C20","C5","C9","C7","C5","C7"
"TH1#ACCAAGTTCAGGAACA-1","TH1","C20","C6","C7","C6","C2","C11"
"TH1#GTACTGGTCAACCAAC-1","TH1","C20","C2","C3","C3","C11","C1"
"TH1#GTTCTTGTCTTGAGCG-1","TH1","C20","C4","C8","C11","C8","C16"
"TH1#CAATCCTGTGGTTAGC-1","TH1","C20","C3","C4","C4","C10","C9"
"TH1#GTGCTTACATAGCAGG-1","TH1","C20","C6","C10","C8","C4","C13"
"TH1#AGGTTTATCGGGCCAT-1","TH1","C20","C5","C9","C7","C3","C12"
"TH1#CAGCATGTCAATCATG-1","TH1","C20","C3","C4","C4","C10","C9"
"TH1#CATTGCGAGTTAGCTA-1","TH1","C20","C3","C4","C4","C10","C9"
"TH1#GCTTGACCAGTTTACG-1","TH1","C20","C4","C8","C11","C8","C16"
"TH1#AGCGGATAGAAGGTGC-1","TH1","C20","C3","C5","C5","C14","C3"
"TH1#GGAACGGTCGTTATCT-1","TH1","C20","C3","C4","C4","C10","C9"
"TH1#TATAACCCAGCATGGA-1","TH1","C20","C2","C3","C3","C13","C4"
"TH1#CATAGCTAGTTGTCTT-1","TH1","C20","C1","C1","C1","C12","C6"
"TH1#TGAAACTGTGGTTAGC-1","TH1","C20","C2","C3","C3","C14","C3"
"TH1#AATCAGGAGTAAGTGG-1","TH1","C20","C3","C4","C4","C10","C9"
"TH1#AAAGCACCATCATGGC-1","TH1","C20","C6","C10","C8","C4","C13"
"TH1#CGTACGGGTTAGCCAA-1","TH1","C20","C4","C6","C9","C1","C14"
"TH1#TTGGCTACAAGGTGCA-1","TH1","C20","C4","C8","C11","C6","C17"
"TH1#GCCACAATCATCACTT-1","TH1","C20","C2","C3","C3","C13","C5"
"TH1#AATTGGGAGCACGATT-1","TH1","C20","C2","C3","C3","C13","C5"
"TH1#ACAGCCGGTGACCTGG-1","TH1","C20","C1","C2","C2","C6","C17"
"TH1#ATCCATAAGGTGTCCA-1","TH1","C20","C3","C4","C4","C10","C9"
"TH1#TGAGTGAAGTTAACCA-1","TH1","C20","C2","C3","C3","C13","C5"
"TH1#TTGCAATCACTGGCCA-1","TH1","C20","C3","C4","C4","C10","C3"
"TH1#CGTAATGGTTAGACCA-1","TH1","C20","C6","C10","C8","C4","C13"
"TH1#GCTGTGATCGGTACGC-1","TH1","C20","C3","C5","C5","C9","C10"
"TH1#CAATCCCTCGTAATCA-1","TH1","C20","C6","C10","C8","C4","C13"
"TH1#GCACTAAGTGGAGCAA-1","TH1","C20","C4","C8","C10","C7","C15"
"TH1#GGCTCACAGGCTGGCT-1","TH1","C20","C1","C2","C2","C6","C17"
"TH1#CTGCTACTCAAGTGTC-1","TH1","C20","C1","C2","C2","C6","C17"
"TH1#CGGGTCTAGCCTGGTA-1","TH1","C20","C3","C5","C5","C9","C10"
"TH1#CGAGGTGAGCCGCAGT-1","TH1","C20","C6","C10","C8","C4","C13"
"TH1#AACCTCACACTTGTTC-1","TH1","C20","C6","C10","C8","C4","C13"
"TH1#TCCATATTCCAGGTCA-1","TH1","C20","C4","C8","C11","C8","C16"
"TH1#GATGCATTCCTGGTGA-1","TH1","C20","C1","C2","C2","C5","C7"
"TH1#AATTTGCCAACACCTA-1","TH1","C20","C1","C2","C1","C5","C7"
"TH1#GGTGAGCCACTCAACA-1","TH1","C20","C3","C4","C4","C10","C9"
"TH1#GTCTTTAGTACGCGCA-1","TH1","C20","C3","C4","C4","C10","C9"
"TH1#GTTGTGAGTTAATGAC-1","TH1","C20","C2","C3","C3","C13","C5"
"TH1#GTCGCAATCCTAGTTT-1","TH1","C20","C3","C5","C5","C9","C10"
"TH1#ACTTTGTTCCCTGGAA-1","TH1","C20","C3","C4","C5","C14","C3"
"TH1#TACTGACAGGGCTTTG-1","TH1","C20","C1","C1","C1","C12","C6"
"TH1#GGTACTAGTAAGGTCC-1","TH1","C20","C6","C7","C6","C2","C11"
"TH1#AGGTATTGTCATTACC-1","TH1","C20","C6","C10","C8","C4","C13"
"TH1#TGTCATAAGTAACAGG-1","TH1","C20","C3","C5","C5","C9","C10"
"TH1#GGTAACCGTGGATTAT-1","TH1","C20","C3","C4","C4","C10","C9"
"TH1#ACATCAATCACTAAGC-1","TH1","C20","C5","C9","C7","C3","C12"
"TH1#GGCAAATCATCAGCAC-1","TH1","C20","C6","C10","C8","C4","C13"
"TH1#CTTCAATTCGAGCAAA-1","TH1","C20","C2","C3","C3","C13","C5"
"TH1#CTTAACAAGAAGGTGC-1","TH1","C20","C4","C8","C11","C8","C15"
"TH1#CTTCTAAGTTGTGATG-1","TH1","C20","C1","C1","C1","C12","C6"
"TH1#CACAGGGAGGACCTTG-1","TH1","C20","C1","C2","C2","C5","C7"
"TH1#GCTTAGTAGCACAGAA-1","TH1","C20","C6","C10","C8","C4","C13"
"TH1#TGCAATATCGCTATGG-1","TH1","C20","C1","C1","C1","C12","C6"
"TH1#GGCTGTCAGTTAGTTG-1","TH1","C20","C3","C4","C4","C10","C9"
"TH1#CCTCAGTTCTAACCAA-1","TH1","C20","C4","C8","C11","C8","C16"
"TH1#CAGCCTAAGGGTTAGA-1","TH1","C20","C3","C5","C5","C9","C10"
"TH1#GTTAATGTCGTTACAA-1","TH1","C20","C1","C2","C2","C5","C8"
"TH1#GTGTTCCTCTAACTGA-1","TH1","C20","C6","C7","C6","C2","C11"
"TH1#GCGGTTATCGAGGTGG-1","TH1","C20","C5","C9","C7","C3","C12"
"TH1#TGTAATGTCAGCTAAC-1","TH1","C20","C2","C3","C5","C14","C3"
"TH1#ACTAATCCAGGCTTGT-1","TH1","C20","C2","C3","C3","C13","C5"
"TH1#GTCTCACTCCTCATCA-1","TH1","C20","C6","C10","C8","C4","C13"
"TH1#ATTAGGTGTAGTTGGC-1","TH1","C20","C6","C10","C8","C4","C13"
"TH1#GTGCATTAGAATCTCA-1","TH1","C20","C3","C5","C5","C14","C3"
"TH1#TTCGCAACATACTCCT-1","TH1","C20","C2","C3","C3","C9","C4"
"TH1#GCTTAAATCTAAGGTC-1","TH1","C20","C1","C2","C2","C5","C7"
"TH1#CCTTCGGTCCCGAAGC-1","TH1","C20","C1","C2","C2","C5","C7"
"TH1#TCAAGAACAGGAACTG-1","TH1","C20","C5","C9","C7","C3","C12"
"TH1#GGTAAGGGTGACATAT-1","TH1","C20","C3","C4","C4","C10","C9"
"TH1#AATTCGTCATGTTGTG-1","TH1","C20","C5","C9","C7","C3","C12"
"TH1#ATACCGGTCGCCTAAG-1","TH1","C20","C3","C4","C4","C10","C9"
"TH1#CCTGACTTCACCGGTA-1","TH1","C20","C3","C4","C4","C10","C9"
"TH1#AGGTGAATCCTAATAG-1","TH1","C20","C3","C5","C5","C14","C3"
"TH1#CTCCTAATCACAAGCT-1","TH1","C20","C5","C9","C7","C3","C12"
"TH1#TATGTGATCTGGCATG-1","TH1","C20","C2","C3","C3","C13","C5"
"TH1#GAGCGAAGTCCCGAAG-1","TH1","C20","C5","C9","C7","C3","C12"
"TH1#ACTTGCACATAGGCGA-1","TH1","C20","C6","C10","C8","C4","C13"
"TH1#TAATCACCACCTGTAA-1","TH1","C20","C3","C4","C4","C10","C9"
"TH1#AGGATGTCAAGTTATC-1","TH1","C20","C4","C8","C11","C8","C15"
"TH1#CTACAACAGAGAGGAG-1","TH1","C20","C1","C2","C2","C5","C7"
"TH1#CGAGCGAAGACTATTG-1","TH1","C20","C1","C2","C2","C5","C8"
"TH1#TCTAGCACAGCACCAT-1","TH1","C20","C3","C4","C4","C10","C9"
"TH1#AGGTTGCGTTGCAATG-1","TH1","C20","C4","C8","C11","C8","C16"
"TH1#TATCACGCAATTAGGA-1","TH1","C20","C3","C4","C4","C10","C9"
"TH1#TGGCGGTTCGAGGAGT-1","TH1","C20","C6","C10","C8","C4","C13"
"TH1#GGCCTTAAGGTCTTGG-1","TH1","C20","C4","C8","C11","C8","C16"
"TH1#GGTTATATCATGACCG-1","TH1","C20","C6","C10","C8","C4","C13"
"TH1#AGAATCTGTGAAGCCT-1","TH1","C20","C2","C3","C3","C13","C5"
"TH1#CAGCCAATCCTAAGAC-1","TH1","C20","C4","C8","C8","C4","C15"
"TH1#GCATTGCCACCTCAGG-1","TH1","C20","C4","C8","C11","C8","C16"
"TH1#ATGTCATCACGCAACT-1","TH1","C20","C5","C9","C7","C3","C12"
"TH1#TTACACCGTTCCAGGG-1","TH1","C20","C4","C8","C11","C8","C16"
"TH1#TGTTACTTCGGTTCCT-1","TH1","C20","C1","C2","C2","C5","C8"
"TH1#GCTTAACAGAGAGCCG-1","TH1","C20","C3","C4","C4","C10","C9"
"TH1#TTAAGGTGTGATGAAA-1","TH1","C20","C4","C8","C11","C6","C17"
"TH1#GTGCTTACACCACAAC-1","TH1","C20","C3","C4","C4","C10","C9"
"TH1#GTTCCCAGTGAACAAA-1","TH1","C20","C3","C4","C4","C10","C9"
"TH1#GGGTCAACATGGCCTG-1","TH1","C20","C3","C4","C4","C10","C9"
"TH1#GGCCTCTGTCCTCCAA-1","TH1","C20","C1","C2","C2","C6","C17"
"TH1#TCAAGTATCGAGGTGG-1","TH1","C20","C3","C5","C5","C9","C10"
"TH1#GCAATCTAGCTCATAA-1","TH1","C20","C3","C4","C4","C10","C9"
"TH1#GATTCATCAATATACC-1","TH1","C20","C5","C9","C7","C3","C12"
"TH1#GGCTCACAGCCTGATG-1","TH1","C20","C3","C4","C4","C10","C15"
"TH1#TTGCAAGGTAATGACT-1","TH1","C20","C2","C3","C3","C13","C5"
"TH1#AGTAACACATGGCCTG-1","TH1","C20","C6","C10","C8","C4","C13"
"TH1#GTTACCTGTGAGCAAG-1","TH1","C20","C1","C2","C2","C5","C8"
"TH1#ATGAAGTAGGTAACGA-1","TH1","C20","C5","C9","C7","C3","C12"
"TH1#GTGCTCCGTATTGTGG-1","TH1","C20","C4","C8","C10","C7","C15"
"TH1#CAAAGGATCCTAGTTT-1","TH1","C20","C5","C7","C6","C2","C11"
"TH1#TTATCCGTCCCTCATA-1","TH1","C20","C6","C7","C6","C2","C11"
"TH1#TCAAGGTTCCAAGTGT-1","TH1","C20","C3","C5","C5","C10","C9"
"TH1#AGTAATGCAAGTAAGC-1","TH1","C20","C4","C6","C9","C1","C14"
"TH1#CGCTACTTCTTTGAGA-1","TH1","C20","C2","C3","C5","C14","C3"
"TH1#TGGCCATCAGAAATTG-1","TH1","C20","C5","C9","C7","C3","C12"
"TH1#GTAGTTATCGCTAGAT-1","TH1","C20","C4","C8","C11","C8","C16"
"TH1#TGAGCAAAGGATTGAG-1","TH1","C20","C6","C7","C6","C2","C11"
"TH1#ACTCACCTCCGCACAA-1","TH1","C20","C6","C10","C8","C4","C13"
"TH1#GGTTGCTCATCAGCAC-1","TH1","C20","C5","C9","C7","C3","C12"
"TH1#CCCTCACCAGTAATAG-1","TH1","C20","C6","C10","C8","C4","C13"
"TH1#GCCTTAGAGTGGCGGA-1","TH1","C20","C4","C8","C11","C8","C16"
"TH1#ATGCGATTCGCAAACT-1","TH1","C20","C6","C10","C8","C4","C13"
"TH1#GCGGTTGGTATACTGG-1","TH1","C20","C1","C2","C2","C6","C17"
"TH1#CTCCTGAGTGCATCGG-1","TH1","C20","C1","C2","C2","C5","C7"
"TH1#CGCAATAGTGTTTGCT-1","TH1","C20","C6","C10","C8","C4","C13"
"TH1#GAACACAAGGAAGTAT-1","TH1","C20","C5","C9","C7","C3","C12"
"TH1#ATGATGGAGTTATGGC-1","TH1","C20","C4","C8","C11","C8","C16"
"TH1#CCTGGATCAAAGCGCA-1","TH1","C20","C4","C8","C10","C6","C17"
"TH1#CTGTAACAGCATGGTT-1","TH1","C20","C4","C8","C11","C8","C16"
"TH1#CACAGGGAGACAAACG-1","TH1","C20","C1","C1","C1","C12","C6"
"TH1#CGAATCTAGGCTGGCT-1","TH1","C20","C3","C5","C5","C10","C3"
"TH1#CAAGCTAGTGCCTCAC-1","TH1","C20","C3","C4","C4","C10","C9"
"TH1#ATACCTGCACTATGGC-1","TH1","C20","C6","C7","C6","C2","C11"
"TH1#TTTGTTGGTTAGGACC-1","TH1","C20","C4","C8","C11","C8","C16"
"TH1#CTAAAGCTCCTAGTAA-1","TH1","C20","C6","C10","C8","C4","C13"
"TH1#GCTGTACCAATAATCC-1","TH1","C20","C1","C2","C2","C5","C8"
"TH1#GGTCAAGCAATTGAGA-1","TH1","C20","C2","C5","C5","C9","C1"
"TH1#TGCCGGTAGCACTAAC-1","TH1","C20","C5","C9","C7","C3","C12"
"TH1#ACGTACCCAGGAATCG-1","TH1","C20","C4","C8","C11","C8","C16"
"TH1#GTTCACCTCATTACGA-1","TH1","C20","C1","C2","C2","C6","C17"
"TH1#ATTACTGAGGCTATGT-1","TH1","C20","C3","C5","C5","C9","C10"
"TH1#CTGAAACTCATTGCGG-1","TH1","C20","C2","C3","C3","C13","C5"
"TH1#AGAAACCCACCGGCTA-1","TH1","C20","C4","C8","C10","C7","C15"
"TH1#GGCTGTCAGTTAGTGC-1","TH1","C20","C6","C10","C8","C4","C13"
"TH1#GGCTAGACAGGTTATT-1","TH1","C20","C1","C2","C2","C5","C8"
"TH1#GTAAGCAAGTTGCGTG-1","TH1","C20","C1","C2","C2","C6","C17"
"TH1#ATGGCTGTCCTGAGTG-1","TH1","C20","C1","C1","C1","C12","C6"
"TH1#TGAGGCACACTTCATC-1","TH1","C20","C1","C2","C7","C6","C17"
"TH1#TCCATCATCAACCAAC-1","TH1","C20","C4","C8","C11","C8","C16"
"TH1#CTATTGAAGGGCTTAT-1","TH1","C20","C5","C9","C7","C3","C12"
"TH1#TCTTGTCCATTTGCTC-1","TH1","C20","C4","C8","C11","C8","C16"
"TH1#ACCCGGTAGGAACGGT-1","TH1","C20","C6","C10","C8","C4","C13"
"TH1#AATCATCCACTAAGTT-1","TH1","C20","C3","C4","C4","C10","C9"
"TH1#CGCCAAATCTCACTCA-1","TH1","C20","C1","C2","C2","C6","C17"
"TH1#TCCAGCAAGTTGGATC-1","TH1","C20","C5","C9","C7","C3","C12"
"TH1#TATAGCTCAAGACTCC-1","TH1","C20","C5","C9","C7","C3","C12"
"TH1#GACATAGAGGCATGTT-1","TH1","C20","C3","C5","C5","C14","C3"
"TH1#TCGTGCTTCGGTACGC-1","TH1","C20","C1","C2","C2","C6","C7"
"TH1#GATGCGACATGGCCCA-1","TH1","C20","C2","C3","C3","C13","C5"
"TH1#CAATCTAAGCTTCCCG-1","TH1","C20","C2","C3","C3","C13","C4"
"TH1#ACTTATGAGGTGTTAC-1","TH1","C20","C6","C10","C8","C4","C13"
"TH1#ATGGCCGGTCTTTGAC-1","TH1","C20","C4","C8","C11","C8","C16"
"TH1#TGATCAGGTATACTGG-1","TH1","C20","C4","C8","C10","C7","C15"
"TH1#AGTTGGCGTTACAAAC-1","TH1","C20","C5","C9","C7","C3","C12"
"TH1#AGCGATTTCCGTAAAC-1","TH1","C20","C1","C1","C1","C12","C6"
"TH1#CATAGTCAGAACAAGT-1","TH1","C20","C3","C5","C5","C14","C3"
"TH1#TGTAACTCAATAATCC-1","TH1","C20","C6","C10","C8","C4","C13"
"TH1#GCAGGCTTCTCATCAT-1","TH1","C20","C4","C2","C2","C6","C17"
"TH1#AGACCCGGTCATAACG-1","TH1","C20","C6","C7","C6","C2","C11"
"TH1#CCATAGCCACAAAGCG-1","TH1","C20","C1","C2","C2","C6","C17"
"TH1#TGAAGCAAGGGTTAGA-1","TH1","C20","C4","C8","C11","C8","C16"
"TH1#TGGTTAATCAGGTTTA-1","TH1","C20","C5","C9","C7","C3","C12"
"TH1#GCCACAATCCTAATAG-1","TH1","C20","C1","C5","C1","C9","C10"
"TH1#CACGCTAAGAGGCTAA-1","TH1","C20","C1","C2","C2","C5","C8"
"TH1#GAACCTGTCATTACAG-1","TH1","C20","C4","C8","C10","C7","C15"
"TH1#GCCTGACAGCTGGCTA-1","TH1","C20","C6","C10","C8","C4","C13"
"TH1#AATAGAGGTAATTAGC-1","TH1","C20","C6","C7","C6","C2","C11"
"TH1#TCGCCCATCTAATTGG-1","TH1","C20","C4","C8","C10","C7","C15"
"TH1#TAGCTAGGTTACATCC-1","TH1","C20","C5","C9","C7","C3","C12"
"TH1#CCCGCAACACAGAAAC-1","TH1","C20","C5","C9","C7","C3","C12"
"TH1#GTTGCGGGTTAATGAC-1","TH1","C20","C3","C5","C5","C9","C10"
"TH1#TCGTAATCAACCTAAT-1","TH1","C20","C6","C10","C8","C4","C13"
"TH1#ATCGCCCGTTTGCAGA-1","TH1","C20","C2","C3","C3","C13","C5"
"TH1#ACCCGTAAGAATCGCT-1","TH1","C20","C6","C7","C6","C2","C11"
"TH1#TCCTCACAGTCATTTC-1","TH1","C20","C1","C2","C2","C5","C8"
"TH1#GGCTGGTTCCTAGTTT-1","TH1","C20","C3","C5","C5","C9","C10"
"TH1#AAGCCTGTCCGCCTCA-1","TH1","C20","C5","C9","C6","C2","C11"
"TH1#TTTGTCTAGCGAGTAA-1","TH1","C20","C3","C5","C5","C9","C10"
"TH1#CCGCTAAAGCTAAAGG-1","TH1","C20","C3","C4","C4","C10","C9"
"TH1#GATTTGCAGTGAAGTG-1","TH1","C20","C4","C8","C11","C8","C16"
"TH1#TAGCTAATCCATCAGG-1","TH1","C20","C2","C3","C3","C13","C5"
"TH1#AGGATCCGTATTTGGG-1","TH1","C20","C1","C2","C2","C5","C7"
"TH1#AATGTCCAGAAGGTGC-1","TH1","C20","C4","C8","C10","C7","C15"
"TH1#CCTGGATCACAGACTC-1","TH1","C20","C4","C2","C11","C6","C17"
"TH1#CCCTGTTAGGACCTCA-1","TH1","C20","C6","C7","C6","C2","C11"
"TH1#CAGATTCAGACAAGTG-1","TH1","C20","C3","C5","C5","C9","C10"
"TH1#ACACAATGTCCGTAGG-1","TH1","C20","C2","C3","C3","C13","C5"
"TH1#TTGTGAGGTAGTAAGA-1","TH1","C20","C2","C3","C5","C14","C3"
"TH1#GTTTGTTTCGAAGCGG-1","TH1","C20","C5","C9","C7","C3","C12"
"TH1#CAATATGTCAGTTCCC-1","TH1","C20","C6","C10","C8","C4","C13"
"TH1#CCTATAGCACAATTAC-1","TH1","C20","C4","C8","C11","C8","C16"
"TH1#ACACCTTGTGGCTTCC-1","TH1","C20","C6","C10","C8","C4","C13"
"TH1#CCCTCAGTCCATCAGG-1","TH1","C20","C5","C9","C7","C3","C12"
"TH1#CGGTGAGAGGAGCACG-1","TH1","C20","C3","C4","C4","C10","C9"
"TH1#GCTAAGAAGCTCCTAC-1","TH1","C20","C4","C8","C10","C7","C15"
"TH1#GTAGCCATCATTAGTG-1","TH1","C20","C4","C2","C11","C6","C17"
"TH1#AAACAGCCATTGTGTG-1","TH1","C20","C4","C2","C11","C6","C17"
"TH1#GTCTAATCAGGCTTGT-1","TH1","C20","C1","C1","C1","C12","C6"
"TH1#ATTGTGATCCTTGCAC-1","TH1","C20","C1","C2","C2","C5","C8"
"TH1#CCGTTACTCGTCAAGT-1","TH1","C20","C1","C2","C2","C5","C7"
"TH1#CGGTTATAGGTCCTGA-1","TH1","C20","C2","C3","C3","C13","C5"
"TH1#CTGCAATAGCAGGTGG-1","TH1","C20","C6","C7","C6","C2","C11"
"TH1#TTGCATTTCATTAGCA-1","TH1","C20","C6","C10","C8","C4","C13"
"TH1#AGTAATCGTCAATAGT-1","TH1","C20","C3","C4","C4","C11","C2"
"TH1#TGAACAGAGAGGATAT-1","TH1","C20","C6","C10","C8","C4","C13"
"TH1#AGTGCGGAGGGCCATC-1","TH1","C20","C4","C8","C11","C8","C16"
"TH1#AGAGAGGAGGGCTAAA-1","TH1","C20","C5","C9","C7","C3","C12"
"TH1#ACCCAACCAGGCATCT-1","TH1","C20","C4","C2","C2","C6","C17"
"TH1#GGAACGGTCCAGCACA-1","TH1","C20","C4","C8","C11","C8","C16"
"TH1#AACTAGCTCTATGACA-1","TH1","C20","C3","C5","C5","C9","C10"
"TH1#CAGGGCTTCTAAGGTC-1","TH1","C20","C3","C4","C4","C10","C9"
"TH1#AGAGGATGTGGAAGGC-1","TH1","C20","C5","C9","C7","C3","C12"
"TH1#GTGCATTAGACCATAC-1","TH1","C20","C3","C4","C4","C10","C9"
"TH1#TTCCTTCTCAGAAACG-1","TH1","C20","C3","C4","C4","C10","C9"
"TH1#GTTAAACGTAGTTGGC-1","TH1","C20","C4","C6","C9","C1","C14"
"TH1#AAGCCTCCATTAAGCT-1","TH1","C20","C3","C4","C4","C10","C15"
"TH1#CCTAAGGTCGCAATCG-1","TH1","C20","C3","C5","C5","C9","C10"
"TH1#GCCTTGCGTTAGGACC-1","TH1","C20","C2","C3","C3","C13","C5"
"TH1#CTTTGTCCACGTTACA-1","TH1","C20","C4","C8","C11","C8","C16"
"TH1#TCGCGCACAGCTAACC-1","TH1","C20","C3","C4","C4","C10","C9"
"TH1#GTACACCCAGACAAAC-1","TH1","C20","C2","C3","C3","C13","C4"
"TH1#CAGCCTTTCTTGTCCA-1","TH1","C20","C5","C9","C6","C2","C11"
"TH1#TAGTGTGGTGATGATT-1","TH1","C20","C4","C2","C11","C6","C17"
"TH1#CTAGGACGTCATCAAG-1","TH1","C20","C5","C9","C7","C3","C12"
"TH1#TAAGTGCTCATCAGTA-1","TH1","C20","C1","C1","C1","C12","C6"
"TH1#ACAACAACATACTCCT-1","TH1","C20","C2","C3","C3","C14","C3"
"TH1#CGCCTCATCTTTGTAC-1","TH1","C20","C3","C4","C4","C10","C9"
"TH1#GTCTATCGTTGCACAA-1","TH1","C20","C4","C8","C11","C8","C16"
"TH1#TACTGACAGTGGCGGA-1","TH1","C20","C6","C7","C6","C2","C11"
"TH1#AATAACCGTAATCCCT-1","TH1","C20","C1","C2","C2","C6","C17"
"TH1#CCGCAAATCGCTAAAC-1","TH1","C20","C5","C9","C7","C3","C12"
"TH1#GTCGGTTCACCCACCT-1","TH1","C20","C2","C3","C3","C13","C5"
"TH1#CTCCGGACATACTCCT-1","TH1","C20","C6","C10","C8","C4","C13"
"TH1#TGTTCCTCAGTTGCGT-1","TH1","C20","C5","C9","C7","C3","C12"
"TH1#CTGTTCATCGAGCTAT-1","TH1","C20","C3","C4","C4","C10","C9"
"TH1#AACTAGCTCATAACTG-1","TH1","C20","C2","C1","C1","C12","C6"
"TH1#GAGCCTTCATAGTCAT-1","TH1","C20","C3","C5","C5","C9","C10"
"TH1#GTTACTAAGGTGAGAC-1","TH1","C20","C1","C2","C2","C5","C8"
"TH1#TTGGTGAGTGAGCGAA-1","TH1","C20","C3","C4","C4","C10","C9"
"TH1#ACCTTCCAGTCACGAT-1","TH1","C20","C6","C7","C6","C2","C11"
"TH1#CTACAACAGTACTGGT-1","TH1","C20","C3","C5","C5","C9","C10"
"TH1#AGGCAATCAATTGAAG-1","TH1","C20","C1","C2","C2","C6","C17"
"TH1#GGTTACTAGCTTCCCG-1","TH1","C20","C6","C10","C8","C4","C13"
"TH1#AAGAATCAGGTAAGCA-1","TH1","C20","C6","C10","C8","C4","C13"
"TH1#CGGAATCGTTAGCGTA-1","TH1","C20","C2","C3","C3","C13","C1"
"TH1#TAGGAACCATCAATCG-1","TH1","C20","C6","C10","C8","C4","C11"
"TH1#AGGTTACTCGTACCGA-1","TH1","C20","C6","C10","C8","C4","C13"
"TH1#TGCTTCATCTTACTCG-1","TH1","C20","C4","C8","C11","C8","C16"
"TH1#GGATTATGTTTGACCT-1","TH1","C20","C3","C4","C4","C14","C3"
"TH1#CTAGCTTGTTACAACG-1","TH1","C20","C2","C3","C3","C13","C1"
"TH1#GAGGTTAAGCAGCTCA-1","TH1","C20","C3","C4","C4","C10","C9"
"TH1#GGTTGCTCATCGCTTT-1","TH1","C20","C1","C2","C2","C5","C8"
"TH1#CCAGGATGTCGTAAAT-1","TH1","C20","C4","C8","C11","C8","C16"
"TH1#AAGGTCAAGGAACGCG-1","TH1","C20","C3","C4","C4","C10","C9"
"TH1#TTGTCCCAGTGCACGC-1","TH1","C20","C4","C2","C11","C6","C17"
"TH1#GAGGAGGCAGCTAACC-1","TH1","C20","C6","C10","C8","C4","C13"
"TH1#CGTATTGCACTTAACG-1","TH1","C20","C2","C3","C3","C13","C5"
"TH1#AGCGCTCAGGGACTAA-1","TH1","C20","C2","C3","C3","C13","C5"
"TH1#GAACACAAGCACTAGT-1","TH1","C20","C3","C4","C4","C10","C8"
"TH1#TGGACGGAGTGAACCT-1","TH1","C20","C6","C10","C8","C4","C13"
"TH1#ATGCATTCATCCATCT-1","TH1","C20","C3","C5","C5","C14","C3"
"TH1#TACAATGTCCCTTGCG-1","TH1","C20","C4","C8","C11","C8","C16"
"TH1#GAAGGAACACAATACT-1","TH1","C20","C1","C1","C1","C12","C6"
"TH1#CTTTGTCCAGGATAAC-1","TH1","C20","C6","C10","C8","C2","C11"
"TH1#ACTCGCTTCTCCTCAA-1","TH1","C20","C3","C4","C4","C10","C9"
"TH1#TGGAACAAGGACCTGC-1","TH1","C20","C3","C4","C4","C10","C9"
"TH1#GCACTAAGTCTCACTG-1","TH1","C20","C2","C3","C3","C13","C5"
"TH1#GGTTGACGTATTTGGG-1","TH1","C20","C1","C4","C4","C10","C8"
"TH1#AGCCAGTGTCTATCGT-1","TH1","C20","C6","C10","C8","C4","C13"
"TH1#CTGGTTTGTCAGGCCA-1","TH1","C20","C1","C2","C2","C5","C7"
"TH1#GAGCAAATCCTCAGTC-1","TH1","C20","C4","C8","C11","C8","C16"
"TH1#AGAACCGCAGGCTTGT-1","TH1","C20","C6","C10","C8","C4","C13"
"TH1#TATTACCTCATCACTT-1","TH1","C20","C3","C5","C5","C14","C3"
"TH1#ATTACCGCAGGCTGTT-1","TH1","C20","C1","C2","C2","C5","C7"
"TH1#GGATATTGTTACCTGT-1","TH1","C20","C1","C2","C2","C6","C17"
"TH1#CCTGAATAGTGAACCT-1","TH1","C20","C3","C5","C5","C9","C10"
"TH1#ACTTGTAAGGAACGGT-1","TH1","C20","C1","C2","C2","C6","C7"
"TH1#CGTTATTTCCTCAGCT-1","TH1","C20","C4","C8","C11","C8","C16"
"TH1#TTTGTGTTCCAAGTGT-1","TH1","C20","C3","C5","C5","C9","C10"
"TH1#ATGTAAGCATCAATCG-1","TH1","C20","C2","C3","C3","C13","C5"
"TH1#TCGTTAAAGCATGTTA-1","TH1","C20","C4","C8","C11","C8","C16"
"TH1#AAGAACAGTACCCACC-1","TH1","C20","C4","C8","C11","C8","C16"
"TH1#GCCTCAAAGTATGTGC-1","TH1","C20","C1","C5","C1","C9","C10"
"TH1#CATGCGCAGCGATACT-1","TH1","C20","C5","C9","C7","C3","C12"
"TH1#TATGGCCCAAACTCAT-1","TH1","C20","C1","C2","C2","C6","C17"
"TH1#TCCGGTTTCATGACCG-1","TH1","C20","C1","C2","C2","C5","C7"
"TH1#GTCTATCGTTTGTCTA-1","TH1","C20","C5","C9","C7","C3","C12"
"TH1#AGGTAACCATAAGTCT-1","TH1","C20","C6","C10","C8","C4","C13"
"TH1#CAATGTCAGTGAAGTG-1","TH1","C20","C3","C5","C5","C9","C10"
"TH1#GTGCTTACAGGCTACT-1","TH1","C20","C1","C2","C2","C5","C7"
"TH1#TCCAGGATCAATCATG-1","TH1","C20","C4","C8","C11","C8","C16"
"TH1#AGACCCGGTGTGTCCC-1","TH1","C20","C2","C3","C3","C14","C3"
"TH1#ACGAAGTCAAACTCAT-1","TH1","C20","C6","C10","C8","C4","C13"
"TH1#CTAATCTTCGATATTG-1","TH1","C20","C4","C8","C11","C8","C16"
"TH1#CCCTAATGTGAGAAAC-1","TH1","C20","C2","C3","C3","C13","C5"
"TH1#TCTAGCACAACAGGTG-1","TH1","C20","C4","C8","C11","C6","C17"
"TH1#GCCTCAAAGTGGACAA-1","TH1","C20","C4","C8","C11","C8","C16"
"TH1#AAGTTACGTTGTTGCT-1","TH1","C20","C2","C3","C3","C13","C1"
"TH1#TTTCCTGAGGACCGCT-1","TH1","C20","C6","C10","C8","C4","C13"
"TH1#TCCATAAAGCAAGGTA-1","TH1","C20","C3","C4","C4","C10","C9"
"TH1#GAATTTGTCATCCTGC-1","TH1","C20","C1","C2","C2","C5","C8"
"TH1#ACTAACGGTTGGTTGA-1","TH1","C20","C6","C10","C8","C4","C13"
"TH1#GCAAGTGCAAAGCGCA-1","TH1","C20","C3","C5","C5","C14","C3"
"TH1#GGTGTCCAGGGCTAAA-1","TH1","C20","C5","C9","C7","C3","C12"
"TH1#ACGCAAGCAACTAGGG-1","TH1","C20","C1","C1","C1","C12","C6"
"TH1#TTAGCTGCAACGTGCT-1","TH1","C20","C3","C5","C5","C9","C10"
"TH1#GGACGAAGTATTTGCC-1","TH1","C20","C2","C3","C3","C13","C5"
"TH1#TAGGCTTAGGGTGAGT-1","TH1","C20","C4","C8","C11","C8","C16"
"TH1#AGCACAGCAAAGGTAC-1","TH1","C20","C2","C3","C3","C13","C5"
"TH1#CTTCTCAAGCATGAAG-1","TH1","C20","C4","C8","C11","C8","C16"
"TH1#GATTGATGTCGTAATG-1","TH1","C20","C3","C5","C5","C9","C10"
"TH1#GAATTTGTCACTAAGC-1","TH1","C20","C1","C2","C2","C5","C7"
"TH1#TACTCGCTCAGGATGA-1","TH1","C20","C2","C3","C3","C13","C5"
"TH1#GCAGGATAGTGGACAA-1","TH1","C20","C2","C3","C3","C13","C5"
"TH1#TTTCTTGCAAACGGGC-1","TH1","C20","C4","C8","C4","C10","C15"
"TH1#GGATTCAGTGTTGTAG-1","TH1","C20","C3","C5","C5","C14","C3"
"TH1#CAGCCTTTCGGGCCAT-1","TH1","C20","C3","C4","C4","C10","C15"
"TH1#ATCCTTAGTTTCGCCA-1","TH1","C20","C3","C4","C4","C10","C9"
"TH1#GCCTCCATCATTTAGG-1","TH1","C20","C5","C9","C7","C3","C12"
"TH1#TAGTAGGAGCATGAAG-1","TH1","C20","C3","C4","C4","C10","C9"
"TH1#AGAACCGCAGGATAAC-1","TH1","C20","C6","C10","C8","C4","C13"
"TH1#ACCGCAATCGTAATCA-1","TH1","C20","C1","C1","C1","C12","C6"
"TH1#TGTGGCTCAATGCCCG-1","TH1","C20","C6","C10","C8","C4","C13"
"TH1#TCAAGGAAGTGATTCA-1","TH1","C20","C6","C7","C6","C2","C11"
"TH1#TATTACCTCGCTATGG-1","TH1","C20","C2","C3","C3","C13","C1"
"TH1#CTACAACAGGAACGCG-1","TH1","C20","C3","C4","C4","C10","C9"
"TH1#GATTACTCAGGTTTGC-1","TH1","C20","C1","C2","C2","C5","C7"
"TH1#ACCCTCCCAAGCGAGC-1","TH1","C20","C6","C7","C6","C2","C11"
"TH1#CAGCAAGCATCCGTAA-1","TH1","C20","C4","C8","C11","C8","C15"
"TH1#CGTTGCAAGGAACGCG-1","TH1","C20","C4","C4","C10","C7","C15"
"TH1#AGCTCATAGTCATTAG-1","TH1","C20","C1","C2","C7","C6","C17"
"TH1#CGGTTGGGTCATTAGG-1","TH1","C20","C3","C4","C4","C10","C9"
"TH1#GTTTATCTCGGTCATG-1","TH1","C20","C3","C4","C4","C10","C9"
"TH1#GTGCTCAAGCTCAAAC-1","TH1","C20","C5","C9","C7","C3","C12"
"TH1#CCGCTTAGTGAGAAAC-1","TH1","C20","C1","C1","C1","C12","C6"
"TH1#GTCGAAGCATTGTGGC-1","TH1","C20","C3","C4","C4","C10","C15"
"TH1#GGCAAGCCATCCCGCT-1","TH1","C20","C6","C7","C6","C2","C11"
"TH1#AGCACAGCAAACCTTG-1","TH1","C20","C2","C3","C3","C13","C5"
"TH1#AACCTAATCTGTGAGT-1","TH1","C20","C1","C1","C1","C12","C6"
"TH1#TGAGAACCACCTCGCT-1","TH1","C20","C1","C1","C1","C12","C6"
"TH1#CTTGCGCGTTCGGTAA-1","TH1","C20","C5","C9","C7","C3","C12"
"TH1#TGCTGGATCATCGTTT-1","TH1","C20","C4","C8","C11","C8","C16"
"TH1#CTTTAGTTCGCATCCT-1","TH1","C20","C6","C10","C8","C4","C13"
"TH1#AGGAAACGTCCGTGAG-1","TH1","C20","C2","C3","C3","C13","C5"
"TH1#CTAATCTTCGATTCTT-1","TH1","C20","C3","C5","C5","C9","C10"
"TH1#AGGACTAAGTTATGGC-1","TH1","C20","C3","C4","C4","C10","C9"
"TH1#ATCTTTGGTACCCACC-1","TH1","C20","C6","C10","C8","C4","C13"
"TH1#GTTAAACGTGATCAGC-1","TH1","C20","C1","C2","C2","C6","C17"
"TH1#CTAATCGCAGTCTAAT-1","TH1","C20","C1","C2","C2","C6","C17"
"TH1#GATTCGCCACCGGCTA-1","TH1","C20","C3","C4","C4","C10","C9"
"TH1#CCTGACTTCTCAATAG-1","TH1","C20","C5","C9","C7","C3","C12"
"TH1#TGCCATTGTAGCCATA-1","TH1","C20","C6","C10","C8","C4","C13"
"TH1#TTAGGAACATACCCGG-1","TH1","C20","C3","C5","C5","C14","C3"
"TH1#GGTTGCTCATAGCAGG-1","TH1","C20","C3","C5","C5","C14","C3"
"TH1#TGTTCATTCCTGAGTG-1","TH1","C20","C3","C5","C5","C11","C2"
"TH1#TCGGTTTGTAACGAGG-1","TH1","C20","C4","C8","C11","C8","C16"
"TH1#TACTGCACATGTTGTG-1","TH1","C20","C1","C2","C7","C6","C17"
"TH1#GGTTAGCGTTGGTTGA-1","TH1","C20","C6","C10","C8","C4","C13"
"TH1#CACAGGGAGGCTAAGA-1","TH1","C20","C2","C3","C3","C13","C5"
"TH1#CGTCATTGTTATCCTA-1","TH1","C20","C4","C8","C11","C8","C16"
"TH1#GGTATGTTCGGTCAAT-1","TH1","C20","C1","C2","C2","C5","C7"
"TH1#GTGAGGAGTTCCTCCT-1","TH1","C20","C6","C10","C8","C4","C13"
"TH1#ACCGGCTAGGCTTAGT-1","TH1","C20","C2","C3","C3","C13","C1"
"TH1#CAATAGCTCTACCTGC-1","TH1","C20","C2","C3","C3","C13","C5"
"TH1#AATGGCGCAACTAGCC-1","TH1","C20","C1","C2","C2","C5","C8"
"TH1#TACCGAAGTGTTCCCA-1","TH1","C20","C6","C10","C8","C4","C13"
"TH1#ATCCTCATCCTCACAC-1","TH1","C20","C1","C1","C1","C12","C6"
"TH1#GTCGAGGAGTCTGGGC-1","TH1","C20","C1","C2","C2","C6","C8"
"TH1#GTCTTTGTCGTGCTAG-1","TH1","C20","C2","C3","C3","C14","C3"
"TH1#ATATGGTGTTAAATGC-1","TH1","C20","C3","C4","C4","C10","C9"
"TH1#GGCAATCGTGTTAAAC-1","TH1","C20","C6","C7","C6","C2","C11"
"TH1#GAGCAAATCAAATCGC-1","TH1","C20","C5","C9","C7","C3","C12"
"TH1#GCCTGTGCAATTGCGC-1","TH1","C20","C5","C9","C7","C3","C12"
"TH1#TGACTTCGTCAGGAAG-1","TH1","C20","C2","C3","C3","C13","C5"
"TH1#TTGTGTGCAGCACGAA-1","TH1","C20","C4","C8","C11","C8","C16"
"TH1#CCTGGATCATAGCGGA-1","TH1","C20","C3","C4","C4","C10","C9"
"TH1#CCGTTACTCTCAATGA-1","TH1","C20","C1","C1","C1","C12","C6"
"TH1#TAGCCTCTCATTGCAA-1","TH1","C20","C3","C5","C5","C14","C3"
"TH1#CACATAATCAATCATG-1","TH1","C20","C3","C4","C4","C10","C9"
"TH1#CAATAGCTCCTTAAGA-1","TH1","C20","C3","C5","C5","C9","C10"
"TH1#CATTGCGAGATACTTG-1","TH1","C20","C4","C8","C11","C6","C17"
"TH1#ACGCCTTTCCTCAGTC-1","TH1","C20","C6","C10","C8","C4","C13"
"TH1#TTTAGCTTCGTCATTT-1","TH1","C20","C3","C5","C5","C14","C3"
"TH1#CATCAGCCATAGTCAT-1","TH1","C20","C4","C8","C11","C6","C17"
"TH1#GTGGCTTCATGTTGTG-1","TH1","C20","C1","C1","C1","C12","C6"
"TH1#GCTGGTTCATTCCTGT-1","TH1","C20","C6","C7","C6","C2","C11"
"TH1#GGTCAGGAGGAAACTG-1","TH1","C20","C3","C5","C5","C9","C10"
"TH1#AAGGATGTCTTAGCGG-1","TH1","C20","C2","C3","C3","C13","C5"
"TH1#TTGTGCCTCGATCAGT-1","TH1","C20","C3","C4","C4","C11","C2"
"TH1#AGACCCGGTACTGAAT-1","TH1","C20","C2","C5","C5","C11","C1"
"TH1#CTCCTAATCGCATCCT-1","TH1","C20","C6","C10","C8","C4","C13"
"TH1#ACCTAAGGTACCGTAA-1","TH1","C20","C3","C4","C4","C10","C9"
"TH1#TGCAAGCGTTTAGTCC-1","TH1","C20","C3","C4","C4","C10","C9"
"TH1#CCTATTGTCCGTCCAT-1","TH1","C20","C3","C4","C4","C10","C3"
"TH1#CCATTGTGTTGAATCG-1","TH1","C20","C2","C3","C3","C14","C3"
"TH1#TAGCAGGCACCGTTCC-1","TH1","C20","C1","C2","C2","C6","C17"
"TH2#TGCTTGCTCCTAATTC-1","TH2","C20","C1","C1","C1","C12","C6"
"TH2#TGGTAAACACCAAAGG-1","TH2","C20","C4","C6","C9","C1","C14"
"TH2#AAGCATGAGCCTAACG-1","TH2","C20","C1","C2","C2","C6","C17"
"TH2#GGGTCACTCTAAGGAG-1","TH2","C20","C1","C2","C2","C5","C7"
"TH2#CGCACACAGCTATATG-1","TH2","C20","C2","C3","C3","C13","C5"
"TH2#AGTTGCAGTGAATCGC-1","TH2","C20","C2","C3","C3","C13","C4"
"TH2#GAGTGATCATCATGTG-1","TH2","C20","C1","C2","C2","C5","C7"
"TH2#CCATCATGTAAAGCGG-1","TH2","C20","C2","C1","C1","C12","C6"
"TH2#CTCCGTCCACACAATT-1","TH2","C20","C1","C2","C2","C5","C7"
"TH2#GACTTAGGTTTAACCC-1","TH2","C20","C5","C9","C7","C3","C12"
"TH2#CTTGTAAAGCGCTCAA-1","TH2","C20","C1","C1","C1","C12","C6"
"TH2#AGCTAACTCACGCCAA-1","TH2","C20","C4","C8","C10","C7","C15"
"TH2#CCCAGTTTCTTGCTAT-1","TH2","C20","C6","C10","C8","C4","C13"
"TH2#GGTTATATCGCACAAT-1","TH2","C20","C3","C5","C5","C14","C3"
"TH2#GGCCTTAAGCGTGCGT-1","TH2","C20","C3","C4","C4","C10","C9"
"TH2#CAATGAACACAATACT-1","TH2","C20","C5","C9","C7","C3","C12"
"TH2#CAGCTCAAGAGAAGGG-1","TH2","C20","C4","C4","C10","C7","C15"
"TH2#GAGGTTAAGCTCGCTT-1","TH2","C20","C4","C8","C10","C7","C15"
"TH2#CAATCTAAGCCGGTAC-1","TH2","C20","C2","C3","C3","C13","C5"
"TH2#CCAGCTAAGACTTACA-1","TH2","C20","C2","C1","C1","C12","C1"
"TH2#AGCGCCTAGGCCAATT-1","TH2","C20","C3","C4","C4","C11","C2"
"TH2#AGTTGCAGTTGTAACG-1","TH2","C20","C5","C9","C7","C3","C12"
"TH2#CCTACTGGTGGTTCTT-1","TH2","C20","C1","C2","C2","C6","C17"
"TH2#ACAGCGCTCATAGCCG-1","TH2","C20","C6","C10","C8","C4","C13"
"TH2#CAGCCTAAGGCACAGG-1","TH2","C20","C2","C3","C3","C13","C5"
"TH2#AAGGCCCTCGCAGGCT-1","TH2","C20","C1","C1","C1","C12","C6"
"TH2#ACGGTACGTGATGGCT-1","TH2","C20","C2","C3","C3","C11","C2"
"TH2#GATCGATTCTTGAGCG-1","TH2","C20","C1","C1","C1","C12","C6"
"TH2#GCCTCGACACAGGGAC-1","TH2","C20","C2","C3","C3","C13","C5"
"TH2#GCGATTTAGAGGAAGG-1","TH2","C20","C5","C9","C7","C3","C12"
"TH2#GTGAGGAGTGCACGCA-1","TH2","C20","C6","C10","C8","C2","C11"
"TH2#CATTGTAAGTCATTAG-1","TH2","C20","C1","C1","C1","C5","C6"
"TH2#CCCTCATAGGCGAAAC-1","TH2","C20","C1","C1","C1","C5","C6"
"TH2#ATTCACTTCTGTAATG-1","TH2","C20","C3","C5","C5","C9","C10"
"TH2#ATCAGGTTCACAAGCT-1","TH2","C20","C4","C8","C11","C8","C16"
"TH2#GGCAGGATCCACCTTA-1","TH2","C20","C1","C2","C2","C6","C17"
"TH2#CCTGTAACAACGTGCT-1","TH2","C20","C3","C5","C5","C11","C2"
"TH2#GGAACTAAGGCTAATC-1","TH2","C20","C2","C3","C3","C13","C4"
"TH2#AAGTTACGTGGTTATG-1","TH2","C20","C1","C1","C1","C12","C6"
"TH2#GAACGAATCTTTGACT-1","TH2","C20","C2","C3","C3","C13","C1"
"TH2#CATGAGGCACAACCTA-1","TH2","C20","C1","C2","C2","C5","C7"
"TH2#GGTTGAGCAAGCTAAA-1","TH2","C20","C6","C10","C8","C4","C13"
"TH2#TTTGTCCCACCTGCTC-1","TH2","C20","C6","C10","C8","C4","C13"
"TH2#TAAGCCAGTGGAAGGC-1","TH2","C20","C4","C8","C10","C7","C15"
"TH2#TCCGGTTTCGATAACC-1","TH2","C20","C4","C8","C10","C7","C15"
"TH2#TTGGATTCAAGATTCT-1","TH2","C20","C1","C2","C2","C5","C7"
"TH2#TATTAGCCAACTAGCC-1","TH2","C20","C4","C8","C11","C8","C16"
"TH2#CCCAAATAGCTCATAA-1","TH2","C20","C1","C1","C1","C12","C6"
"TH2#CACCTCAGTCATGCAA-1","TH2","C20","C6","C7","C6","C2","C11"
"TH2#TCCTCACAGCTCAAAC-1","TH2","C20","C2","C3","C3","C13","C1"
"TH2#CGTTGCGCAAATTCGT-1","TH2","C20","C6","C10","C8","C4","C13"
"TH2#GTTCACCTCGTTAAGC-1","TH2","C20","C2","C3","C3","C13","C5"
"TH2#GCAGGCAAGATGGAGC-1","TH2","C20","C5","C9","C7","C3","C12"
"TH2#TAGACCAGTGCTAGCG-1","TH2","C20","C2","C3","C5","C11","C2"
"TH2#ATCATGTCACCAAAGG-1","TH2","C20","C5","C9","C7","C3","C12"
"TH2#TATCGCACATTCAGCA-1","TH2","C20","C1","C2","C2","C5","C7"
"TH2#ACCCGGTAGTTTCCGC-1","TH2","C20","C1","C1","C1","C12","C6"
"TH2#GGTTTGTAGCCGCAGT-1","TH2","C20","C4","C8","C10","C7","C15"
"TH2#CGGATTAGTTTCAGGA-1","TH2","C20","C4","C8","C11","C8","C16"
"TH2#TTGTCAAAGTTCCCAC-1","TH2","C20","C5","C9","C7","C3","C12"
"TH2#TACCAGGTCCGGTTAG-1","TH2","C20","C1","C2","C2","C5","C7"
"TH2#CTCTAGCTCCCTGATC-1","TH2","C20","C2","C3","C3","C13","C4"
"TH2#GGATAACCAGTTTCTC-1","TH2","C20","C3","C4","C4","C10","C9"
"TH2#CACAGGGAGAAAGCAT-1","TH2","C20","C3","C4","C4","C10","C9"
"TH2#TGAGTTTCACCAGCAT-1","TH2","C20","C1","C2","C2","C5","C7"
"TH2#TAACCGGTCGGTACGC-1","TH2","C20","C6","C7","C6","C2","C11"
"TH2#CTTACCTCAGGATGGC-1","TH2","C20","C2","C3","C3","C13","C1"
"TH2#CCGCAAATCATTATGG-1","TH2","C20","C3","C5","C5","C9","C10"
"TH2#GACATAGAGGTCCTAG-1","TH2","C20","C6","C10","C8","C4","C13"
"TH2#CAGGACACATGTTGCA-1","TH2","C20","C3","C4","C4","C10","C9"
"TH2#TAATCACCATCGCTTT-1","TH2","C20","C1","C1","C1","C12","C6"
"TH2#GCTTTGTGTTACTTCA-1","TH2","C20","C1","C2","C2","C5","C7"
"TH2#CACTGACCACCCTCAC-1","TH2","C20","C1","C2","C2","C5","C7"
"TH2#GGTACTTAGTCAATTG-1","TH2","C20","C4","C8","C11","C8","C16"
"TH2#CGAAGCGAGCTTTGTT-1","TH2","C20","C2","C3","C3","C13","C4"
"TH2#GCAATCTAGGTCCGTA-1","TH2","C20","C6","C10","C8","C2","C11"
"TH2#GGCAAGCCAGGCATCT-1","TH2","C20","C1","C1","C1","C12","C6"
"TH2#GAGCGATAGTTCCCGT-1","TH2","C20","C2","C5","C5","C9","C1"
"TH2#GCTCATTGTTATCGAG-1","TH2","C20","C2","C3","C3","C13","C1"
"TH2#CGGGTCTAGCACGATT-1","TH2","C20","C4","C8","C11","C8","C16"
"TH2#GCCTTTATCAAGTGAG-1","TH2","C20","C3","C4","C4","C11","C2"
"TH2#TGCTCAACAAGCGATG-1","TH2","C20","C1","C2","C2","C5","C8"
"TH2#TCATAACCAATAACCT-1","TH2","C20","C6","C10","C8","C4","C13"
"TH2#GATGGCTGTTACAAAC-1","TH2","C20","C6","C10","C8","C4","C13"
"TH2#TAGTTTGAGTTAGGCT-1","TH2","C20","C3","C4","C4","C10","C9"
"TH2#GAAGGCTAGGTAAGCA-1","TH2","C20","C1","C2","C2","C6","C17"
"TH2#GAGAACCAGTGAGCGG-1","TH2","C20","C5","C9","C7","C3","C12"
"TH2#ATGAATGCACAATTAC-1","TH2","C20","C2","C3","C3","C13","C1"
"TH2#CTTTATGGTCCCGGAA-1","TH2","C20","C4","C8","C10","C7","C15"
"TH2#TTAGCGGTCTCAATTC-1","TH2","C20","C6","C10","C8","C4","C13"
"TH2#GGAACTAAGGACAATG-1","TH2","C20","C2","C3","C3","C13","C5"
"TH2#CCACAGGGTAGGTTTG-1","TH2","C20","C1","C1","C1","C12","C6"
"TH2#CATTGCGAGTCCTTCA-1","TH2","C20","C1","C2","C2","C6","C17"
"TH2#CTAAGGTTCCCTCAAC-1","TH2","C20","C6","C7","C6","C2","C11"
"TH2#GGGCATGAGCAAGGGT-1","TH2","C20","C3","C4","C4","C11","C2"
"TH2#TGGTCCTTCTTGAGCG-1","TH2","C20","C4","C8","C11","C8","C16"
"TH2#TGTGGAGCATAAGCAA-1","TH2","C20","C2","C3","C3","C13","C5"
"TH2#GTTTATCTCTACCTGC-1","TH2","C20","C6","C7","C6","C2","C11"
"TH2#CCATAATCAACTGGCT-1","TH2","C20","C1","C2","C2","C5","C7"
"TH2#AGTGCACGTTACCGGG-1","TH2","C20","C6","C10","C8","C4","C13"
"TH2#TTAGCTGCACTTCATC-1","TH2","C20","C6","C7","C6","C2","C11"
"TH2#GGTTAATGTTACGCGG-1","TH2","C20","C6","C7","C6","C2","C11"
"TH2#ATGTTGTCAGTAGGTG-1","TH2","C20","C3","C4","C4","C10","C9"
"TH2#AGGTGAATCTGCAACG-1","TH2","C20","C2","C3","C3","C13","C5"
"TH2#TTGACATCAAGCGAGC-1","TH2","C20","C3","C4","C4","C10","C9"
"TH2#TACAGCTAGCTCCTAC-1","TH2","C20","C3","C4","C4","C11","C2"
"TH2#AGGTATTGTTAAGTGT-1","TH2","C20","C2","C3","C3","C13","C5"
"TH2#GCGATTAGTGCCGCAA-1","TH2","C20","C6","C7","C6","C2","C11"
"TH2#ACCGAAGCATGAATAG-1","TH2","C20","C5","C9","C7","C3","C12"
"TH2#ACAGGAATCATGCGTG-1","TH2","C20","C2","C3","C3","C13","C5"
"TH2#CGATTGAGTCAGGCAT-1","TH2","C20","C1","C1","C1","C12","C6"
"TH2#AAGCGAATCGCTAGAT-1","TH2","C20","C2","C1","C1","C12","C1"
"TH2#GCCTTAGAGCATTTCT-1","TH2","C20","C4","C8","C11","C8","C17"
"TH2#TATTCGTTCAATGTGC-1","TH2","C20","C6","C10","C8","C4","C13"
"TH2#TTGTCCCAGTGAGAGC-1","TH2","C20","C4","C8","C11","C8","C16"
"TH2#CACATTAAGTTGCGTG-1","TH2","C20","C2","C3","C5","C11","C2"
"TH2#GCTGTGCAGTCGCTAG-1","TH2","C20","C2","C3","C3","C13","C5"
"TH2#AGACACGCAAGGAATC-1","TH2","C20","C3","C5","C5","C11","C2"
"TH2#CGTGCACAGGCTTAGT-1","TH2","C20","C5","C9","C7","C3","C12"
"TH2#TTAAGTGTCCCTGTTA-1","TH2","C20","C6","C10","C8","C4","C13"
"TH2#GGACGAAGTCACGAAC-1","TH2","C20","C1","C2","C2","C5","C7"
"TH2#ACTCCTCAGGGCCACT-1","TH2","C20","C2","C3","C3","C13","C5"
"TH2#GTGCTCCGTGCCGCAA-1","TH2","C20","C1","C1","C1","C12","C6"
"TH2#TCTTGACGTCCTAAGA-1","TH2","C20","C4","C8","C10","C7","C15"
"TH2#TCCATATTCTAGCGAT-1","TH2","C20","C2","C3","C3","C13","C5"
"TH2#TATGGCCCAGGCGAGT-1","TH2","C20","C4","C4","C10","C7","C15"
"TH2#CAAAGCGCACAGCCTG-1","TH2","C20","C6","C10","C8","C4","C13"
"TH2#TGTGCGCAGCAAGGAC-1","TH2","C20","C4","C8","C10","C7","C15"
"TH2#CGGATAAAGGCAAGTA-1","TH2","C20","C1","C2","C2","C6","C17"
"TH2#TATGGATGTCCTTCTC-1","TH2","C20","C4","C8","C11","C8","C16"
"TH2#GGTAGGAGTGTTGTGA-1","TH2","C20","C1","C2","C2","C5","C7"
"TH2#GAGGGAGCAATTATGC-1","TH2","C20","C6","C10","C8","C4","C13"
"TH2#CTCACTCAGTCACCAG-1","TH2","C20","C3","C4","C4","C11","C2"
"TH2#TAGCCTGAGCCACAAT-1","TH2","C20","C3","C4","C5","C11","C2"
"TH2#CGTTTGGAGTAGCGGG-1","TH2","C20","C3","C4","C4","C10","C9"
"TH2#TACGGTTAGACTAAGG-1","TH2","C20","C3","C4","C4","C10","C9"
"TH2#GCTGTAAGTAAACAAG-1","TH2","C20","C1","C2","C2","C6","C1"
"TH2#CCTGGTAAGCCACAAT-1","TH2","C20","C1","C1","C1","C12","C6"
"TH2#AAGCGTTTCCCATAAA-1","TH2","C20","C6","C7","C6","C2","C11"
"TH2#CAGGACACATTTGCTC-1","TH2","C20","C3","C5","C5","C9","C10"
"TH2#GCCTGACAGCTCAAAC-1","TH2","C20","C4","C8","C11","C8","C16"
"TH2#CCGTTTGGTGGTTCTT-1","TH2","C20","C2","C5","C1","C9","C10"
"TH2#TCCATTGTCAGGGCCT-1","TH2","C20","C6","C10","C8","C4","C13"
"TH2#CAATGACTCCGCTAGA-1","TH2","C20","C4","C8","C11","C8","C16"
"TH2#TTTACGAAGTCACTAA-1","TH2","C20","C3","C5","C5","C11","C2"
"TH2#AACGACAAGTGAGGGT-1","TH2","C20","C4","C8","C11","C8","C16"
"TH2#TAGGTTGGTATTACCC-1","TH2","C20","C4","C8","C11","C8","C17"
"TH2#GGAACAATCTATTGTC-1","TH2","C20","C1","C1","C1","C12","C8"
"TH2#CAGGTGGAGAACAAGT-1","TH2","C20","C2","C3","C3","C13","C5"
"TH2#ACCACACCAACTCGCG-1","TH2","C20","C5","C9","C7","C3","C12"
"TH2#TGGTCCTTCAGCAAGA-1","TH2","C20","C2","C3","C3","C13","C4"
"TH2#AAACCAACAGTTGCGT-1","TH2","C20","C4","C8","C11","C8","C16"
"TH2#CGTACGGGTGCGCAAT-1","TH2","C20","C1","C2","C2","C5","C7"
"TH2#TAGGTGCGTTGCTTCG-1","TH2","C20","C2","C3","C3","C13","C4"
"TH2#TTCAGTTTCAGGGCCT-1","TH2","C20","C3","C4","C4","C10","C9"
"TH2#TTAGGCCCAGTTATGT-1","TH2","C20","C3","C4","C4","C10","C9"
"TH2#TTGACATCACAAAGCG-1","TH2","C20","C4","C8","C11","C8","C16"
"TH2#GCATTGCCAGTGAACG-1","TH2","C20","C5","C9","C7","C3","C12"
"TH2#TCTTGTCCATATAACC-1","TH2","C20","C1","C1","C1","C12","C6"
"TH2#TTACCGTGTGTCCAGG-1","TH2","C20","C1","C2","C2","C5","C8"
"TH2#AGTCAGGCATAGACTT-1","TH2","C20","C1","C1","C1","C12","C6"
"TH2#GGTCCGTAGAGGAAGG-1","TH2","C20","C1","C2","C2","C6","C17"
"TH2#GCCTCAAAGCACAGGG-1","TH2","C20","C3","C4","C4","C10","C9"
"TH2#ATCCATAAGCTGTAAC-1","TH2","C20","C4","C8","C10","C7","C15"
"TH2#TTAGTCAAGACTATTG-1","TH2","C20","C1","C1","C1","C12","C6"
"TH2#CTGGTAAGTTAGACCA-1","TH2","C20","C1","C1","C1","C12","C6"
"TH2#TTAGTCAAGGGATGAC-1","TH2","C20","C1","C1","C1","C12","C6"
"TH2#CTAACCTGTATACTGG-1","TH2","C20","C3","C5","C5","C11","C2"
"TH2#GTATTCAAGCTCAATA-1","TH2","C20","C3","C4","C4","C11","C2"
"TH2#GGCCTTAAGTAAGTGG-1","TH2","C20","C6","C7","C6","C2","C11"
"TH2#GAAGTATAGGCATGAA-1","TH2","C20","C1","C2","C2","C6","C17"
"TH2#GCTAACCCAGCAAATA-1","TH2","C20","C1","C1","C1","C12","C6"
"TH2#TGGTCATAGTAAGTCC-1","TH2","C20","C1","C2","C2","C5","C7"
"TH2#CGGTGAGAGGCTAATC-1","TH2","C20","C6","C10","C8","C2","C11"
"TH2#TTAGGCGTCTTGCTAT-1","TH2","C20","C1","C5","C1","C9","C10"
"TH2#GAGATAAGTCCCGGAA-1","TH2","C20","C6","C10","C8","C4","C13"
"TH2#GGGATTAAGGCTAATC-1","TH2","C20","C3","C4","C4","C11","C2"
"TH2#CTCTAGCTCTTGGACG-1","TH2","C20","C1","C2","C2","C5","C7"
"TH2#CTCTTGATCCATCAGG-1","TH2","C20","C4","C8","C11","C8","C16"
"TH2#GCTTAACAGTTAGCCG-1","TH2","C20","C1","C2","C2","C5","C7"
"TH2#AAGCGCTGTTGTTGGA-1","TH2","C20","C2","C3","C3","C13","C5"
"TH2#AGGCGGATCTTTGTAC-1","TH2","C20","C3","C4","C5","C11","C2"
"TH2#AGTCGCATCGTTCACC-1","TH2","C20","C6","C7","C6","C2","C11"
"TH2#CCGGTTAAGCTTTGTT-1","TH2","C20","C2","C3","C3","C13","C1"
"TH2#GGGTTTGTCTAAATCG-1","TH2","C20","C2","C3","C3","C13","C5"
"TH2#AGGTCCGGTAACCACA-1","TH2","C20","C6","C10","C8","C4","C13"
"TH2#CTAATCGCAAACCCTA-1","TH2","C20","C2","C3","C3","C13","C4"
"TH2#GGGCATGAGCAGGCCT-1","TH2","C20","C3","C4","C4","C10","C9"
"TH2#CATTCCTCAGTCTATG-1","TH2","C20","C4","C8","C11","C6","C17"
"TH2#TTCCTCAAGGACAACA-1","TH2","C20","C5","C9","C7","C3","C12"
"TH2#CAGGTCCAGCTCCTAC-1","TH2","C20","C3","C5","C5","C9","C10"
"TH2#TCATGAGGTAAACAAG-1","TH2","C20","C1","C1","C1","C12","C6"
"TH2#TCGCGAGGTACTTAGG-1","TH2","C20","C2","C3","C3","C13","C1"
"TH2#GGCCTAATCCCTCACG-1","TH2","C20","C1","C1","C1","C12","C6"
"TH2#TCCTTTACATAATTGC-1","TH2","C20","C4","C8","C11","C6","C17"
"TH2#GGTAATTGTAGTTAAC-1","TH2","C20","C3","C4","C5","C11","C2"
"TH2#ACAGCCGGTGCATTTC-1","TH2","C20","C2","C3","C3","C13","C1"
"TH2#TGGACCGGTTTCAGGA-1","TH2","C20","C6","C10","C8","C4","C13"
"TH2#GCTATCCTCATGACCG-1","TH2","C20","C1","C5","C1","C9","C10"
"TH2#CTTAGTTTCCTGGTCT-1","TH2","C20","C4","C8","C10","C7","C15"
"TH2#GGTACTAGTAACAGGG-1","TH2","C20","C1","C2","C2","C5","C7"
"TH2#CTGTTAAAGCTCCTTA-1","TH2","C20","C1","C2","C2","C5","C7"
"TH2#CATCAATCAATTATGC-1","TH2","C20","C4","C8","C11","C8","C16"
"TH2#TACTAAGTCATTCATC-1","TH2","C20","C6","C10","C8","C4","C13"
"TH2#AGCAATACACCGGTAT-1","TH2","C20","C3","C4","C4","C10","C9"
"TH2#CCAAGTTAGTCCTGAG-1","TH2","C20","C4","C8","C10","C6","C17"
"TH2#AAGCATGAGCACAGGG-1","TH2","C20","C3","C4","C4","C10","C9"
"TH2#GTACTGGTCTTAATGG-1","TH2","C20","C3","C4","C4","C10","C9"
"TH2#GTAAAGCCAAGGCCAA-1","TH2","C20","C4","C8","C11","C8","C16"
"TH2#AACTCACAGTCATGCG-1","TH2","C20","C2","C5","C5","C9","C4"
"TH2#GCTGTACCAAAGCGGC-1","TH2","C20","C4","C8","C10","C7","C15"
"TH2#TTGACATCAGGCCATT-1","TH2","C20","C1","C2","C2","C6","C17"
"TH2#TGCCTGTTCTGTGCCT-1","TH2","C20","C2","C3","C3","C13","C4"
"TH2#GAGTAATAGAAGGTGC-1","TH2","C20","C6","C10","C8","C4","C13"
"TH2#TCCTTAGTCGCTTGCT-1","TH2","C20","C5","C9","C7","C3","C12"
"TH2#CAAAGGATCCAACTGG-1","TH2","C20","C1","C1","C1","C12","C6"
"TH2#TGTGGCTCACGGTACT-1","TH2","C20","C4","C8","C10","C7","C15"
"TH2#AATCAGGAGGAATAAC-1","TH2","C20","C4","C8","C11","C8","C16"
"TH2#GCTTATCGTCCTTCTC-1","TH2","C20","C6","C10","C8","C4","C13"
"TH2#TAAAGCCTCAGCAAAG-1","TH2","C20","C6","C10","C8","C4","C13"
"TH2#GCCTTTATCCACCTGT-1","TH2","C20","C1","C5","C1","C9","C10"
"TH2#ATCAATCCAAGGGTTG-1","TH2","C20","C4","C8","C11","C8","C16"
"TH2#CCATTGTGTTAAGCGC-1","TH2","C20","C3","C5","C5","C11","C2"
"TH2#TCAGTAGGTTTGTTGC-1","TH2","C20","C4","C8","C10","C7","C15"
"TH2#TTGCTTTAGTGAACAG-1","TH2","C20","C2","C3","C3","C13","C4"
"TH2#TCTGTGACATAATCCG-1","TH2","C20","C3","C4","C4","C11","C2"
"TH2#AACCTCCTCCGGTTGA-1","TH2","C20","C3","C4","C4","C11","C2"
"TH2#AGCAAGGGTTGCGCGA-1","TH2","C20","C6","C10","C8","C4","C13"
"TH2#CCACTTGGTGTGTCCC-1","TH2","C20","C1","C2","C7","C6","C17"
"TH2#AAAGGAGCAACTAACT-1","TH2","C20","C1","C2","C2","C5","C7"
"TH2#AACGCTAGTCCTTCTC-1","TH2","C20","C3","C5","C5","C9","C10"
"TH2#AGGTTACTCACTTCAT-1","TH2","C20","C1","C2","C2","C5","C7"
"TH2#TCAAACCAGACTTACA-1","TH2","C20","C5","C9","C7","C3","C12"
"TH2#TCCCGTTAGGTAACGA-1","TH2","C20","C1","C2","C2","C5","C7"
"TH2#TTTCCTGAGCCTGTGA-1","TH2","C20","C2","C3","C3","C13","C4"
"TH2#TTTCCACCATTCCTCG-1","TH2","C20","C2","C3","C3","C13","C5"
"TH2#CTCCATCAGGTTTGCG-1","TH2","C20","C3","C4","C5","C11","C2"
"TH2#CATCCTCAGATGGACA-1","TH2","C20","C1","C2","C2","C6","C17"
"TH2#GGATGTAAGATAGACG-1","TH2","C20","C1","C2","C2","C6","C17"
"TH2#AGCACTAGTGCCGCAA-1","TH2","C20","C3","C4","C4","C10","C9"
"TH2#AAGCAAGTCAAAGGCA-1","TH2","C20","C3","C4","C4","C10","C9"
"TH2#ATGTTTGAGTATCGCG-1","TH2","C20","C1","C2","C2","C5","C7"
"TH2#CTTTAGTTCCTAAATG-1","TH2","C20","C3","C4","C4","C10","C9"
"TH2#TGTGGAGCAGAAATTG-1","TH2","C20","C5","C9","C7","C3","C12"
"TH2#TTACCTGTCCGTGACA-1","TH2","C20","C4","C8","C11","C8","C16"
"TH2#AAGCTTGGTCATAACG-1","TH2","C20","C3","C4","C4","C10","C9"
"TH2#TAGCTTGCAACGTGCT-1","TH2","C20","C3","C4","C4","C10","C9"
"TH2#AATGTCATCGTTAACA-1","TH2","C20","C2","C3","C3","C13","C4"
"TH2#GTAATAGCAAGGCCAA-1","TH2","C20","C4","C8","C10","C7","C15"
"TH2#TGCTTCATCCTCAGTC-1","TH2","C20","C2","C3","C3","C13","C4"
"TH2#TGGTTCCTCATGCTAA-1","TH2","C20","C4","C8","C11","C8","C16"
"TH2#GTATGTTCACCAGCAT-1","TH2","C20","C1","C1","C1","C12","C6"
"TH2#ACGCTTGAGCGCAATT-1","TH2","C20","C1","C2","C2","C5","C7"
"TH2#TTAATCGAGAGGATAT-1","TH2","C20","C4","C8","C10","C7","C15"
"TH2#CAAGGTAAGTAAAGGT-1","TH2","C20","C3","C4","C4","C11","C2"
"TH2#GACCTGATCCTAAGTA-1","TH2","C20","C3","C4","C4","C11","C2"
"TH2#ATGACGAAGCTCCCTG-1","TH2","C20","C3","C4","C4","C10","C9"
"TH2#ACTTACTTCGTTACAA-1","TH2","C20","C1","C1","C1","C12","C6"
"TH2#ATCGAGGCATAATTGC-1","TH2","C20","C4","C8","C11","C8","C16"
"TH2#GCCAACATCACAAGCT-1","TH2","C20","C4","C8","C11","C8","C16"
"TH2#TGGCTTTGTCCTTCAG-1","TH2","C20","C3","C4","C4","C11","C2"
"TH2#CCGTTTGGTCGTTACT-1","TH2","C20","C3","C4","C4","C11","C2"
"TH2#CTCAATAAGGCGGGTA-1","TH2","C20","C1","C2","C2","C5","C7"
"TH2#CAATCCTGTTTGAGGC-1","TH2","C20","C1","C1","C1","C12","C6"
"TH2#TAGTACGGTCCTTCAG-1","TH2","C20","C4","C8","C11","C8","C16"
"TH2#CATAGTCAGCTTGCTC-1","TH2","C20","C2","C3","C3","C13","C4"
"TH2#GATGCTTAGGGTGGAT-1","TH2","C20","C1","C1","C1","C12","C6"
"TH2#TTCAGCACATTAGCGC-1","TH2","C20","C2","C3","C3","C13","C5"
"TH2#ACAGGAATCCGCTAGA-1","TH2","C20","C2","C3","C3","C13","C4"
"TH2#GGCTGGTTCATTACTC-1","TH2","C20","C4","C8","C11","C8","C16"
"TH2#TTGTTGTTCACGCCAA-1","TH2","C20","C2","C3","C3","C13","C5"
"TH2#TTGGCTACATTGCGGT-1","TH2","C20","C3","C5","C5","C11","C2"
"TH2#GATGACTTCTTTAGGA-1","TH2","C20","C4","C6","C9","C1","C14"
"TH2#ACGCCTTTCAAACCGT-1","TH2","C20","C3","C4","C4","C10","C15"
"TH2#GACACCGGTCATTACC-1","TH2","C20","C1","C2","C2","C5","C8"
"TH2#TAGGGTTTCTGGCAAT-1","TH2","C20","C3","C4","C4","C11","C2"
"TH2#TATGGTCAGCTCAATA-1","TH2","C20","C4","C8","C10","C7","C15"
"TH2#AGACCCGGTTTGAGCA-1","TH2","C20","C4","C8","C11","C8","C16"
"TH2#CTGTTAAAGCATTATG-1","TH2","C20","C2","C3","C3","C11","C2"
"TH2#GACCTAAGTCTAACAG-1","TH2","C20","C3","C4","C4","C10","C9"
"TH2#TACCGCAAGTGAACAG-1","TH2","C20","C5","C9","C7","C3","C12"
"TH2#GTAGGTGCAACTAGAA-1","TH2","C20","C4","C8","C11","C8","C16"
"TH2#CCAAGTTAGCTCCTAC-1","TH2","C20","C6","C7","C6","C2","C11"
"TH2#AGGCCCAGTGTTGTAG-1","TH2","C20","C4","C2","C11","C6","C17"
"TH2#TCTCAATTCCTCCATA-1","TH2","C20","C4","C8","C11","C8","C16"
"TH2#AAAGCGGGTGAGACTC-1","TH2","C20","C2","C3","C3","C13","C1"
"TH2#CTTAGTTTCCGCAACA-1","TH2","C20","C4","C8","C11","C8","C16"
"TH2#TGCTCAACAACAGCCT-1","TH2","C20","C4","C8","C11","C8","C16"
"TH2#GTGTTACAGACTAAGG-1","TH2","C20","C4","C8","C10","C7","C15"
"TH2#GTAAGCGCAATTATGC-1","TH2","C20","C4","C8","C11","C8","C16"
"TH2#TACTCGCTCCTGAGTG-1","TH2","C20","C5","C9","C7","C3","C12"
"TH2#TTGGAGGCATTAGGTT-1","TH2","C20","C1","C2","C2","C5","C7"
"TH2#CCATAAATCACTCAAA-1","TH2","C20","C3","C4","C4","C11","C2"
"TH2#CAAACACTCCAAGTTA-1","TH2","C20","C3","C5","C5","C9","C10"
"TH2#GCCTCAAAGGACCTCA-1","TH2","C20","C3","C4","C10","C7","C15"
"TH2#GCGGATACAGCTAACC-1","TH2","C20","C1","C2","C2","C5","C7"
"TH2#CTTAAGATCAAGACTC-1","TH2","C20","C4","C6","C9","C1","C14"
"TH2#TGCTAACAGCAGGTGG-1","TH2","C20","C4","C8","C11","C8","C16"
"TH2#CTAGTTGCACCCTCAC-1","TH2","C20","C3","C4","C4","C10","C9"
"TH2#GAGCCTTCAAAGCGGC-1","TH2","C20","C6","C7","C6","C2","C11"
"TH2#GGGCTAACACAGCCTG-1","TH2","C20","C1","C2","C2","C5","C7"
"TH2#AGGATATAGGCGAAAC-1","TH2","C20","C1","C2","C2","C6","C17"
"TH2#CACCTGTTCAGTGAAG-1","TH2","C20","C6","C10","C8","C4","C13"
"TH2#TGTTGGCCACAAAGAC-1","TH2","C20","C6","C10","C8","C4","C13"
"TH2#GGACCGAAGGCTAATC-1","TH2","C20","C3","C4","C4","C10","C9"
"TH2#GCCATTACACTAAGTT-1","TH2","C20","C4","C8","C11","C8","C16"
"TH2#GTCGAAGCAAGGACCA-1","TH2","C20","C1","C2","C2","C5","C8"
"TH2#CAATGACTCTTGCTAT-1","TH2","C20","C2","C5","C5","C11","C1"
"TH2#GAGAGGCGTTCCGGGA-1","TH2","C20","C4","C8","C11","C8","C16"
"TH2#GCTTGACCAGGTATTT-1","TH2","C20","C4","C8","C10","C7","C15"
"TH2#CAGCTAAGTCCAAATG-1","TH2","C20","C2","C3","C3","C13","C1"
"TH2#CTTCTCAAGTACCGCA-1","TH2","C20","C1","C2","C2","C5","C7"
"TH2#TAACCTAAGGTACCGC-1","TH2","C20","C4","C8","C10","C7","C15"
"TH2#TAGCCTCTCATGCATA-1","TH2","C20","C2","C3","C3","C13","C1"
"TH2#CCCGTAAAGGGTTATC-1","TH2","C20","C2","C3","C3","C13","C4"
"TH2#GTAGGCGAGGAAGCAC-1","TH2","C20","C1","C2","C2","C5","C7"
"TH2#ATGGCCCAGTAGCGGG-1","TH2","C20","C3","C5","C1","C9","C10"
"TH2#TTGGTGAGTGGTTATG-1","TH2","C20","C1","C1","C1","C12","C6"
"TH2#ATCCATAAGTTTGAGC-1","TH2","C20","C4","C8","C11","C8","C16"
"TH2#ACTAAAGCAGGAACCA-1","TH2","C20","C4","C8","C11","C8","C16"
"TH2#CCGCTAAAGGTTAGCT-1","TH2","C20","C6","C7","C6","C2","C11"
"TH2#GTACTAGGTGCCGCAA-1","TH2","C20","C6","C10","C11","C2","C11"
"TH2#CCCAGCACATGAATAG-1","TH2","C20","C3","C5","C5","C14","C3"
"TH2#GTTGGCCAGGCCGGAA-1","TH2","C20","C6","C10","C8","C4","C13"
"TH2#AGGGTTGCAGCAAGTG-1","TH2","C20","C6","C7","C6","C2","C11"
"TH2#TAATGCATCGTTTCGC-1","TH2","C20","C3","C4","C4","C10","C9"
"TH2#CCGTTAACAGCCGCTA-1","TH2","C20","C1","C2","C2","C5","C7"
"TH2#GCCAATAGTGTCCAGG-1","TH2","C20","C2","C3","C3","C13","C1"
"TH2#CCTTAACGTCATTACC-1","TH2","C20","C6","C7","C6","C2","C11"
"TH2#CTAACCACATGTTGGC-1","TH2","C20","C6","C10","C8","C4","C13"
"TH2#ATGGTTATCGACAAAG-1","TH2","C20","C2","C3","C3","C13","C5"
"TH2#TGAAGTGAGGTTAGAG-1","TH2","C20","C5","C9","C7","C3","C12"
"TH2#TGTTATGAGCCACATG-1","TH2","C20","C1","C2","C2","C6","C17"
"TH2#TACCTGCTCGTAATCA-1","TH2","C20","C3","C4","C4","C10","C9"
"TH2#TCCACAACAATAGCCC-1","TH2","C20","C2","C3","C3","C13","C1"
"TH2#AATTGCTCATTTGCTC-1","TH2","C20","C4","C8","C11","C8","C16"
"TH2#ACGCAAGCACTATGGC-1","TH2","C20","C2","C3","C5","C11","C2"
"TH2#CATCATAAGCAAGGTA-1","TH2","C20","C6","C10","C8","C4","C13"
"TH2#AGCTACGTCTATTGTC-1","TH2","C20","C3","C4","C4","C11","C2"
"TH2#TCAGGAGCATCCAGGT-1","TH2","C20","C6","C9","C7","C3","C12"
"TH2#TGAGAACCATGAAATG-1","TH2","C20","C1","C2","C2","C5","C7"
"TH2#TCAAGAACAATTAGGA-1","TH2","C20","C3","C4","C4","C11","C2"
"TH2#CGCCTCATCTCACATT-1","TH2","C20","C3","C4","C4","C10","C9"
"TH2#CGATTATCAGTTTCTC-1","TH2","C20","C2","C3","C3","C13","C1"
"TH2#GTGTAACTCTTAGCCC-1","TH2","C20","C1","C2","C2","C6","C17"
"TH2#TTGCACACACATACTG-1","TH2","C20","C1","C2","C2","C5","C8"
"TH2#CATAGCTAGAGAGGAG-1","TH2","C20","C2","C3","C3","C13","C1"
"TH2#GGCTCACAGTGCTGTG-1","TH2","C20","C1","C2","C2","C5","C7"
"TH2#GCCGTGAGTGCCTCAC-1","TH2","C20","C1","C2","C2","C5","C7"
"TH2#GATCACTAGCACGATT-1","TH2","C20","C1","C1","C1","C12","C6"
"TH2#TGCACCTTCACAAGCT-1","TH2","C20","C3","C4","C4","C10","C15"
"TH2#GTGTCCAAGCTAAGTC-1","TH2","C20","C4","C8","C11","C8","C16"
"TH2#CCCGCAACAGGACCAA-1","TH2","C20","C3","C4","C4","C10","C9"
"TH2#GTCTATGCAGAATGAC-1","TH2","C20","C4","C8","C10","C7","C15"
"TH2#GCGGGTTTCTGCAAGT-1","TH2","C20","C3","C5","C5","C9","C10"
"TH2#CTGACCAAGGACAATG-1","TH2","C20","C2","C3","C3","C13","C4"
"TH2#CCTGTTGGTGTAACCA-1","TH2","C20","C5","C9","C7","C3","C12"
"TH2#AGGTAACCATTGTCCT-1","TH2","C20","C2","C3","C3","C13","C5"
"TH2#GGCTATTAGGCCCAGT-1","TH2","C20","C3","C4","C4","C11","C2"
"TH2#CGCCTCATCTTAGTGA-1","TH2","C20","C3","C5","C5","C9","C10"
"TH2#ACGAGTAAGCATGGTT-1","TH2","C20","C6","C10","C8","C4","C13"
"TH2#ACCCAACCAGGCTTGT-1","TH2","C20","C5","C9","C7","C3","C12"
"TH2#TGATTCAAGCTCAAAC-1","TH2","C20","C2","C3","C3","C13","C1"
"TH2#CTAAGTCAGCAAGATG-1","TH2","C20","C3","C5","C5","C9","C10"
"TH2#ACATCATCATTAGCGC-1","TH2","C20","C6","C10","C8","C4","C13"
"TH2#CCACAATAGGATCCGC-1","TH2","C20","C1","C2","C2","C6","C17"
"TH2#TGTGTTAAGTGCACGC-1","TH2","C20","C4","C8","C10","C7","C15"
"TH2#GGAACTAAGCTGAGGG-1","TH2","C20","C3","C5","C5","C11","C2"
"TH2#ACGGGAAGTAATGGCC-1","TH2","C20","C2","C3","C3","C13","C4"
"TH2#CCAAATCAGCACGATT-1","TH2","C20","C1","C1","C1","C12","C6"
"TH2#ATTCCTCCACCAAAGG-1","TH2","C20","C3","C5","C5","C9","C10"
"TH2#CTGGTCAAGGCGAATA-1","TH2","C20","C3","C4","C4","C11","C2"
"TH2#CGCATTTGTAGGTTTG-1","TH2","C20","C6","C10","C8","C4","C13"
"TH2#GCCACTAAGTATTGGC-1","TH2","C20","C3","C4","C4","C10","C9"
"TH2#TGTGATCAGCTTTGGG-1","TH2","C20","C3","C4","C4","C10","C9"
"TH2#GCTTACCTCAGGGCCT-1","TH2","C20","C4","C8","C11","C8","C16"
"TH2#CTAAGGTTCCGCAAAT-1","TH2","C20","C4","C8","C11","C8","C16"
"TH2#GCCAACATCGGGATTT-1","TH2","C20","C1","C2","C7","C6","C17"
"TH2#TTAGCGGTCTCAATGA-1","TH2","C20","C3","C4","C4","C10","C9"
"TH2#TCCATTGTCATTACGA-1","TH2","C20","C5","C9","C7","C3","C12"
"TH2#GCTGTAAGTTGCATCT-1","TH2","C20","C5","C9","C7","C3","C12"
"TH2#GACAATACAAATTCGT-1","TH2","C20","C4","C8","C10","C7","C15"
"TH2#TCACATAAGTAGCCAT-1","TH2","C20","C3","C4","C4","C10","C9"
"TH2#GGCTCAATCACTAAGC-1","TH2","C20","C1","C2","C7","C6","C17"
"TH2#TGTTGTAAGAAGGTGC-1","TH2","C20","C3","C5","C5","C11","C2"
"TH2#TAGACCAGTTACATCC-1","TH2","C20","C3","C5","C5","C9","C10"
"TH2#GAGCGGTCACCCACAG-1","TH2","C20","C3","C5","C5","C9","C10"
"TH2#ATCCTTAGTAGGTGTC-1","TH2","C20","C2","C3","C3","C13","C5"
"TH2#TTGCAATCATTGCGTA-1","TH2","C20","C1","C1","C1","C12","C6"
"TH2#ACATCATCACAAAGGT-1","TH2","C20","C3","C4","C4","C10","C9"
"TH2#AAATGGCCACCCACAG-1","TH2","C20","C2","C5","C5","C11","C2"
"TH2#GCTATTGCATTGTCAG-1","TH2","C20","C6","C7","C6","C2","C11"
"TH2#CGCTCCATCTTAATGG-1","TH2","C20","C4","C8","C11","C8","C16"
"TH2#ACTATCCGTTCAAGCA-1","TH2","C20","C2","C3","C3","C13","C4"
"TH2#GGATAACCATTGCGTA-1","TH2","C20","C6","C7","C6","C2","C11"
"TH2#ATTCATGAGTGAACGA-1","TH2","C20","C5","C9","C7","C3","C12"
"TH2#CAAACGCGTTAGCAGC-1","TH2","C20","C2","C3","C5","C11","C2"
"TH2#CTGACATAGAGCCGCT-1","TH2","C20","C2","C3","C3","C13","C1"
"TH2#CGTATTGCAGGCATCT-1","TH2","C20","C1","C1","C1","C12","C6"
"TH2#ACATAGCTCCGTTAAA-1","TH2","C20","C6","C10","C8","C4","C13"
"TH2#ATGTAAGCATAAGCAA-1","TH2","C20","C4","C8","C11","C8","C16"
"TH2#ATCAAGACACTTCACT-1","TH2","C20","C4","C8","C11","C8","C16"
"TH2#CATCCCAGTATTCGCT-1","TH2","C20","C4","C8","C11","C8","C16"
"TH2#GTCTAATCAGTAAGTA-1","TH2","C20","C2","C3","C3","C11","C1"
"TH2#AGCACTAGTTACAAAC-1","TH2","C20","C2","C3","C3","C13","C1"
"TH2#GGCATGGAGGTCCACA-1","TH2","C20","C6","C10","C8","C2","C11"
"TH2#CATTCCTCAACTAGGG-1","TH2","C20","C1","C1","C1","C12","C6"
"TH2#TCAAGAACACTAAGCC-1","TH2","C20","C5","C9","C7","C3","C12"
"TH2#ACCTACCTCCGCCTAT-1","TH2","C20","C2","C3","C3","C13","C4"
"TH2#TAGGTTATCCCATAAA-1","TH2","C20","C4","C8","C11","C8","C16"
"TH2#GTGCTTCTCTCAATTC-1","TH2","C20","C2","C5","C5","C9","C4"
"TH2#GTTGCCCGTAACGGGA-1","TH2","C20","C4","C8","C10","C7","C15"
"TH2#CACCGGTAGGCTAGAA-1","TH2","C20","C3","C4","C10","C7","C15"
"TH2#AGCGCCTAGCCACATG-1","TH2","C20","C3","C4","C4","C10","C15"
"TH2#ATCACCCTCCATCAGG-1","TH2","C20","C3","C5","C5","C9","C10"
"TH2#TGGCGGTTCTTGATGA-1","TH2","C20","C1","C2","C2","C5","C8"
"TH2#ATTCGTTTCGATTCTT-1","TH2","C20","C3","C4","C4","C11","C2"
"TH2#CTGACCAAGTAACGGA-1","TH2","C20","C3","C4","C5","C11","C2"
"TH2#CCAACATAGCAATAGG-1","TH2","C20","C2","C3","C3","C13","C1"
"TH2#GCAGGAAGTTGCGGAT-1","TH2","C20","C6","C10","C8","C4","C13"
"TH2#ATCACCCTCCCTTGCG-1","TH2","C20","C2","C3","C3","C13","C4"
"TH2#AGTTGTCAGCATGTTA-1","TH2","C20","C4","C8","C11","C8","C17"
"TH2#TGAGGTGCAATAGCAA-1","TH2","C20","C5","C9","C7","C3","C12"
"TH2#AAGCTTGGTACCAGGT-1","TH2","C20","C4","C8","C11","C8","C16"
"TH2#CCTTCAGGTTGTCATC-1","TH2","C20","C2","C3","C3","C13","C5"
"TH2#AATCTCAAGCTGTCAG-1","TH2","C20","C3","C5","C5","C9","C10"
"TH2#GATGCATTCACGCATG-1","TH2","C20","C3","C5","C5","C11","C2"
"TH2#ACCATAATCGTTAACA-1","TH2","C20","C3","C5","C5","C9","C10"
"TH2#AATGTCATCATCCACC-1","TH2","C20","C2","C3","C3","C13","C1"
"TH2#TGCGATTAGCTATTGA-1","TH2","C20","C5","C9","C7","C3","C12"
"TH2#AGCAACAAGTACCGCA-1","TH2","C20","C1","C1","C1","C12","C6"
"TH2#GCATGAAAGCATCCAG-1","TH2","C20","C3","C4","C5","C11","C2"
"TH2#GGTATTGGTAAGCTCA-1","TH2","C20","C2","C3","C3","C13","C2"
"TH2#TTCCTCAAGATAACCC-1","TH2","C20","C1","C2","C2","C5","C7"
"TH2#CCCTGTTAGGTCAAAG-1","TH2","C20","C3","C4","C5","C11","C2"
"TH2#GGTTTCCTCGTTATCT-1","TH2","C20","C3","C4","C4","C10","C9"
"TH2#TAGTTGTCAATAGTCT-1","TH2","C20","C3","C4","C4","C10","C9"
"TH2#CTTATGTTCCGGCTAA-1","TH2","C20","C1","C2","C2","C6","C17"
"TH2#CAATGCCCAAGCTACC-1","TH2","C20","C6","C7","C6","C2","C11"
"TH2#CTAGTTGCAACTAGAA-1","TH2","C20","C6","C7","C6","C2","C11"
"TH2#GGTCCATCAGTTAGCC-1","TH2","C20","C3","C4","C4","C10","C9"
"TH2#TCTCACCAGATGGAGC-1","TH2","C20","C4","C8","C11","C8","C16"
"TH2#AATGTCATCCTAATGA-1","TH2","C20","C6","C10","C8","C4","C13"
"TH2#CTCAATAAGGCTTAAC-1","TH2","C20","C3","C5","C5","C9","C10"
"TH2#ATAGGTACAGAAATGC-1","TH2","C20","C6","C10","C8","C4","C13"
"TH2#CAAGTATGTTAACACG-1","TH2","C20","C3","C4","C4","C11","C2"
"TH2#GGCAATCGTGCAATGC-1","TH2","C20","C6","C10","C8","C4","C13"
"TH2#AGGATCCGTCATCCTG-1","TH2","C20","C2","C5","C3","C11","C1"
"TH2#TCAGGTTAGGCGGGTA-1","TH2","C20","C1","C2","C2","C5","C7"
"TH2#GGGTTATTCAGGAAGC-1","TH2","C20","C2","C3","C3","C13","C4"
"TH2#TTGGCTACACTTCACT-1","TH2","C20","C1","C1","C1","C12","C6"
"TH2#GATAACGAGTAGCGGG-1","TH2","C20","C6","C7","C6","C2","C11"
"TH2#TTTGCGGAGGCCTGGT-1","TH2","C20","C3","C4","C4","C10","C9"
"TH2#CCCTTAATCTGTAAGC-1","TH2","C20","C3","C5","C5","C9","C10"
"TH2#AGTAAGTAGTAATCCA-1","TH2","C20","C4","C8","C11","C8","C16"
"TH2#TACGCACCAAGATTCT-1","TH2","C20","C1","C2","C2","C5","C7"
"TH2#ACTATCCGTTTAACGG-1","TH2","C20","C1","C2","C2","C5","C7"
"TH2#CCAGCTGCAACAGCCT-1","TH2","C20","C3","C4","C4","C10","C9"
"TH2#GGCCGTTAGCTTCTCA-1","TH2","C20","C6","C10","C8","C4","C13"
"TH2#ATTGCAGGTGGTTATG-1","TH2","C20","C6","C10","C8","C4","C13"
"TH2#GCAGGCAAGTTATTCC-1","TH2","C20","C2","C3","C3","C13","C5"
"TH2#TCAAGTATCCCTTGCG-1","TH2","C20","C5","C9","C7","C3","C12"
"TH2#CCTATAGCAGTCTAAT-1","TH2","C20","C4","C8","C10","C7","C15"
"TH2#TGGTTAATCTCCTCTT-1","TH2","C20","C2","C3","C3","C11","C1"
"TH2#CATTTGTTCGGGATTT-1","TH2","C20","C4","C4","C10","C7","C15"
"TH2#TCTACTAGTTGGTGAC-1","TH2","C20","C2","C3","C3","C13","C5"
"TH2#TTGCAGCCACAGAAAC-1","TH2","C20","C3","C5","C5","C11","C2"
"TH2#TCATAACCATGACTAT-1","TH2","C20","C3","C4","C4","C10","C9"
"TH2#CACGCAATCTATTGTC-1","TH2","C20","C3","C4","C4","C10","C9"
"TH2#ACAGGTAAGTAAGGGC-1","TH2","C20","C2","C3","C3","C13","C5"
"TH2#CCTGAATAGTGAGCAA-1","TH2","C20","C1","C2","C2","C6","C17"
"TH2#TTCATCCCAGGTTCAC-1","TH2","C20","C2","C5","C5","C9","C4"
"TH2#CCAGCTAAGTAACGGA-1","TH2","C20","C4","C8","C10","C7","C15"
"TH2#GAACACAAGCACTTGG-1","TH2","C20","C3","C4","C4","C10","C9"
"TH2#ATTGGCTAGACTTACA-1","TH2","C20","C3","C4","C4","C10","C9"
"TH2#GTGATGAAGGCAGGTG-1","TH2","C20","C1","C2","C2","C6","C17"
"TH2#CCGCCAACATTCCTCG-1","TH2","C20","C1","C1","C1","C12","C6"
"TH2#TCAAACCAGCGATAAG-1","TH2","C20","C5","C9","C7","C3","C12"
"TH2#GCTGCATCACCTGGTG-1","TH2","C20","C3","C5","C5","C11","C2"
"TH2#TTGATGTCAATAAGCA-1","TH2","C20","C3","C4","C4","C10","C9"
"TH2#AAGCGCTGTACTTAGG-1","TH2","C20","C5","C9","C7","C3","C12"
"TH2#CTTCACTCACCACAAC-1","TH2","C20","C4","C8","C11","C6","C17"
"TH2#GCTGTAAGTTCTTTAG-1","TH2","C20","C1","C2","C2","C5","C8"
"TH2#AAAGGTTAGATGCCTG-1","TH2","C20","C1","C1","C1","C12","C6"
"TH2#ACCTTCCAGACTTACA-1","TH2","C20","C1","C2","C2","C6","C17"
"TH2#CTAAGTCAGGTTACGT-1","TH2","C20","C4","C8","C11","C8","C16"
"TH2#TGTGCTGAGCATGCAT-1","TH2","C20","C6","C7","C6","C2","C11"
"TH2#TTAAGTGTCAATGTGC-1","TH2","C20","C4","C8","C11","C8","C16"
"TH2#CCTAAATCATCCAGGT-1","TH2","C20","C3","C4","C4","C11","C2"
"TH2#TGATCACAGCCGCTAA-1","TH2","C20","C1","C2","C2","C5","C7"
"TH2#GCAAACTTCGTTTCCA-1","TH2","C20","C4","C8","C11","C8","C16"
"TH2#CTAATCCGTACCAGGT-1","TH2","C20","C3","C4","C4","C10","C9"
"TH2#CTGTTTAGTTAGCGTA-1","TH2","C20","C4","C6","C9","C1","C14"
"TH2#TTGACATCAAGTAAGC-1","TH2","C20","C3","C4","C4","C10","C9"
"TH2#TTTGTGGCAGTTATGT-1","TH2","C20","C4","C8","C11","C6","C17"
"TH2#GATCCGTCATGATTGT-1","TH2","C20","C1","C1","C1","C12","C6"
"TH2#GATAATCGTCAAAGGG-1","TH2","C20","C4","C8","C11","C8","C16"
"TH2#TTTCTCACACATAGCC-1","TH2","C20","C3","C5","C5","C11","C2"
"TH2#AACTTAGTCATCCTAT-1","TH2","C20","C2","C3","C3","C13","C4"
"TH2#TTTAGCTTCATTACTC-1","TH2","C20","C4","C8","C10","C7","C15"
"TH2#AGAGAAGCATAAGCAA-1","TH2","C20","C3","C4","C4","C11","C2"
"TH2#AGTTGGCGTTAGTGAT-1","TH2","C20","C4","C8","C11","C8","C17"
"TH2#GAAGGAACACAGAACG-1","TH2","C20","C5","C9","C7","C3","C12"
"TH2#TCAAGTATCCTCACAC-1","TH2","C20","C1","C2","C2","C5","C8"
"TH2#TCCAGGTCATACTCCT-1","TH2","C20","C3","C5","C5","C9","C10"
"TH2#CTTATGTTCGTCAAGT-1","TH2","C20","C6","C7","C6","C2","C11"
"TH2#ATTGTGATCACTCGCT-1","TH2","C20","C3","C5","C5","C9","C10"
"TH2#TAGCCTTGTAAGGTCC-1","TH2","C20","C1","C2","C2","C6","C8"
"TH2#TAATGGACATTGGGAG-1","TH2","C20","C2","C3","C3","C13","C1"
"TH2#ATATAGGCACTAGGTC-1","TH2","C20","C3","C4","C4","C11","C2"
"TH2#CCCTGTTAGAGGAAGG-1","TH2","C20","C1","C2","C2","C5","C8"
"TH2#GCAGGATAGCCGGTAC-1","TH2","C20","C2","C3","C3","C13","C1"
"TH2#GTTTAACCATAGACTT-1","TH2","C20","C5","C9","C7","C3","C12"
"TH2#AATGCATGTAAGTCGC-1","TH2","C20","C1","C2","C2","C5","C7"
"TH2#GGAACAATCGATCAGT-1","TH2","C20","C4","C8","C11","C8","C16"
"TH2#GACTTGGTCCTCCATA-1","TH2","C20","C3","C4","C4","C10","C9"
"TH2#CTTACCGGTTGCCTCA-1","TH2","C20","C2","C3","C3","C13","C5"
"TH2#ATCAGGTTCACGCGGT-1","TH2","C20","C4","C8","C10","C7","C15"
"TH2#ATGAATGCATCACTTC-1","TH2","C20","C1","C2","C7","C6","C17"
"TH2#TGCTTCCAGAAGCTAG-1","TH2","C20","C2","C3","C3","C13","C4"
"TH2#GGAGGTTAGACAGGTA-1","TH2","C20","C1","C1","C1","C12","C6"
"TH2#AGTGAACCATGTCGCG-1","TH2","C20","C1","C2","C2","C5","C7"
"TH2#ATTACGTCAATCCTAG-1","TH2","C20","C3","C5","C5","C11","C2"
"TH2#AGCTATATCAATTACG-1","TH2","C20","C1","C2","C7","C6","C17"
"TH2#GTGCGCAGTACCAGGT-1","TH2","C20","C3","C4","C4","C11","C2"
"TH2#GATGGCTGTCATTGAG-1","TH2","C20","C1","C2","C2","C9","C8"
"TH2#GAGTCAAAGGAAGCTA-1","TH2","C20","C1","C2","C2","C6","C17"
"TH2#CTCCGGACAACCTGGT-1","TH2","C20","C6","C7","C6","C2","C11"
"TH2#TCCCTGGTCCTGTTCA-1","TH2","C20","C4","C8","C11","C8","C16"
"TH2#TTACACCGTTGCACAA-1","TH2","C20","C2","C3","C3","C13","C1"
"TH2#AGTGTTTCAAATACCT-1","TH2","C20","C6","C10","C8","C4","C13"
"TH2#AGTGGACAGGAGGACT-1","TH2","C20","C1","C2","C2","C6","C17"
"TH2#ACCTTGTGTTGAGGTC-1","TH2","C20","C2","C3","C3","C13","C4"
"TH2#TGCATGAGTTTGTTGC-1","TH2","C20","C4","C8","C11","C8","C16"
"TH2#TGAGGCACATTAAACC-1","TH2","C20","C4","C8","C11","C8","C16"
"TH2#AGCTAAACAAGGTAAC-1","TH2","C20","C1","C1","C1","C12","C6"
"TH2#TCCTTCAAGGTAACGA-1","TH2","C20","C4","C8","C11","C8","C16"
"TH2#CAATGCCCATGTGGGA-1","TH2","C20","C2","C3","C3","C13","C1"
"TH2#GTGTTCCTCTTGGACG-1","TH2","C20","C1","C1","C1","C12","C6"
"TH2#CACTAAGGTCCTAATC-1","TH2","C20","C6","C10","C8","C4","C13"
"TH2#CATAGGTTCGTTACTT-1","TH2","C20","C1","C2","C2","C5","C7"
"TH2#AGTAAACAGGACCAGG-1","TH2","C20","C3","C4","C4","C11","C2"
"TH2#GGCGGTAAGTAACCAC-1","TH2","C20","C4","C8","C10","C7","C15"
"TH2#GTAGGATCAGGCTAGA-1","TH2","C20","C1","C2","C2","C5","C7"
"TH2#TATCGCGAGCTATTGA-1","TH2","C20","C4","C8","C11","C6","C17"
"TH2#GGGTCAACAGTAAGTA-1","TH2","C20","C1","C2","C2","C5","C7"
"TH2#AACCGGCTCAAGTGTC-1","TH2","C20","C3","C5","C5","C11","C2"
"TH2#TTAGCAGGTCCTTTAA-1","TH2","C20","C3","C5","C5","C9","C3"
"TH2#TGTTATGAGGGCTAAA-1","TH2","C20","C6","C10","C8","C4","C13"
"TH2#TACGGATTCAATGACC-1","TH2","C20","C4","C8","C11","C6","C17"
"TH2#CCTTACTCATGCATAT-1","TH2","C20","C3","C4","C4","C10","C9"
"TH2#ATGGCCGGTTATCCGT-1","TH2","C20","C3","C5","C1","C9","C10"
"TH2#AAGGATTAGCCGCAAC-1","TH2","C20","C5","C9","C7","C3","C12"
"TH2#CAAGACAAGGACCTTG-1","TH2","C20","C3","C5","C5","C9","C10"
"TH2#AGTGCCGGTCACCTAT-1","TH2","C20","C6","C10","C8","C4","C13"
"TH2#GCTGCAATCATTTGCT-1","TH2","C20","C4","C2","C11","C6","C17"
"TH2#TGTGGAGCACTAAGAA-1","TH2","C20","C2","C3","C3","C13","C4"
"TH2#CCTAATCGTTCAAGAT-1","TH2","C20","C1","C2","C7","C6","C17"
"TH2#TGAGTGAAGCTTAGTA-1","TH2","C20","C4","C8","C11","C8","C17"
"TH2#GGAGTCTGTCGAAGTC-1","TH2","C20","C4","C8","C11","C8","C16"
"TH2#CAGGATGCACAGCCTG-1","TH2","C20","C4","C8","C10","C7","C15"
"TH2#AAACGGATCGGCTATG-1","TH2","C20","C1","C2","C2","C6","C17"
"TH2#AAACCGGCAGAAATGC-1","TH2","C20","C4","C8","C11","C8","C17"
"TH2#GTTTGTAAGTCAGTAC-1","TH2","C20","C5","C9","C7","C3","C12"
"TH2#ATGACAACAAACTCAT-1","TH2","C20","C6","C10","C8","C4","C13"
"TH2#GATGACTTCATGTTTC-1","TH2","C20","C4","C8","C11","C8","C16"
"TH2#CAAAGGATCCAGCACA-1","TH2","C20","C3","C4","C4","C10","C9"
"TH2#ATTGGTTCACGAATCC-1","TH2","C20","C4","C8","C10","C7","C15"
"TH2#GAAGGATGTGATGGCT-1","TH2","C20","C3","C5","C5","C11","C2"
"TH2#ACAGGAATCCGCAAAT-1","TH2","C20","C2","C3","C3","C13","C4"
"TH2#CCCTCACCAGGTCCTG-1","TH2","C20","C4","C8","C11","C6","C17"
"TH2#TAACCGGTCGAAGTGA-1","TH2","C20","C4","C8","C11","C8","C16"
"TH2#CTCCTCACACCGGCTA-1","TH2","C20","C2","C3","C3","C13","C1"
"TH2#TACAACATCATTGTTC-1","TH2","C20","C2","C3","C3","C9","C4"
"TH2#ATAACGACACCAGCAT-1","TH2","C20","C4","C4","C4","C10","C15"
"TH2#GTAGCTGTCACCTGTC-1","TH2","C20","C1","C2","C2","C6","C7"
"TH2#GATTATGTCGGTCAAT-1","TH2","C20","C6","C7","C6","C2","C11"
"TH2#CCTAAAGGTGGGTGAA-1","TH2","C20","C3","C4","C4","C10","C9"
"TH2#GGTGTTGTCATTGTCT-1","TH2","C20","C1","C2","C2","C5","C7"
"TH2#ATCCGTGAGCATGGTT-1","TH2","C20","C3","C5","C5","C11","C2"
"TH2#CAGGACCTCTGTTCAT-1","TH2","C20","C1","C2","C2","C5","C7"
"TH2#CCATAATCAGCATGTC-1","TH2","C20","C2","C5","C5","C11","C1"
"TH2#AGTAATCGTATTGAGT-1","TH2","C20","C5","C9","C7","C3","C12"
"TH2#TCCTCACAGCTGGAAA-1","TH2","C20","C2","C3","C3","C13","C4"
"TH2#TGACCTTGTCGTTACT-1","TH2","C20","C1","C2","C2","C5","C7"
"TH2#CTCTAGCTCCCTGGAA-1","TH2","C20","C2","C3","C3","C13","C4"
"TH2#GTCATGAGTGAGCAAG-1","TH2","C20","C3","C5","C5","C9","C10"
"TH2#CGCTTGCGTGGAAACG-1","TH2","C20","C2","C3","C3","C13","C4"
"TH2#GGCAAATCATGACTAT-1","TH2","C20","C5","C9","C7","C3","C12"
"TH2#ACTCACCTCACTCAAA-1","TH2","C20","C3","C5","C5","C11","C2"
"TH2#TGCACCTTCGTCCTTA-1","TH2","C20","C6","C7","C6","C2","C11"
"TH2#ATCCTGACATGATTGT-1","TH2","C20","C2","C3","C3","C13","C4"
"TH2#GCATTGCCATTAAGTC-1","TH2","C20","C1","C1","C1","C12","C6"
"TH2#GAGGCTACATTAAACC-1","TH2","C20","C1","C2","C2","C5","C8"
"TH2#AGCATTTCAACAACAA-1","TH2","C20","C1","C2","C2","C5","C7"
"TH2#TCCTTTACAGTACCGT-1","TH2","C20","C3","C4","C4","C10","C9"
"TH2#CGCAAATTCACGAATC-1","TH2","C20","C2","C3","C3","C13","C4"
"TH2#TGGGCATGTAACCACA-1","TH2","C20","C1","C2","C7","C6","C17"
"TH2#CCTTCGTAGCTCAAAC-1","TH2","C20","C2","C3","C3","C13","C4"
"TH2#GTACTAGGTGATGATT-1","TH2","C20","C2","C5","C5","C11","C4"
"TH2#CCTCCTGAGCTGGCTA-1","TH2","C20","C2","C3","C3","C13","C1"
"TH2#CTTTGAGCAGTCTAAT-1","TH2","C20","C5","C9","C7","C3","C12"
"TH2#GTGGATGCATTTAAGC-1","TH2","C20","C2","C3","C3","C13","C2"
"TH2#GATGACTTCTAAGGAG-1","TH2","C20","C2","C3","C3","C13","C5"
"TH2#AAAGCCCGTGTAACCA-1","TH2","C20","C6","C10","C8","C4","C13"
"TH2#AAGCTATGTACAAAGA-1","TH2","C20","C1","C2","C2","C6","C17"
"TH2#GACCTCAAGCTCCTAC-1","TH2","C20","C4","C8","C11","C8","C16"
"TH2#CCTGAGTCATCAGTAT-1","TH2","C20","C3","C5","C1","C9","C10"
"TH2#GTAGCGCTCCTTGCGT-1","TH2","C20","C6","C10","C8","C4","C13"
"TH2#CTTCAGGAGTAACCCG-1","TH2","C20","C4","C8","C11","C8","C16"
"TH2#GCCTGTGCAGCACGTT-1","TH2","C20","C3","C4","C5","C11","C2"
"TH2#CTCTATGTCCTACCTA-1","TH2","C20","C2","C5","C5","C11","C2"
"TH2#GTGCTCCGTCACAGCG-1","TH2","C20","C4","C8","C11","C8","C16"
"TH2#TGCAGGCTCCACCCTG-1","TH2","C20","C2","C3","C3","C13","C1"
"TH2#GTCATGCCAGCCAGTT-1","TH2","C20","C3","C5","C5","C9","C10"
"TH2#AGGTAACCAGTCTAGC-1","TH2","C20","C3","C4","C4","C10","C9"
"TH2#CGTAACCCACTTAGGC-1","TH2","C20","C3","C5","C5","C9","C10"
"TH2#AGTGTGGCAGCATGTC-1","TH2","C20","C6","C10","C8","C4","C13"
"TH2#TGTTCCTCACAAAGAC-1","TH2","C20","C2","C3","C3","C13","C1"
"TH2#GATAACGAGCTCCTAC-1","TH2","C20","C4","C8","C10","C7","C15"
"TH2#ACCAAGTTCATGCTAA-1","TH2","C20","C6","C10","C8","C2","C11"
"TH2#TACGCTTGTAACGGGA-1","TH2","C20","C6","C10","C8","C4","C13"
"TH2#GGCCTTCGTGGGTGAA-1","TH2","C20","C2","C3","C3","C13","C4"
"TH2#AGAAGGTGTTCCATTA-1","TH2","C20","C1","C1","C1","C12","C6"
"TH2#TGTAAGTGTGGAAGGC-1","TH2","C20","C4","C8","C10","C7","C15"
"TH2#CCATAAATCCGTCCAT-1","TH2","C20","C1","C2","C7","C6","C17"
"TH2#GAGGCAAGTGGGAACA-1","TH2","C20","C1","C5","C1","C9","C10"
"TH2#CGCTTACTCAGGCCTA-1","TH2","C20","C4","C8","C11","C8","C16"
"TH2#CCGCTTAGTTGCGGAT-1","TH2","C20","C3","C4","C4","C10","C9"
"TH2#ACTAACTCATGGTTAT-1","TH2","C20","C4","C2","C11","C6","C17"
"TH2#CCCAGCACAGGCGATA-1","TH2","C20","C1","C1","C1","C12","C6"
"TH2#AATTACCCAGTAAGTA-1","TH2","C20","C3","C4","C4","C11","C2"
"TH2#GATCAGGCATAGCGGA-1","TH2","C20","C3","C4","C4","C10","C9"
"TH2#ACGTACCCAAGCTTTG-1","TH2","C20","C6","C7","C6","C2","C11"
"TH2#TACGTAATCGGTTAGT-1","TH2","C20","C4","C8","C11","C8","C16"
"TH2#CGAAATGAGTCGCTAG-1","TH2","C20","C2","C3","C3","C13","C1"
"TH2#GCTGAGGAGAGGAGGA-1","TH2","C20","C4","C8","C11","C8","C16"
"TH2#CCTCCTCTCCTTGAGG-1","TH2","C20","C3","C4","C4","C10","C9"
"TH2#TAATGGACAACTCGCG-1","TH2","C20","C5","C9","C7","C3","C12"
"TH2#AGTCAATGTTGTTGCT-1","TH2","C20","C2","C3","C3","C13","C5"
"TH2#TATTTGCTCTAGCGAT-1","TH2","C20","C3","C4","C4","C10","C9"
"TH2#CACTAGCCATCCATCT-1","TH2","C20","C5","C9","C7","C3","C12"
"TH2#TTCCCACAGTGTTGTA-1","TH2","C20","C4","C8","C11","C8","C16"
"TH2#CAGTACCCAAGGTATA-1","TH2","C20","C4","C8","C11","C8","C16"
"TH2#TCTCACCAGGTCCAAT-1","TH2","C20","C4","C8","C11","C8","C16"
"TH2#CCTGGTAAGTAAGTGG-1","TH2","C20","C1","C2","C2","C5","C7"
"TH2#ACTAATCCAGCTAATT-1","TH2","C20","C4","C8","C11","C8","C16"
"TH2#CAGCTCAAGACTTATG-1","TH2","C20","C1","C2","C2","C6","C1"
"TH2#GACGTAAAGCGCCTAA-1","TH2","C20","C2","C3","C3","C11","C1"
"TH2#GTTCCCAGTATTTGGG-1","TH2","C20","C4","C8","C11","C8","C16"
"TH2#AAGTGCAAGTAATCCA-1","TH2","C20","C2","C3","C3","C13","C5"
"TH2#TCCAGCAAGTTGGATC-1","TH2","C20","C2","C3","C3","C13","C1"
"TH2#GGGAGTAGTCCGCTGT-1","TH2","C20","C1","C2","C2","C6","C17"
"TH2#AATCATCCATATTGAC-1","TH2","C20","C4","C8","C11","C8","C16"
"TH2#GGCCTTCGTACAATGT-1","TH2","C20","C1","C1","C1","C12","C6"
"TH2#CACTTAAAGGCCTGGT-1","TH2","C20","C4","C8","C10","C7","C15"
"TH2#AACGCTAGTCATTGTC-1","TH2","C20","C6","C10","C8","C4","C13"
"TH2#GGTGAGTAGGGACGCA-1","TH2","C20","C3","C4","C5","C11","C2"
"TH2#CAAGGCTGTAGTTAAC-1","TH2","C20","C6","C10","C8","C4","C13"
"TH2#TCTGGCTTCCTAATAG-1","TH2","C20","C4","C8","C11","C8","C16"
"TH2#CTATTGAAGGCCTTAG-1","TH2","C20","C3","C5","C5","C9","C10"
"TH2#GCAGGCAAGCTTAGTA-1","TH2","C20","C2","C3","C3","C13","C1"
"TH2#TTACAGCAGACCATAC-1","TH2","C20","C2","C3","C3","C13","C5"
"TH2#TTTAAGCCATTGTCCT-1","TH2","C20","C3","C4","C5","C11","C2"
"TH2#GGATGTAAGACAACAG-1","TH2","C20","C4","C8","C11","C8","C16"
"TH2#GGCGTTATCGCACACA-1","TH2","C20","C3","C4","C4","C10","C9"
"TH2#AGAATCTGTGTCCTGC-1","TH2","C20","C4","C8","C11","C8","C16"
"TH2#ACCAAGCGTTAGCCAA-1","TH2","C20","C2","C5","C5","C11","C2"
"TH2#TGAGCAAAGTCACGAT-1","TH2","C20","C1","C2","C2","C6","C17"
"TH2#CTCATGACAGGTTATT-1","TH2","C20","C4","C8","C11","C8","C17"
"TH2#GGTCAAGCAATTGCGC-1","TH2","C20","C5","C9","C7","C3","C12"
"TH2#TACGTAATCTTGTCCA-1","TH2","C20","C4","C8","C11","C8","C16"
"TH2#TGAGCTTAGCTTGCTC-1","TH2","C20","C3","C4","C4","C10","C9"
"TH2#TACATCAAGGTCAAAG-1","TH2","C20","C4","C8","C11","C6","C17"
"TH2#GCTAGCCAGAAAGGAA-1","TH2","C20","C1","C1","C1","C12","C6"
"TH2#AGGCGGATCCCTGGAA-1","TH2","C20","C4","C8","C11","C8","C16"
"TH2#TGTGGCGGTCATAGAT-1","TH2","C20","C3","C4","C4","C11","C2"
"TH2#CGCACAATCTTACTCG-1","TH2","C20","C6","C10","C8","C4","C13"
"TH2#CTTACCTCAGGCTTCG-1","TH2","C20","C3","C5","C5","C9","C10"
"TH2#AGTGCACGTAGGTTTG-1","TH2","C20","C4","C8","C11","C8","C16"
"TH2#GACATTATCCTCACTA-1","TH2","C20","C5","C9","C7","C3","C12"
"TH2#AAGCTCCCAACCCTAA-1","TH2","C20","C3","C4","C4","C10","C9"
"TH2#ACGAGTAAGTCAGGCC-1","TH2","C20","C4","C8","C11","C8","C16"
"TH2#CCAGCTAAGTAACAGG-1","TH2","C20","C4","C8","C11","C8","C16"
"TH2#TATCGCACATGGAGGC-1","TH2","C20","C2","C3","C3","C13","C5"
"TH2#GCTTTCATCCAACTGG-1","TH2","C20","C3","C4","C4","C10","C9"
"TH2#GTGTAACTCCCGAAGC-1","TH2","C20","C2","C3","C3","C11","C2"
"TH2#TTGGCTTGTCCTTTAA-1","TH2","C20","C3","C5","C5","C9","C10"
"TH2#AGTAGCTTCACTAATG-1","TH2","C20","C2","C5","C5","C9","C10"
"TH2#TTAAGTGTCCTCACAC-1","TH2","C20","C1","C2","C2","C6","C17"
"TH2#GAGTGATCAAGATTCT-1","TH2","C20","C4","C8","C10","C7","C15"
"TH2#GTCTATGCATGAAATG-1","TH2","C20","C1","C2","C2","C5","C7"
"TH2#AACGGTAAGAGGATAT-1","TH2","C20","C1","C2","C2","C6","C7"
"TH2#AAACGGATCGGGACTC-1","TH2","C20","C4","C8","C11","C8","C16"
"TH2#GATTTGCAGGAAGTAT-1","TH2","C20","C6","C10","C8","C4","C13"
"TH2#CGATTTGCATTCAGCA-1","TH2","C20","C4","C6","C9","C1","C14"
"TH2#CATCCTGGTAAGCTTG-1","TH2","C20","C3","C4","C4","C10","C9"
"TH2#ATCATCAAGGCCATCA-1","TH2","C20","C2","C3","C3","C13","C5"
"TH2#GAGGAGGCACCTCAGG-1","TH2","C20","C2","C5","C5","C11","C1"
"TH2#ACGTCCAAGTAATCCA-1","TH2","C20","C3","C4","C4","C10","C9"
"TH2#CTTGACGAGGCATTAC-1","TH2","C20","C2","C3","C3","C13","C1"
"TH2#TAGTGTGGTTGACTTC-1","TH2","C20","C6","C7","C6","C2","C11"
"TH2#ACCTACCTCGTTACAA-1","TH2","C20","C5","C9","C7","C3","C12"
"TH2#TAGTTTGAGGACCTGC-1","TH2","C20","C6","C7","C6","C2","C11"
"TH2#CCCTGGACATAAACCT-1","TH2","C20","C6","C10","C8","C4","C13"
"TH2#TTCCTTGAGGCAAGTA-1","TH2","C20","C1","C2","C2","C6","C17"
"TH2#AACCTCACAATCCTAG-1","TH2","C20","C2","C3","C3","C11","C2"
"TH2#AGCAACAAGAGGATAT-1","TH2","C20","C2","C3","C3","C11","C2"
"TH2#TCCAGGTCAAGGAATC-1","TH2","C20","C6","C10","C8","C4","C13"
"TH2#CTCCATCAGCGATAGA-1","TH2","C20","C5","C9","C7","C3","C12"
"TH2#CTGGACCAGCCGCAGT-1","TH2","C20","C3","C4","C5","C11","C2"
"TH2#AAGAATCAGTAGAGGC-1","TH2","C20","C4","C8","C10","C7","C15"
"TH2#CAGGCTATCGGCCATA-1","TH2","C20","C1","C1","C1","C9","C8"
"TH2#AATCTCAAGCAAGGAC-1","TH2","C20","C6","C10","C8","C4","C13"
"TH2#GCTTTCATCCGCTAGA-1","TH2","C20","C6","C7","C6","C2","C11"
"TH2#ATCCTCATCCCGAACA-1","TH2","C20","C4","C2","C11","C6","C17"
"TH2#CCAGTTTGTCCTTCAG-1","TH2","C20","C2","C3","C3","C13","C1"
"TH2#AAACCGCGTTTGCTGT-1","TH2","C20","C1","C2","C2","C5","C8"
"TH2#CTTGAACAGTTGGCCA-1","TH2","C20","C5","C9","C7","C3","C12"
"TH2#GGTCAAGCATGAGTTT-1","TH2","C20","C1","C2","C2","C6","C17"
"TH2#TATAGCTCAATCCCTT-1","TH2","C20","C4","C8","C11","C8","C16"
"TH2#AAGTTTGTCTTAGCCC-1","TH2","C20","C2","C5","C5","C9","C4"
"TH2#GACACCGGTTAGAGGG-1","TH2","C20","C4","C8","C10","C7","C15"
"TH2#AACTCACAGGGTGGAT-1","TH2","C20","C1","C1","C1","C12","C6"
"TH2#TTGTTCCCATTGTGCA-1","TH2","C20","C3","C5","C5","C9","C10"
"TH2#TTGCGAGTCGGCCATA-1","TH2","C20","C4","C8","C11","C8","C16"
"TH2#GTTACAGGTTTGCTGT-1","TH2","C20","C6","C10","C8","C4","C13"
"TH2#TGAAGCAAGCTGTCAG-1","TH2","C20","C4","C2","C2","C6","C17"
"TH2#CATAGTCAGTTCCCAC-1","TH2","C20","C1","C2","C2","C5","C7"
"TH2#AAACAGCCAACACCTA-1","TH2","C20","C1","C2","C2","C5","C8"
"TH2#ACCAGGCTCTCACACC-1","TH2","C20","C6","C10","C8","C4","C13"
"TH2#CAAGGGAGTCATGAGC-1","TH2","C20","C3","C5","C5","C9","C10"
"TH2#CAAGACAAGATGGAGC-1","TH2","C20","C5","C9","C7","C3","C12"
"TH2#GCTATAGGTTACCTGT-1","TH2","C20","C1","C1","C1","C12","C6"
"TH2#CTTAAGATCTGTTGCC-1","TH2","C20","C1","C1","C1","C12","C6"
"TH2#ACCTAAATCACGCGGT-1","TH2","C20","C1","C2","C2","C6","C17"
"TH2#GAGCGGTCAGGCTTCG-1","TH2","C20","C3","C4","C4","C10","C9"
"TH2#TGCTTGCTCATCCACC-1","TH2","C20","C2","C5","C5","C11","C2"
"TH2#TGAAGGATCGTTAAGC-1","TH2","C20","C2","C5","C5","C11","C1"
"TH2#GTCTATCGTCCTTAGT-1","TH2","C20","C2","C3","C3","C13","C5"
"TH2#GATAGACCAATGAAGC-1","TH2","C20","C2","C3","C3","C13","C4"
"TH2#ACTAAAGCACGTGCTG-1","TH2","C20","C3","C4","C4","C10","C9"
"TH2#GAGTTACTCGCATCCT-1","TH2","C20","C3","C4","C4","C10","C9"
"TH2#AGCAATTGTAGGTGTC-1","TH2","C20","C2","C3","C3","C9","C4"
"TH2#GTTCACCTCATAAGCC-1","TH2","C20","C6","C7","C6","C2","C11"
"TH2#TCGCATTGTCTTGCAT-1","TH2","C20","C3","C5","C5","C9","C10"
"TH2#AAGCAAGTCCTTTACG-1","TH2","C20","C4","C8","C11","C8","C16"
"TH2#TCCTGTTCAACCCTCC-1","TH2","C20","C3","C4","C4","C11","C2"
"TH2#AGTAAACAGTTTGGTA-1","TH2","C20","C1","C2","C2","C6","C17"
"TH2#ATCAATCCACTAAGTT-1","TH2","C20","C2","C3","C3","C13","C5"
"TH2#GAGCCACTCGACCTGA-1","TH2","C20","C6","C10","C8","C4","C13"
"TH2#TTATGACCAGCTCAAC-1","TH2","C20","C1","C2","C2","C6","C17"
"TH2#GAGTATCTCATGTGGT-1","TH2","C20","C6","C10","C8","C4","C13"
"TH2#ATGATGGAGACTAAGG-1","TH2","C20","C5","C9","C7","C3","C12"
"TH2#GTTGGAGCAGCTAACC-1","TH2","C20","C6","C7","C6","C2","C11"
"TH2#CCTTCGGTCCGCCAAA-1","TH2","C20","C1","C2","C2","C5","C7"
"TH2#ACTTATGAGCTAATCA-1","TH2","C20","C3","C5","C5","C11","C10"
"TH2#TCAACAATCCAGCACA-1","TH2","C20","C2","C3","C5","C11","C2"
"TH2#CTCCTAATCTAACTGA-1","TH2","C20","C4","C8","C11","C8","C16"
"TH2#CACAGGGAGCGAGCGA-1","TH2","C20","C4","C8","C11","C6","C17"
"TH2#CGAGCTGGTTGCAGTA-1","TH2","C20","C1","C2","C2","C6","C17"
"TH2#TGAGGTGCAATAATCC-1","TH2","C20","C1","C2","C2","C5","C7"
"TH2#CTATGTTTCGAGCTAT-1","TH2","C20","C2","C3","C3","C13","C5"
"TH2#GAGCATGCAGGCGAGT-1","TH2","C20","C1","C1","C1","C12","C6"
"TH2#GTGCGCAGTAATCGCA-1","TH2","C20","C2","C5","C5","C11","C2"
"TH2#AATCCGTAGGTAGCTT-1","TH2","C20","C6","C10","C8","C2","C11"
"TH2#ACTTGTCGTTATCCGT-1","TH2","C20","C1","C1","C1","C12","C6"
"TH2#GTGCTTACAAGTCGCT-1","TH2","C20","C4","C8","C11","C8","C16"
"TH2#GCATGAGCACAATGTT-1","TH2","C20","C4","C8","C11","C8","C16"
"TH2#TCCTGGTTCTCAATTC-1","TH2","C20","C6","C10","C8","C4","C13"
"TH2#CACCAACCAATGCGCT-1","TH2","C20","C4","C8","C11","C8","C16"
"TH2#ACCACACCATAAGTCT-1","TH2","C20","C4","C8","C11","C8","C16"
"TH2#CCAACCCGTTTAGCGA-1","TH2","C20","C3","C4","C4","C10","C9"
"TH2#AATTAGGCAATGCCCG-1","TH2","C20","C6","C7","C6","C2","C11"
"TH2#GCTTAAATCCTCCTAA-1","TH2","C20","C2","C3","C3","C13","C1"
"TH2#GACTTAGGTATTTGCC-1","TH2","C20","C1","C2","C2","C6","C7"
"TH2#AAGACATAGTAGAGGC-1","TH2","C20","C2","C3","C3","C13","C4"
"TH2#GCAAGTCGTGGAAGGC-1","TH2","C20","C3","C4","C5","C11","C2"
"TH2#CAGGTCCAGGACAATG-1","TH2","C20","C3","C5","C5","C9","C10"
"TH2#GGCTTCAAGCTCCTAC-1","TH2","C20","C1","C2","C2","C6","C17"
"TH2#ACAGGTAAGCTCAAAC-1","TH2","C20","C3","C5","C5","C9","C10"
"TH2#GGGCCTAGTAGGATCC-1","TH2","C20","C4","C8","C11","C8","C16"
"TH2#GTTTCCTCAGCTTACA-1","TH2","C20","C3","C4","C4","C10","C9"
"TH2#CCAGCTGCATTCAGCA-1","TH2","C20","C1","C2","C2","C6","C17"
"TH2#TAGTGAGAGTTAGTGC-1","TH2","C20","C4","C2","C11","C6","C17"
"TH2#GTCATGCCACAATTAC-1","TH2","C20","C2","C3","C3","C13","C1"
"TH2#GATGCGACACTAAGCC-1","TH2","C20","C4","C2","C11","C6","C17"
"TH2#AGGCTAGCACCTACGG-1","TH2","C20","C3","C4","C4","C10","C9"
"TH2#GACTTGGTCCCGCATT-1","TH2","C20","C2","C3","C3","C13","C5"
"TH2#TCCATATTCTGTGCAG-1","TH2","C20","C2","C3","C3","C13","C5"
"TH2#GTGTTACAGGCCATCA-1","TH2","C20","C4","C8","C11","C8","C16"
"TH2#AGGTTAACATAAGTCT-1","TH2","C20","C3","C5","C5","C9","C10"
"TH2#GTCCATTGTCTTTGAC-1","TH2","C20","C2","C3","C3","C13","C5"
"TH2#TAGCCTCTCAAGCTAC-1","TH2","C20","C4","C8","C11","C8","C16"
"TH2#TCTACTAGTGCTAGCG-1","TH2","C20","C2","C1","C1","C12","C6"
"TH2#GTTTACCGTCTCACTG-1","TH2","C20","C1","C2","C2","C6","C17"
"TH2#CTCATGCTCCGCCAAA-1","TH2","C20","C5","C9","C7","C3","C12"
"TH2#AGCGCTCAGTGAACAG-1","TH2","C20","C2","C3","C3","C13","C4"
"TH2#TAAACAGCATTCAGCA-1","TH2","C20","C4","C8","C11","C8","C16"
"TH2#TCTAGCACATAATCCG-1","TH2","C20","C1","C1","C1","C12","C6"
"TH2#TTGGCTGAGGTCCAAT-1","TH2","C20","C2","C3","C3","C13","C5"
"TH2#ACGTCAAGTGTAATAC-1","TH2","C20","C2","C1","C1","C12","C6"
"TH2#AAGCATGAGCTCCCTG-1","TH2","C20","C4","C6","C9","C1","C14"
"TH2#TGGTAAACATGTTGCA-1","TH2","C20","C4","C8","C10","C7","C15"
"TH2#GAGTTACTCAAGCTAC-1","TH2","C20","C3","C4","C4","C10","C9"
"TH2#CGGTTCCGTTAGGATT-1","TH2","C20","C4","C8","C11","C8","C16"
"TH2#TATGCATCAAGTGTCC-1","TH2","C20","C3","C5","C5","C11","C2"
"TH2#AAGACCAAGACTCGCA-1","TH2","C20","C6","C10","C6","C2","C11"
"TH2#GGTTGACGTTTACTTG-1","TH2","C20","C1","C2","C2","C5","C7"
"TH2#GAAGGAACATAAGCAA-1","TH2","C20","C4","C2","C2","C6","C17"
"TH2#TTTGTCTAGTTATGTG-1","TH2","C20","C1","C1","C1","C12","C6"
"TH2#TAGGCTAGTTAGCAGC-1","TH2","C20","C4","C8","C10","C7","C15"
"TH2#GCTTAAATCTAATTGG-1","TH2","C20","C6","C10","C8","C2","C11"
"TH2#GGATTCAGTACTGAAT-1","TH2","C20","C4","C8","C10","C7","C15"
"TH2#AAAGCACCATTGCGAC-1","TH2","C20","C5","C9","C7","C3","C12"
"TH2#CATCCTGGTGAGAAAC-1","TH2","C20","C5","C9","C7","C3","C12"
"TH2#AGGATCCGTTCCGCAC-1","TH2","C20","C4","C8","C11","C8","C16"
"TH2#CGTTAAATCATTACAG-1","TH2","C20","C6","C10","C8","C4","C13"
"TH2#TCACTGACAGGTTATT-1","TH2","C20","C2","C3","C3","C13","C4"
"TH2#CAAGGTAAGGGCCATC-1","TH2","C20","C1","C1","C1","C12","C6"
"TH2#TTGTGAGGTAGCCTCC-1","TH2","C20","C2","C3","C3","C13","C5"
"TH2#ACCGGCTAGCTAAAGG-1","TH2","C20","C1","C2","C2","C5","C7"
"TH2#CAGGTTTAGGGTCTAT-1","TH2","C20","C4","C8","C10","C7","C15"
"TH2#ACGTACCCACCAACCG-1","TH2","C20","C6","C7","C6","C2","C11"
"TH2#AACAAAGGTGCTTAGA-1","TH2","C20","C1","C2","C7","C6","C17"
"TH2#ACCTAAATCCCGAAGC-1","TH2","C20","C1","C2","C2","C5","C7"
"TH2#AATAGCTGTCATCATC-1","TH2","C20","C4","C8","C11","C8","C16"
"TH2#GTCATGAGTCAATGTG-1","TH2","C20","C3","C4","C4","C10","C9"
"TH2#AGGTTGCGTCATAACG-1","TH2","C20","C3","C4","C4","C10","C9"
"TH2#GATGAGGGTGTTGCAA-1","TH2","C20","C3","C5","C5","C9","C10"
"TH2#TTTCCTGAGACTTACA-1","TH2","C20","C1","C1","C1","C9","C10"
"TH2#TCGTCAACACTAAGAA-1","TH2","C20","C3","C4","C4","C10","C9"
"TH2#GTGCACGGTAAAGCAA-1","TH2","C20","C4","C8","C11","C8","C16"
"TH2#CCCTTAATCATGGCTG-1","TH2","C20","C3","C5","C5","C9","C10"
"TH2#CTATAACCATAGCTTG-1","TH2","C20","C2","C3","C3","C13","C4"
"TH2#AGGTTGCGTACGCGCA-1","TH2","C20","C1","C1","C1","C12","C6"
"TH2#GTTACTCGTTCCGCAC-1","TH2","C20","C6","C7","C6","C2","C11"
"TH2#GGTTAGCGTTCCTCCT-1","TH2","C20","C2","C3","C3","C13","C5"
"TH2#AGAACAAGTAAGGTTT-1","TH2","C20","C1","C1","C1","C12","C6"
"TH2#TAAAGCCTCCTGCGAA-1","TH2","C20","C2","C3","C3","C13","C1"
"TH2#CAATAAGCATAAGTTC-1","TH2","C20","C1","C2","C2","C6","C17"
"TH2#CGGACAACAAATGCCC-1","TH2","C20","C1","C1","C1","C12","C6"
"TH2#GGTCAAGCACCACAAC-1","TH2","C20","C2","C3","C3","C13","C1"
"TH2#CAGGACACAGAGGCTA-1","TH2","C20","C2","C5","C1","C9","C10"
"TH2#CAACAATGTTAGACCA-1","TH2","C20","C3","C4","C4","C10","C9"
"TH2#ACTAACGGTAAATTGC-1","TH2","C20","C1","C1","C1","C12","C6"
"TH2#GTTTGTTTCATTACAG-1","TH2","C20","C3","C5","C5","C9","C10"
"TH2#AAGGTGCAGATGGAGC-1","TH2","C20","C2","C3","C3","C13","C5"
"TH2#CAATCCTGTTTGCTGT-1","TH2","C20","C4","C8","C10","C7","C15"
"TH2#CTAATCTTCAACCAAC-1","TH2","C20","C1","C1","C1","C12","C6"
"TH2#GCTTATCGTCAAAGGG-1","TH2","C20","C6","C10","C8","C4","C13"
"TH2#AAGCGAGGTTTAGCGA-1","TH2","C20","C3","C4","C4","C10","C9"
"TH2#CGTTATCGTCCTAATC-1","TH2","C20","C1","C1","C1","C12","C6"
"TH2#TCCATCATCTTGGACG-1","TH2","C20","C1","C2","C2","C5","C8"
"TH2#GTATGTGGTACCGAAC-1","TH2","C20","C1","C2","C2","C5","C8"
"TH2#GCTTGACCAAAGCGCA-1","TH2","C20","C3","C4","C4","C11","C2"
"TH2#GTTACGCCAGGATTAA-1","TH2","C20","C4","C6","C9","C1","C14"
"TH2#CTTATTGGTTGCCTCA-1","TH2","C20","C3","C4","C4","C10","C9"
"TH2#CGGAGCAAGACAACAG-1","TH2","C20","C2","C1","C1","C9","C6"
"TH2#TATCGAGGTAACGAGG-1","TH2","C20","C2","C3","C3","C13","C1"
"TH2#GATTATGTCATGAGCT-1","TH2","C20","C4","C8","C11","C8","C16"
"TH2#TGGACAAAGCGCATTG-1","TH2","C20","C2","C3","C3","C13","C1"
"TH2#AGCATTTCAAACATAG-1","TH2","C20","C1","C2","C2","C5","C7"
"TH2#GATTACGGTGGACATC-1","TH2","C20","C4","C8","C10","C7","C15"
"TH2#ACCATTAAGGCTAAGA-1","TH2","C20","C2","C3","C3","C13","C4"
"TH2#GGCTTCAAGCCTCTGT-1","TH2","C20","C2","C1","C1","C11","C1"
"TH2#CCTACTTCACGAACAG-1","TH2","C20","C2","C5","C5","C11","C1"
"TH2#GAATTTGTCAGCAAAG-1","TH2","C20","C1","C2","C2","C6","C17"
"TH2#CCTTGTTCATCCCGCT-1","TH2","C20","C4","C8","C11","C8","C16"
"TH2#TACCAAATCCTAACGG-1","TH2","C20","C4","C8","C11","C8","C16"
"TH2#ATTTAGGTCCGCCTAT-1","TH2","C20","C5","C9","C7","C3","C12"
"TH2#ACCATTAAGGAAGCTA-1","TH2","C20","C3","C5","C5","C11","C2"
"TH2#CCTAAGCCACGTAATT-1","TH2","C20","C4","C8","C10","C7","C15"
"TH2#CTACCGGCATGAGCAG-1","TH2","C20","C1","C1","C1","C12","C6"
"TH2#TTGCACACAGTTATGT-1","TH2","C20","C2","C3","C3","C13","C4"
"TH2#ATCGGCCAGACAGGTA-1","TH2","C20","C3","C5","C5","C9","C10"
"TH2#CATAGCTAGTGTTGTA-1","TH2","C20","C4","C8","C11","C8","C16"
"TH2#GCAGGCTTCGGCCATA-1","TH2","C20","C4","C8","C10","C7","C15"
"TH2#GAAGTCAAGCCATCAG-1","TH2","C20","C6","C10","C8","C4","C13"
"TH2#GTAGCCATCATGCTTT-1","TH2","C20","C6","C10","C8","C4","C13"
"TH2#TCAGCGATCCGGTTGA-1","TH2","C20","C1","C1","C1","C12","C6"
"TH2#TGCTTAAAGTATTGCA-1","TH2","C20","C1","C2","C2","C5","C7"
"TH2#GGTTAGCGTGAGAAAC-1","TH2","C20","C3","C5","C5","C9","C4"
"TH2#ACGCCTTTCTTAGGAC-1","TH2","C20","C2","C3","C3","C13","C1"
"TH2#CTCTAAGCAGAGAGCC-1","TH2","C20","C2","C3","C3","C13","C1"
"TH2#GCACATTAGCTATTAG-1","TH2","C20","C3","C4","C4","C10","C9"
"TH2#GGGTTATTCGACCTGA-1","TH2","C20","C6","C7","C6","C2","C11"
"TH2#CTGTTTAGTAATCCCT-1","TH2","C20","C1","C2","C2","C5","C7"
"TH2#ATGAAGCCATAGCGGA-1","TH2","C20","C1","C1","C1","C12","C6"
"TH2#ATCACTAAGGATTGCT-1","TH2","C20","C1","C2","C2","C5","C7"
"TH2#GGGCTAACAGCTTAAT-1","TH2","C20","C3","C4","C4","C11","C2"
"TH2#GACCTAAGTGGATTGC-1","TH2","C20","C5","C9","C7","C3","C12"
"TH2#TAATCCGCAGCACGTT-1","TH2","C20","C1","C2","C2","C6","C17"
"TH2#AATTACCCAGGAAGCC-1","TH2","C20","C3","C5","C5","C9","C10"
"TH2#CTAATCGCAATTGAAG-1","TH2","C20","C4","C8","C11","C8","C17"
"TH2#TACGCTTGTCGTTATC-1","TH2","C20","C1","C1","C1","C12","C6"
"TH2#CGGAGCAAGTCATTGA-1","TH2","C20","C4","C8","C11","C8","C16"
"TH2#TTACGTTTCATGTGGT-1","TH2","C20","C1","C1","C1","C12","C6"
"TH2#ATTATCCTCTAGCGAT-1","TH2","C20","C4","C8","C11","C8","C16"
"TH2#TCGCCCATCCCTCGCA-1","TH2","C20","C3","C5","C5","C11","C2"
"TH2#AGAAAGGCAATTGCGC-1","TH2","C20","C5","C9","C7","C3","C12"
"TH2#CTTTATGGTGGATTCA-1","TH2","C20","C1","C2","C2","C5","C7"
"TH2#GGTTGCTCACATACTG-1","TH2","C20","C3","C5","C5","C11","C2"
"TH2#AGAACCAAGGACGTAA-1","TH2","C20","C4","C8","C11","C8","C16"
"TH2#GTCTTTAGTTACAAAC-1","TH2","C20","C4","C8","C10","C7","C15"
"TH2#TTAGCCTGTGCATCGG-1","TH2","C20","C2","C3","C3","C13","C1"
"TH2#GGCCTAATCGTAATCA-1","TH2","C20","C1","C2","C2","C6","C17"
"TH2#CTCGCTCCACACAATT-1","TH2","C20","C1","C1","C1","C12","C6"
"TH2#TTGACATCATGTCGCG-1","TH2","C20","C4","C8","C11","C6","C17"
"TH2#GAGGCCTTCCTCGATC-1","TH2","C20","C6","C7","C6","C2","C11"
"TH2#GTCCTAGAGATACTTG-1","TH2","C20","C6","C10","C8","C4","C13"
"TH2#ATTCCTAGTAGCTGGT-1","TH2","C20","C6","C7","C6","C2","C11"
"TH2#CGTATTGCATTCAGCA-1","TH2","C20","C2","C3","C3","C13","C4"
"TH2#AGGACTAAGGCAATAG-1","TH2","C20","C1","C2","C2","C5","C7"
"TH2#TGATCCTGTGCATTAG-1","TH2","C20","C1","C2","C2","C5","C7"
"TH2#CAGAATCTCGTCCTTA-1","TH2","C20","C3","C4","C4","C10","C9"
"TH2#ACTTACTTCGTCCTTA-1","TH2","C20","C3","C5","C5","C9","C10"
"TH2#TACTCAAAGCTCAATA-1","TH2","C20","C4","C8","C11","C8","C17"
"TH2#CTTTAGTTCCTAGTCC-1","TH2","C20","C1","C2","C2","C6","C17"
"TH2#TAGCCTTGTAAGTCGC-1","TH2","C20","C2","C3","C3","C13","C1"
"TH2#TCGCCCATCTTGGATA-1","TH2","C20","C3","C5","C5","C11","C2"
"TH2#ATATGGTGTTGAATCG-1","TH2","C20","C3","C4","C4","C10","C9"
"TH2#TGCTATGCAAGACTCC-1","TH2","C20","C3","C4","C4","C10","C9"
"TH2#TGTCAGTAGGAACGCG-1","TH2","C20","C1","C1","C1","C12","C6"
"TH2#TGTCAATCACAAAGCG-1","TH2","C20","C1","C2","C2","C5","C8"
"TH2#GATAAGCCAGGACACA-1","TH2","C20","C3","C4","C4","C11","C2"
"TH2#GCGATTTAGTTGCCTC-1","TH2","C20","C3","C4","C4","C11","C2"
"TH2#TGGGCCTAGCCGCTTT-1","TH2","C20","C2","C5","C3","C9","C1"
"TH2#GTGATGAAGTTATTCC-1","TH2","C20","C6","C7","C6","C2","C11"
"TH2#CCGGTAGGTCGTTATC-1","TH2","C20","C3","C5","C5","C11","C2"
"TH2#AGTACGCGTTACATCC-1","TH2","C20","C1","C1","C1","C12","C6"
"TH2#ATCACTAAGGAACGGT-1","TH2","C20","C3","C4","C4","C10","C9"
"TH2#TGCTTCCAGGCGCTTA-1","TH2","C20","C2","C3","C3","C13","C4"
"TH2#CAAACTGGTTTAACCC-1","TH2","C20","C3","C4","C4","C11","C2"
"TH2#GCAGGCTTCGTCCTTA-1","TH2","C20","C4","C8","C11","C8","C16"
"TH2#CGCACCACAGCATGAG-1","TH2","C20","C4","C8","C11","C8","C17"
"TH2#CATCCCAGTTTGTGGA-1","TH2","C20","C3","C5","C5","C9","C10"
"TH2#CTACTAAAGACACCGC-1","TH2","C20","C2","C3","C3","C13","C4"
"TH2#GTACTTAAGTGTTGTA-1","TH2","C20","C4","C8","C10","C7","C15"
"TH2#CCTAAGTAGGACCGCT-1","TH2","C20","C4","C8","C11","C6","C17"
"TH2#TTTCATCAGGACAATG-1","TH2","C20","C6","C10","C8","C4","C13"
"TH2#TTCAGCACACAAGCCT-1","TH2","C20","C2","C3","C3","C13","C4"
"TH2#AATTCGTCAAAGCGGC-1","TH2","C20","C1","C2","C2","C5","C7"
"TH2#ATCCAACAGTAACCAC-1","TH2","C20","C2","C3","C3","C13","C1"
"TH2#TTCATCCCACCAGCAT-1","TH2","C20","C3","C4","C4","C10","C9"
"TH2#GCGGATACAATTAGGA-1","TH2","C20","C4","C8","C11","C8","C16"
"TH2#TTGCGTCTCCTTCGTA-1","TH2","C20","C6","C10","C8","C4","C13"
"TH2#GCTTTATTCTGGCTTC-1","TH2","C20","C5","C9","C7","C3","C12"
"TH2#ACATCAATCCTAATAG-1","TH2","C20","C3","C5","C5","C11","C2"
"TH2#TTCCTTCTCACGTTAA-1","TH2","C20","C2","C3","C3","C13","C5"
"TH2#TGTGGCTCAGAAATTG-1","TH2","C20","C3","C4","C4","C10","C9"
"TH2#CTATGACAGTCTGGGC-1","TH2","C20","C1","C1","C1","C12","C6"
"TH2#GAGGCCTTCTAACTGA-1","TH2","C20","C2","C3","C3","C13","C1"
"TH2#GTCTATCGTAATCGGC-1","TH2","C20","C6","C7","C6","C2","C11"
"TH2#GAGAACCAGGAACACA-1","TH2","C20","C2","C3","C3","C13","C5"
"TH2#TTGGTGAGTTTGGCGG-1","TH2","C20","C2","C3","C3","C13","C4"
"TH2#ACTTAGTCACCTACTT-1","TH2","C20","C2","C5","C5","C11","C2"
"TH2#CCGCTAAAGCAGCTAT-1","TH2","C20","C4","C8","C10","C6","C17"
"TH2#CAGGTTTAGGGATTAG-1","TH2","C20","C1","C1","C1","C12","C6"
"TH2#ACAACAACAACTCGCG-1","TH2","C20","C2","C3","C3","C13","C1"
"TH2#CTAATTGAGTACTGGT-1","TH2","C20","C1","C1","C1","C12","C6"
"TH2#ACCAGCTCAGGATAAC-1","TH2","C20","C4","C8","C11","C8","C16"
"TH2#TTCCTTCTCCCTCACG-1","TH2","C20","C4","C8","C11","C8","C16"
"TH2#CTTTATCAGCTTCCCG-1","TH2","C20","C2","C5","C5","C9","C1"
"TH2#TGTGGCCAGAGCCGGA-1","TH2","C20","C2","C3","C3","C13","C4"
"TH2#CTGAAACTCATGTCAA-1","TH2","C20","C3","C5","C1","C9","C10"
"TH2#GGTCCTGCAACTGGGA-1","TH2","C20","C4","C8","C11","C8","C16"
"TH2#CCGCAAGGTATTTGCC-1","TH2","C20","C4","C8","C11","C6","C17"
"TH2#CAGGATGCAATTAGCT-1","TH2","C20","C4","C8","C11","C8","C16"
"TH2#AGTAAACAGAGCAAGC-1","TH2","C20","C4","C8","C10","C7","C15"
"TH2#CTTTAGTTCGTGCTAG-1","TH2","C20","C4","C8","C11","C8","C16"
"TH2#AGGTACGCACCTCGCT-1","TH2","C20","C3","C4","C4","C10","C9"
"TH2#TAAGCCTAGATACTTG-1","TH2","C20","C1","C1","C1","C9","C10"
"TH2#GGTCATTAGCCAGGTC-1","TH2","C20","C4","C8","C11","C8","C16"
"TH2#TACGGTTAGGATTGAG-1","TH2","C20","C5","C9","C7","C3","C12"
"TH2#TTCACTGTCATTGCAA-1","TH2","C20","C4","C8","C11","C8","C16"
"TH2#GGCCTTAAGAACCTAC-1","TH2","C20","C2","C3","C3","C13","C5"
"TH2#CTTGCGCGTCAATGTG-1","TH2","C20","C3","C4","C4","C10","C9"
"TH2#TGCGCGAGTGTGAGGA-1","TH2","C20","C1","C2","C2","C5","C7"
"TH2#GCACTAAGTCCTAGTT-1","TH2","C20","C2","C3","C3","C13","C5"
"TH2#CCATTGTGTCACACCC-1","TH2","C20","C4","C8","C11","C8","C16"
"TH2#CCTTCAGGTTCGGGAT-1","TH2","C20","C5","C9","C7","C3","C12"
"TH2#GTATTGATCCTCAGTC-1","TH2","C20","C1","C2","C2","C5","C7"
"TH2#TGTCCTGGTCAAGTAT-1","TH2","C20","C2","C3","C3","C11","C1"
"TH2#GAGTCATTCAGCACCA-1","TH2","C20","C2","C3","C3","C13","C1"
"TH2#CCACAATAGCTTACTT-1","TH2","C20","C4","C8","C11","C8","C16"
"TH2#TGTAAGTGTCAATGTG-1","TH2","C20","C3","C5","C5","C9","C10"
"TH2#TGAGCACGTGCAATAT-1","TH2","C20","C1","C1","C1","C9","C10"
"TH2#TGTTGTTTCGGGACCT-1","TH2","C20","C1","C2","C2","C5","C8"
"TH2#TAGCTAATCTAAGGAG-1","TH2","C20","C2","C5","C5","C11","C2"
"TH2#CGCATATAGAGCAAGC-1","TH2","C20","C5","C9","C7","C3","C12"
"TH2#TTGACTAAGGAGTCGG-1","TH2","C20","C4","C8","C11","C8","C16"
"TH2#TCCTTTACAATTTGGT-1","TH2","C20","C2","C3","C3","C13","C1"
"TH2#AAGCATGAGTCACGAT-1","TH2","C20","C3","C4","C4","C10","C9"
"TH2#TGGATTCAGTCCTTTG-1","TH2","C20","C1","C1","C1","C12","C6"
"TH2#AAACGCGCAGCCGCTA-1","TH2","C20","C3","C4","C4","C10","C9"
"TH2#ATCCACCTCTTGCATT-1","TH2","C20","C4","C8","C10","C7","C15"
"TH2#GTGGTTAGTAACCAGC-1","TH2","C20","C1","C1","C1","C12","C6"
"TH2#CAAGTATGTCAAGACC-1","TH2","C20","C3","C4","C4","C10","C9"
"TH2#GCAATATGTGTGAGAG-1","TH2","C20","C4","C8","C11","C8","C16"
"TH2#CCTTCGGTCATGAGCT-1","TH2","C20","C3","C4","C4","C10","C9"
"TH2#CGTTTCTCAAATTGCT-1","TH2","C20","C3","C4","C4","C10","C9"
"TH2#AATTCGTCAGGCTTGT-1","TH2","C20","C2","C3","C3","C13","C4"
"TH2#ACATTGCAGTTTGGGT-1","TH2","C20","C4","C8","C11","C8","C16"
"TH2#AGGACGTAGCACTAAC-1","TH2","C20","C4","C8","C11","C8","C16"
"TH2#TTTCCGGGTTTACGTC-1","TH2","C20","C1","C2","C7","C6","C17"
"TH2#CTTGTCCAGGGATTAG-1","TH2","C20","C4","C8","C11","C8","C16"
"TH2#ACCTGTTGTATTGGTG-1","TH2","C20","C6","C10","C8","C4","C13"
"TH2#CATCATGCAGCAAGGC-1","TH2","C20","C6","C10","C9","C1","C14"
"TH2#TCTAGCCTCTGCAACG-1","TH2","C20","C1","C2","C2","C6","C17"
"TH2#ACGAATCTCGTGCTAG-1","TH2","C20","C1","C1","C1","C12","C6"
"TH2#GCTCATTGTGATCATG-1","TH2","C20","C2","C3","C3","C13","C4"
"TH2#AGCTGCTCAATATGGA-1","TH2","C20","C4","C8","C11","C8","C16"
"TH2#TGCTTTAGTATTTGCC-1","TH2","C20","C2","C3","C3","C13","C1"
"TH2#GGCTAGTGTGATCATG-1","TH2","C20","C1","C2","C2","C6","C17"
"TH2#CGCAAATTCCCTGGAA-1","TH2","C20","C6","C10","C8","C4","C13"
"TH2#TTTCATCAGCATGAAG-1","TH2","C20","C3","C4","C4","C10","C9"
