"gene","group","log2FC_TH2_vs_TH1","statistic","auc","p_value","padj","mean_expression_TH1","mean_expression_TH2","pct_detected_TH1","pct_detected_TH2","max_pct_detected","delta_pct_detected_TH2_minus_TH1","direction","celltype_output_label","manual_celltype","n_cells_TH1","n_cells_TH2"
"Slc35f1","TH2",9.27069897533214,1335108.5,0.816767454309092,5.91848983705031e-171,6.02798189903574e-167,4.88715906969625,14.1578580450284,0.569167240192705,0.960888888888889,0.960888888888889,0.391721648696184,"Higher in TH2","nRPC","nPRC",1453,1125
"Insm1","TH2",-1.15691812856157,517440.5,0.316549973235452,1.4347063453984e-106,7.30624206394135e-103,1.19204139378652,0.0351232652249512,0.382656572608396,0.0186666666666667,0.382656572608396,-0.36398990594173,"Higher in TH1","nRPC","nPRC",1453,1125
"Smad3","TH2",1.20446439120441,1112957,0.68086380668349,1.68153686939789e-89,5.70881767160584e-86,0.310418399144729,1.51488279034914,0.123193392980041,0.470222222222222,0.470222222222222,0.347028829242181,"Higher in TH2","nRPC","nPRC",1453,1125
"Rps18-ps6","TH2",0.492612444677843,998093,0.610594478856007,1.40840398561667e-52,3.58614864837645e-49,0.127267714584459,0.619880159262302,0.0598761183757743,0.280888888888889,0.280888888888889,0.221012770513115,"Higher in TH2","nRPC","nPRC",1453,1125
"Slc15a2","TH2",-0.661748011259504,645316.5,0.394779536590961,1.18494549791246e-51,2.41373397924768e-48,0.718770217820015,0.057022206560511,0.23331039229181,0.024,0.23331039229181,-0.20931039229181,"Higher in TH1","nRPC","nPRC",1453,1125
"Cd44","TH2",-0.524899682509368,648866.5,0.396951288521832,3.52205734010274e-50,5.9786923348244e-47,0.56803123525257,0.0431315527432011,0.229181004817619,0.0248888888888889,0.229181004817619,-0.20429211592873,"Higher in TH1","nRPC","nPRC",1453,1125
"Gm56714","TH2",-0.471877204812388,663438,0.405865565496674,1.77974908042667e-49,2.5895349120208e-46,0.489391859531822,0.0175146547194333,0.197522367515485,0.00977777777777778,0.197522367515485,-0.187744589737707,"Higher in TH1","nRPC","nPRC",1453,1125
"Cp","TH2",1.89611811364385,1067295.5,0.652929876883077,1.33398408288881e-45,1.69832848552782e-42,1.81096600178041,3.70708411542425,0.406056434962147,0.654222222222222,0.654222222222222,0.248165787260075,"Higher in TH2","nRPC","nPRC",1453,1125
"Plekha1","TH2",1.28753953157236,1061618.5,0.649456909077005,8.62970926388703e-44,9.76595431696549e-41,1.26254731563785,2.55008684721021,0.40467997247075,0.645333333333333,0.645333333333333,0.240653360862583,"Higher in TH2","nRPC","nPRC",1453,1125
"Ctnna2","TH2",-4.27690616259456,560099.5,0.342647090311233,1.02537748784277e-43,1.04434697136786e-40,8.63896793828455,4.36206177568999,0.794907088781831,0.638222222222222,0.794907088781831,-0.156684866559608,"Higher in TH1","nRPC","nPRC",1453,1125
"Gm42047","TH2",-1.81156876341891,592717.5,0.36260151410874,3.6843926662615e-43,3.41141266417031e-40,2.76967977186042,0.958111008441511,0.48107364074329,0.24,0.48107364074329,-0.24107364074329,"Higher in TH1","nRPC","nPRC",1453,1125
"Mdga2","TH2",2.75896500800837,1062619.5,0.6500692819454,1.61331255335887e-42,1.36929902966334e-39,3.20022058158812,5.95918558959649,0.459738472126635,0.698666666666667,0.698666666666667,0.238928194540032,"Higher in TH2","nRPC","nPRC",1453,1125
"Mir99ahg","TH2",1.13171941394604,1026207.5,0.627793836506844,6.65579014786222e-42,5.21455558892129e-39,0.766527608271511,1.89824702221755,0.207157604955265,0.448888888888889,0.448888888888889,0.241731283933624,"Higher in TH2","nRPC","nPRC",1453,1125
"Sh3rf3","TH2",3.47293840824245,1067003.5,0.652751242639749,7.50208760895024e-41,5.4577687355113e-38,5.06079442256032,8.53373283080277,0.719889883000688,0.88,0.88,0.160110116999312,"Higher in TH2","nRPC","nPRC",1453,1125
"Gm35082","TH2",0.292695784182828,937303.5,0.573405827024547,1.16312319876076e-40,7.89760651958558e-38,0.0397328322212273,0.332428616404056,0.0192704748795595,0.166222222222222,0.166222222222222,0.146951747342663,"Higher in TH2","nRPC","nPRC",1453,1125
"H3f3b","TH2",-3.14485909363709,568108,0.347546379138946,2.44241798388843e-40,1.46329571564139e-37,11.5082478412446,8.36338874760749,0.975911906400551,0.950222222222222,0.975911906400551,-0.0256896841783284,"Higher in TH1","nRPC","nPRC",1453,1125
"Adcy2","TH2",-1.85660916912011,589350.5,0.360541714460503,2.44032768659879e-40,1.46329571564139e-37,3.41253872300558,1.55592955388547,0.558843771507226,0.317333333333333,0.558843771507226,-0.241510438173893,"Higher in TH1","nRPC","nPRC",1453,1125
"Rest","TH2",0.78216236395029,1026760.5,0.628132140399174,3.26865130733674e-40,1.84951186473471e-37,0.554297174634068,1.33645953858436,0.23331039229181,0.471111111111111,0.471111111111111,0.237800718819301,"Higher in TH2","nRPC","nPRC",1453,1125
"Cntn4","TH2",0.977291435380032,1000252,0.611915271086641,1.13045461607261e-39,6.05983171826291e-37,0.501950706460619,1.47924214184065,0.136958017894012,0.356444444444444,0.356444444444444,0.219486426550432,"Higher in TH2","nRPC","nPRC",1453,1125
"Frmd4b","TH2",1.65217392917585,1046702,0.64033157452015,2.98520893736415e-36,1.5202176513527e-33,2.32529236471162,3.97746629388747,0.531314521679284,0.747555555555556,0.747555555555556,0.216241033876271,"Higher in TH2","nRPC","nPRC",1453,1125
"Ccnjl","TH2",0.886893045256566,1017043,0.622187351839107,7.43417702500084e-36,3.60557585712541e-33,0.728314788989056,1.61520783424562,0.25258086717137,0.478222222222222,0.478222222222222,0.225641355050853,"Higher in TH2","nRPC","nPRC",1453,1125
"Gas1","TH2",0.744030118945427,1019078,0.623432285692437,6.57346692310564e-35,3.04321639144686e-32,0.689734954617508,1.43376507356294,0.279421885753613,0.512,0.512,0.232578114246387,"Higher in TH2","nRPC","nPRC",1453,1125
"Gm4258","TH2",2.78282509056311,1043317.5,0.638261069052535,6.69088093935444e-34,2.9628966246663e-31,4.39014064873695,7.17296573930006,0.706125258086717,0.84,0.84,0.133874741913283,"Higher in TH2","nRPC","nPRC",1453,1125
"4833420G17Rik","TH2",1.12161382313617,1035790,0.633656037317428,4.65164683679119e-33,1.97404262636326e-30,1.74387380294896,2.86548762608512,0.540949759119064,0.732444444444444,0.732444444444444,0.19149468532538,"Higher in TH2","nRPC","nPRC",1453,1125
"Zfp868","TH2",-0.532212053353681,654604,0.400461267874895,5.696323911031e-33,2.2314253474558e-30,0.765892307198481,0.2336802538448,0.30488644184446,0.112,0.30488644184446,-0.19288644184446,"Higher in TH1","nRPC","nPRC",1453,1125
"Gm56626","TH2",-0.485445767998863,675760,0.413403685860671,5.67039603413359e-33,2.2314253474558e-30,0.601003080900499,0.115557312901636,0.229869236063317,0.0604444444444444,0.229869236063317,-0.169424791618873,"Higher in TH1","nRPC","nPRC",1453,1125
"Tle4","TH2",2.21250343428979,1037593,0.634759042593867,3.0120151120185e-32,1.13619903392253e-29,4.12149500513277,6.33399843942257,0.708878183069511,0.856,0.856,0.147121816930489,"Higher in TH2","nRPC","nPRC",1453,1125
"Trpm3","TH2",3.89137972770884,1033794,0.632434962147281,3.53573756684907e-31,1.28612453994135e-28,8.17694574860987,12.0683254763187,0.696490020646937,0.884444444444444,0.884444444444444,0.187954423797507,"Higher in TH2","nRPC","nPRC",1453,1125
"Vxn","TH2",0.504983155523278,958331.5,0.586269939588591,3.9516877751976e-30,1.38785999966854e-27,0.237990170598499,0.742973326121777,0.0997935306262904,0.268444444444444,0.268444444444444,0.168650913818154,"Higher in TH2","nRPC","nPRC",1453,1125
"Zfp799","TH2",0.618344491731762,994963,0.608679666590197,7.01620783339349e-30,2.38200255943709e-27,0.591348775744594,1.20969326747636,0.2381280110117,0.444444444444444,0.444444444444444,0.206316433432745,"Higher in TH2","nRPC","nPRC",1453,1125
"Fat3","TH2",2.09612759711401,1025595,0.62741913282863,1.26382928127096e-29,4.15229071927249e-27,3.71450760806973,5.81063520518375,0.588437715072264,0.792888888888889,0.792888888888889,0.204451173816625,"Higher in TH2","nRPC","nPRC",1453,1125
"Abcd4","TH2",1.15998687980438,1024462,0.626726007494074,1.615596551773e-29,5.14214089994001e-27,2.14309060809878,3.30307748790316,0.573984858912595,0.764444444444444,0.764444444444444,0.19045958553185,"Higher in TH2","nRPC","nPRC",1453,1125
"Pde1c","TH2",2.226097866416,1021018,0.624619102240575,8.78690192438864e-29,2.71195745757267e-26,3.19728727273437,5.42338513915036,0.560908465244322,0.741333333333333,0.741333333333333,0.180424868089011,"Higher in TH2","nRPC","nPRC",1453,1125
"Pmp22","TH2",0.613154233986874,979930.5,0.599483367744896,1.71563288262e-28,5.13932967926021e-26,0.422169506996743,1.03532374098362,0.189951823812801,0.377777777777778,0.377777777777778,0.187825953964977,"Higher in TH2","nRPC","nPRC",1453,1125
"Glo1","TH2",0.841424007576152,1000766.5,0.61223002217634,6.88639483104013e-28,2.00394089583268e-25,0.906083858412086,1.74750786598824,0.326221610461115,0.528888888888889,0.528888888888889,0.202667278427774,"Higher in TH2","nRPC","nPRC",1453,1125
"Urgcp","TH2",0.554230968749732,972874.5,0.595166781371874,3.29211106173857e-27,9.31393087883536e-25,0.459992531178525,1.01422349992826,0.175498967653131,0.362666666666667,0.362666666666667,0.187167699013535,"Higher in TH2","nRPC","nPRC",1453,1125
"Fam184b","TH2",0.476190364395309,961327,0.588102469985471,1.48442180766781e-25,4.08617192191801e-23,0.380130914913061,0.85632127930837,0.152099105299381,0.327111111111111,0.327111111111111,0.175012005811731,"Higher in TH2","nRPC","nPRC",1453,1125
"Heph","TH2",0.719807533668382,987122,0.603882847747954,1.82182120979188e-25,4.8829602688764e-23,0.860480616191237,1.58028814985962,0.289745354439092,0.482666666666667,0.482666666666667,0.192921312227575,"Higher in TH2","nRPC","nPRC",1453,1125
"Ryr2","TH2",1.39483513928284,955308.5,0.58442058576126,3.04193528327295e-25,7.94413098977821e-23,0.576418859151963,1.9712539984348,0.140399174122505,0.295111111111111,0.295111111111111,0.154711936988606,"Higher in TH2","nRPC","nPRC",1453,1125
"Bcat1","TH2",0.726786384842972,978626.5,0.598685631260993,6.5660317045505e-25,1.67187582277117e-22,0.640887679282158,1.36767406412513,0.249827942188575,0.430222222222222,0.430222222222222,0.180394280033647,"Higher in TH2","nRPC","nPRC",1453,1125
"Tcf12","TH2",-2.79197090247926,624451,0.382014835206852,7.84303554511174e-25,1.94832480553568e-22,14.1694239873315,11.3774530848523,0.983482450103235,0.974222222222222,0.983482450103235,-0.00926022788101244,"Higher in TH1","nRPC","nPRC",1453,1125
"Tmem132d","TH2",1.16208701758419,965719.5,0.590789630649232,1.22872271249069e-24,2.97965257778993e-22,0.85462185164614,2.01670886923033,0.18582243633861,0.359111111111111,0.359111111111111,0.173288674772501,"Higher in TH2","nRPC","nPRC",1453,1125
"Eps8","TH2",0.298534024833322,921321.5,0.563628661007876,1.29134821533467e-24,3.05869338911247e-22,0.126729770324818,0.42526379515814,0.0536820371644873,0.181333333333333,0.181333333333333,0.127651296168846,"Higher in TH2","nRPC","nPRC",1453,1125
"6820431F20Rik","TH2",-1.44050014760005,627080,0.383623155157911,2.0476877400827e-24,4.73993173471415e-22,4.41412753813745,2.9736273905374,0.821059876118376,0.749333333333333,0.821059876118376,-0.0717265427850424,"Higher in TH1","nRPC","nPRC",1453,1125
"Chn2","TH2",-1.92634196316658,632570,0.38698172363692,2.84213402107921e-24,6.43269666770928e-22,4.10808629371822,2.18174433055163,0.663454920853407,0.538666666666667,0.663454920853407,-0.12478825418674,"Higher in TH1","nRPC","nPRC",1453,1125
"Nrxn3","TH2",7.4499889583836,969949,0.593377074252504,3.25218578753764e-24,7.20076353175454e-22,1.71498878491306,9.16497774329666,0.225051617343427,0.376,0.376,0.150948382656573,"Higher in TH2","nRPC","nPRC",1453,1125
"Mxra7","TH2",-1.20279002566169,631214.5,0.386152481455991,6.30346779192881e-24,1.36597488214457e-21,3.18620420037787,1.98341417471618,0.735719201651755,0.620444444444444,0.735719201651755,-0.11527475720731,"Higher in TH1","nRPC","nPRC",1453,1125
"Miat","TH2",-3.95251791523568,628991.5,0.384792536514491,9.14634426721902e-24,1.94073992420053e-21,12.4021864655181,8.44966855028244,0.93805918788713,0.886222222222222,0.93805918788713,-0.0518369656649078,"Higher in TH1","nRPC","nPRC",1453,1125
"Arrdc3","TH2",-0.684904023744731,652939,0.399442685631261,9.71205459260783e-24,2.01871991889206e-21,1.40939894092936,0.724494917184625,0.456297315898142,0.282666666666667,0.456297315898142,-0.173630649231475,"Higher in TH1","nRPC","nPRC",1453,1125
"Zfp521","TH2",1.10739709111676,999305,0.611335933318039,1.72087836122455e-23,3.50542922181441e-21,2.22214027751299,3.32953736862976,0.539573296627667,0.723555555555556,0.723555555555556,0.183982258927889,"Higher in TH2","nRPC","nPRC",1453,1125
"Acyp2","TH2",0.704770298817542,965941.5,0.590925441615049,2.1040586126552e-23,4.20192881762612e-21,0.63924540023446,1.344015699052,0.207845836200964,0.382222222222222,0.382222222222222,0.174376386021259,"Higher in TH2","nRPC","nPRC",1453,1125
"Ndufc2","TH2",0.687081478526066,991003,0.606257092605338,2.68639614839906e-23,5.2617201483547e-21,1.15709332617145,1.84417480469751,0.410185822436339,0.596444444444444,0.596444444444444,0.186258622008106,"Higher in TH2","nRPC","nPRC",1453,1125
"Wwtr1","TH2",0.735443091404746,974434,0.596120822818689,3.44762166082773e-23,6.62528804066612e-21,0.763229245185073,1.49867233658982,0.263592567102546,0.441777777777778,0.441777777777778,0.178185210675231,"Higher in TH2","nRPC","nPRC",1453,1125
"Gpc4","TH2",0.62603806740689,956819,0.585344650913818,6.60420513388656e-23,1.24562646830805e-20,0.450715496285575,1.07675356369247,0.175498967653131,0.336,0.336,0.160501032346869,"Higher in TH2","nRPC","nPRC",1453,1125
"Cracd","TH2",-2.08124995020509,633139.5,0.38733012158752,8.36141321711088e-23,1.52073202886204e-20,8.02175714597085,5.94050719576576,0.922229869236063,0.888,0.922229869236063,-0.0342298692360633,"Higher in TH1","nRPC","nPRC",1453,1125
"Erbb4","TH2",1.00374746177749,955352,0.584447197369427,8.28589648990673e-23,1.52073202886204e-20,0.79946275199784,1.80321021377533,0.168616655196146,0.332444444444444,0.332444444444444,0.163827789248299,"Higher in TH2","nRPC","nPRC",1453,1125
"Kcnq1ot1","TH2",1.5700801480968,998059,0.610573678978359,1.36217290554043e-22,2.4339879022683e-20,3.36392446202664,4.93400461012345,0.622161046111493,0.792888888888889,0.792888888888889,0.170727842777395,"Higher in TH2","nRPC","nPRC",1453,1125
"Nedd4l","TH2",-0.878366288607746,658441.5,0.402808901124111,1.11437946827428e-21,1.95688877316786e-19,1.78878721153511,0.910420922927362,0.47143840330351,0.310222222222222,0.47143840330351,-0.161216181081288,"Higher in TH1","nRPC","nPRC",1453,1125
"Rps27","TH2",1.06054091010732,993809.5,0.60797400015294,1.22261902373577e-21,2.1105719926693e-19,2.32231085824697,3.38285176835429,0.619408121128699,0.787555555555556,0.787555555555556,0.168147434426856,"Higher in TH2","nRPC","nPRC",1453,1125
"Cfap54","TH2",-0.266968994807609,726419.5,0.444395197675308,1.31289365586187e-21,2.22863698082552e-19,0.340046802363028,0.0730778075554191,0.143152099105299,0.032,0.143152099105299,-0.111152099105299,"Higher in TH1","nRPC","nPRC",1453,1125
"Acsl3","TH2",1.84821982777341,995296,0.608883383038923,2.05202691639997e-21,3.42621215467765e-19,5.60073000741826,7.44894983519167,0.857536132140399,0.929777777777778,0.929777777777778,0.0722416456373787,"Higher in TH2","nRPC","nPRC",1453,1125
"Mpp7","TH2",-1.71530894831868,648225,0.396558843771507,5.40052127204786e-21,8.87166276706572e-19,3.62168658187036,1.90637763355169,0.630419821059876,0.493333333333333,0.630419821059876,-0.137086487726543,"Higher in TH1","nRPC","nPRC",1453,1125
"Mylip","TH2",0.300715548332663,915263.5,0.559922612219928,7.15582877386922e-21,1.15685898510886e-18,0.126958177753276,0.427673726085939,0.0653819683413627,0.183111111111111,0.183111111111111,0.117729142769748,"Higher in TH2","nRPC","nPRC",1453,1125
"Gadd45a","TH2",-0.384231241168933,710367,0.434574902500574,1.2098162493016e-20,1.92530914049012e-18,0.544999075346782,0.160767834177849,0.200963523743978,0.0728888888888889,0.200963523743978,-0.128074634855089,"Higher in TH1","nRPC","nPRC",1453,1125
"Mast4","TH2",1.11663576209313,980975.5,0.600122658102011,1.27485865451035e-20,1.99760544556737e-18,1.65374121570039,2.77037697779352,0.433585684790089,0.6,0.6,0.16641431520991,"Higher in TH2","nRPC","nPRC",1453,1125
"Maged1","TH2",0.629760270067159,976400,0.597323545155617,4.36690067582861e-20,6.7389217247446e-18,1.06901907129033,1.69877934135749,0.401238816242257,0.569777777777778,0.569777777777778,0.16853896153552,"Higher in TH2","nRPC","nPRC",1453,1125
"Pawr","TH2",0.586923830269251,956008,0.584848512655808,4.68869940684385e-20,7.12752290428427e-18,0.657050464270747,1.24397429454,0.225051617343427,0.387555555555556,0.387555555555556,0.162503938212128,"Higher in TH2","nRPC","nPRC",1453,1125
"Ndufa4","TH2",0.734336984453271,980509,0.599837271545462,4.91965362520834e-20,7.36862826069809e-18,1.45118826565326,2.18552525010653,0.46180316586373,0.64,0.64,0.17819683413627,"Higher in TH2","nRPC","nPRC",1453,1125
"Pmepa1","TH2",1.85469105239777,987316.5,0.604001835283322,7.37826329492491e-20,1.08909582114218e-17,4.43016736187804,6.28485841427581,0.719889883000688,0.847111111111111,0.847111111111111,0.127221228110423,"Higher in TH2","nRPC","nPRC",1453,1125
"Sptbn1","TH2",1.0937841073461,984709,0.60240666819607,9.77969773985344e-20,1.42294602114868e-17,2.36365155726208,3.45743566460818,0.60977288368892,0.754666666666667,0.754666666666667,0.144893782977747,"Higher in TH2","nRPC","nPRC",1453,1125
"Lrrc4c","TH2",1.42788138588024,976253.5,0.597233922153399,1.19100544637186e-19,1.70850570018274e-17,2.57544174970806,4.0033231355883,0.421885753613214,0.598222222222222,0.598222222222222,0.176336468609008,"Higher in TH2","nRPC","nPRC",1453,1125
"Pde4d","TH2",2.02052283125273,986008,0.603201345874436,1.69810424030102e-19,2.40168587343706e-17,6.1560374550222,8.17656028627493,0.75223675154852,0.885333333333333,0.885333333333333,0.133096581784813,"Higher in TH2","nRPC","nPRC",1453,1125
"Cfap61","TH2",0.341461169857324,916198.5,0.560494608855242,1.72138506392642e-19,2.40168587343706e-17,0.179601965286589,0.521063135143913,0.0777701307639367,0.197333333333333,0.197333333333333,0.119563202569397,"Higher in TH2","nRPC","nPRC",1453,1125
"Chd7","TH2",-2.29792136415819,649793,0.397518085187734,3.97549101737049e-19,5.47167243404303e-17,11.9468562975889,9.64893493343074,0.979353062629043,0.970666666666667,0.979353062629043,-0.00868639596237664,"Higher in TH1","nRPC","nPRC",1453,1125
"Ubb","TH2",-1.42172603756746,651173,0.398362315515791,6.67501533663583e-19,9.06467082715146e-17,5.30145244945425,3.87972641188678,0.868547832071576,0.816888888888889,0.868547832071576,-0.0516589431826872,"Higher in TH1","nRPC","nPRC",1453,1125
"Pttg1","TH2",-0.291197360732572,721101,0.441141546226199,6.81175828899105e-19,9.1286523912334e-17,0.416269329999368,0.125071969266796,0.177563661390227,0.0613333333333333,0.177563661390227,-0.116230328056894,"Higher in TH1","nRPC","nPRC",1453,1125
"Zdhhc14","TH2",-1.77149532428214,658478.5,0.402831536285081,8.03037405345073e-19,1.06219947707007e-16,3.84529537544561,2.07380005116347,0.606331727460427,0.500444444444444,0.606331727460427,-0.105887283015982,"Higher in TH1","nRPC","nPRC",1453,1125
"Ccser1","TH2",-2.54996544953726,652922,0.399432285692437,9.86734328230154e-19,1.28844732474668e-16,8.01236764768745,5.46240219815019,0.795595320027529,0.700444444444444,0.795595320027529,-0.0951508755830848,"Higher in TH1","nRPC","nPRC",1453,1125
"Ndufb11","TH2",0.463968083005392,962391,0.588753383803625,1.52885025795574e-18,1.97105568066825e-16,0.815553339609002,1.27952142261439,0.315898141775637,0.491555555555556,0.491555555555556,0.175657413779919,"Higher in TH2","nRPC","nPRC",1453,1125
"Shroom3","TH2",0.773910436615804,966355.5,0.591178710713466,1.7517538037339e-18,2.23020156137872e-16,1.17366500044813,1.94757543706394,0.367515485203028,0.527111111111111,0.527111111111111,0.159595625908083,"Higher in TH2","nRPC","nPRC",1453,1125
"Igfbp2","TH2",0.944489012629441,975431,0.596730748642655,3.24574148084483e-18,4.03144841248837e-16,2.22923632933836,3.1737253419678,0.536132140399174,0.700444444444444,0.700444444444444,0.16431230404527,"Higher in TH2","nRPC","nPRC",1453,1125
"Zfp385b","TH2",1.81997773304458,940529,0.575379062476103,4.39391818091791e-18,5.39181405694565e-16,1.37916076099706,3.19913849404164,0.187887130075705,0.326222222222222,0.326222222222222,0.138335092146517,"Higher in TH2","nRPC","nPRC",1453,1125
"Fbn2","TH2",0.572692733699804,955494,0.584534067446662,5.79093889143049e-18,7.02151340585947e-16,0.934678442018186,1.50737117571799,0.281486579490709,0.444444444444444,0.444444444444444,0.162957864953736,"Higher in TH2","nRPC","nPRC",1453,1125
"Cbfa2t2","TH2",-2.13649979882152,656283,0.401488414774031,7.38414900335924e-18,8.84794795284869e-16,6.55612443176005,4.41962463293854,0.867171369580179,0.806222222222222,0.867171369580179,-0.0609491473579568,"Higher in TH1","nRPC","nPRC",1453,1125
"Rims2","TH2",-1.27094443276502,664252,0.406363539038006,9.5590332977042e-18,1.1190661395071e-15,3.42176134591382,2.1508169131488,0.609084652443221,0.463111111111111,0.609084652443221,-0.14597354133211,"Higher in TH1","nRPC","nPRC",1453,1125
"Foxp2","TH2",1.27609222765024,968193.5,0.592303127628661,1.11536900935709e-17,1.2909128818525e-15,2.34525255524895,3.62134478289919,0.443909153475568,0.600888888888889,0.600888888888889,0.156979735413321,"Higher in TH2","nRPC","nPRC",1453,1125
"Grb10","TH2",-1.45579824250726,658186.5,0.402652902041753,1.33846201154118e-17,1.53171186376932e-15,5.04226497228665,3.58646672977939,0.789401238816242,0.750222222222222,0.789401238816242,-0.03917901659402,"Higher in TH1","nRPC","nPRC",1453,1125
"Epha3","TH2",-2.66996252808356,658063.5,0.402577655425556,1.50040915673108e-17,1.69796302903401e-15,8.02315368018253,5.35319115209897,0.832759807295251,0.773333333333333,0.832759807295251,-0.0594264739619179,"Higher in TH1","nRPC","nPRC",1453,1125
"Cdh11","TH2",1.07952147751476,972610.5,0.59500527643955,1.75688488393981e-17,1.96635962010187e-15,2.4552010106422,3.53472248815696,0.562284927735719,0.711111111111111,0.711111111111111,0.148826183375392,"Higher in TH2","nRPC","nPRC",1453,1125
"Mbnl2","TH2",1.43584531893304,975849,0.596986464785501,1.79052300046627e-17,1.98222573475532e-15,3.94295791687572,5.37880323580876,0.730213351686167,0.833777777777778,0.833777777777778,0.103564426091611,"Higher in TH2","nRPC","nPRC",1453,1125
"Etl4","TH2",0.654262757322571,954500.5,0.583926282786572,2.40156440656784e-17,2.63010037428962e-15,0.958914399253228,1.6131771565758,0.30006882312457,0.453333333333333,0.453333333333333,0.153264510208763,"Higher in TH2","nRPC","nPRC",1453,1125
"Kcnq3","TH2",-0.432526936137417,723408.5,0.442553184981265,2.76287193462623e-17,2.99360113342214e-15,0.639944000866585,0.207417064729168,0.183757742601514,0.0702222222222222,0.183757742601514,-0.113535520379292,"Higher in TH1","nRPC","nPRC",1453,1125
"Limch1","TH2",0.648047568258026,952392,0.582636384491856,3.75477337502327e-17,4.02551229732758e-15,0.836756806763426,1.48480437502145,0.291121816930489,0.439111111111111,0.439111111111111,0.147989294180622,"Higher in TH2","nRPC","nPRC",1453,1125
"Adamts19","TH2",0.444279678396595,928245.5,0.567864494914736,4.01321306221637e-17,4.25776823319518e-15,0.364991070889767,0.809270749286362,0.147281486579491,0.276444444444444,0.276444444444444,0.129162957864954,"Higher in TH2","nRPC","nPRC",1453,1125
"Aff3","TH2",0.93536692067361,964395.5,0.589979658943183,4.29445872315196e-17,4.50918165930955e-15,1.57295973034027,2.50832665101388,0.4287680660702,0.582222222222222,0.582222222222222,0.153454156152023,"Higher in TH2","nRPC","nPRC",1453,1125
"Pkp4","TH2",1.50336649030573,972265,0.594793912976982,8.79837014376152e-17,9.1440203994093e-15,3.91660209712789,5.41996858743362,0.715760495526497,0.832888888888889,0.832888888888889,0.117128393362392,"Higher in TH2","nRPC","nPRC",1453,1125
"Ndufa13","TH2",0.469999515813257,953001,0.583008947006194,1.16349379271492e-16,1.19698831099005e-14,0.831887806661857,1.30188732247511,0.311080523055747,0.472,0.472,0.160919476944253,"Higher in TH2","nRPC","nPRC",1453,1125
"Wdyhv1","TH2",0.292407176502765,904800,0.553521449873824,2.29941605330327e-16,2.34195525028939e-14,0.160751826340703,0.453159002843468,0.0763936682725396,0.181333333333333,0.181333333333333,0.104939665060794,"Higher in TH2","nRPC","nPRC",1453,1125
"Minar2","TH2",0.367912011255796,930998,0.569548367362545,3.47364127336153e-16,3.50287488803833e-14,0.430055984295341,0.797967995551137,0.174810736407433,0.313777777777778,0.313777777777778,0.138967041370345,"Higher in TH2","nRPC","nPRC",1453,1125
"Nedd9","TH2",0.381499238091886,917289,0.561161734342739,4.01961673192638e-16,4.01370553085002e-14,0.274407601227542,0.655906839319428,0.119752236751549,0.236444444444444,0.236444444444444,0.116692207692896,"Higher in TH2","nRPC","nPRC",1453,1125
"Gm55594","TH2",-0.264074679168466,729841,0.446488338303892,5.82298366614948e-16,5.75796977084781e-14,0.390185542793868,0.126110863625402,0.172057811424639,0.0666666666666667,0.172057811424639,-0.105391144757972,"Higher in TH1","nRPC","nPRC",1453,1125
"Cox4i1","TH2",0.849761545136951,965567,0.59069633708037,7.64839879670766e-16,7.49028286004495e-14,2.21897177814289,3.06873332327984,0.602202339986235,0.751111111111111,0.751111111111111,0.148908771124876,"Higher in TH2","nRPC","nPRC",1453,1125
"Akt3","TH2",-2.98831267482572,666293,0.40761214345798,7.79772447986235e-16,7.56379274546648e-14,15.6949418716353,12.7066291968096,0.978664831383345,0.968,0.978664831383345,-0.0106648313833448,"Higher in TH1","nRPC","nPRC",1453,1125
"Sox9","TH2",0.370429559385813,926907,0.567045652672631,8.58130003843023e-16,8.24533404635962e-14,0.384804999013013,0.755234558398826,0.164487267721955,0.295111111111111,0.295111111111111,0.130623843389157,"Higher in TH2","nRPC","nPRC",1453,1125
"Gnai2","TH2",0.718803298586123,959891.5,0.587224286915959,8.77676737265046e-16,8.3543341766771e-14,1.36516297526712,2.08396627385325,0.465244322092223,0.608,0.608,0.142755677907777,"Higher in TH2","nRPC","nPRC",1453,1125
"Hs6st3","TH2",0.779527792719636,911387,0.557551120287528,1.0144821340715e-15,9.5671301254798e-14,0.440899805972019,1.22042759869166,0.103922918100482,0.215111111111111,0.215111111111111,0.111188193010629,"Higher in TH2","nRPC","nPRC",1453,1125
"Setbp1","TH2",-2.09303833748092,667301,0.408228798654126,1.12959718892658e-15,1.04590430629247e-13,7.76615359795265,5.67311526047174,0.885065381968341,0.855111111111111,0.885065381968341,-0.0299542708572302,"Higher in TH1","nRPC","nPRC",1453,1125
"Ust","TH2",0.748868362753327,956132.5,0.584924676913665,1.19690312759479e-15,1.08843378165651e-13,1.60291916389078,2.35178752664411,0.408121128699243,0.563555555555556,0.563555555555556,0.155434426856313,"Higher in TH2","nRPC","nPRC",1453,1125
"Fbxo33","TH2",0.275780072625628,912344,0.558136575667202,1.19186492081108e-15,1.08843378165651e-13,0.256669998382552,0.53245007100818,0.106675843083276,0.222222222222222,0.222222222222222,0.115546379138946,"Higher in TH2","nRPC","nPRC",1453,1125
"Zfp738","TH2",0.264699397559585,908962,0.556067599602355,3.82809862476987e-15,3.45037030913993e-13,0.212427077330764,0.47712647489035,0.101858224363386,0.213333333333333,0.213333333333333,0.111475108969947,"Higher in TH2","nRPC","nPRC",1453,1125
"Zfp36l1","TH2",0.706821218176147,952743.5,0.582851418521067,4.06536300217315e-15,3.63208089273101e-13,1.22477426683971,1.93159548501586,0.401238816242257,0.546666666666667,0.546666666666667,0.145427850424409,"Higher in TH2","nRPC","nPRC",1453,1125
"Clvs1","TH2",0.592029195478091,917138,0.561069358415539,4.14466782836516e-15,3.67073407233906e-13,0.463902940245031,1.05593213572312,0.134205092911218,0.252444444444444,0.252444444444444,0.118239351533226,"Higher in TH2","nRPC","nPRC",1453,1125
"Plcl1","TH2",0.829978980085347,951894.5,0.58233203334098,4.68696320883536e-15,4.11523450706794e-13,1.78496580860734,2.61494478869269,0.386785960082588,0.547555555555556,0.547555555555556,0.160769595472968,"Higher in TH2","nRPC","nPRC",1453,1125
"Yipf4","TH2",0.419831378394322,942878,0.576816089317122,5.30209581194785e-15,4.61554237988794e-13,0.74537979540804,1.16521117380236,0.291810048176187,0.440888888888889,0.440888888888889,0.149078840712702,"Higher in TH2","nRPC","nPRC",1453,1125
"Pdzrn3","TH2",1.41319015766906,960003.5,0.587292804159976,7.40500439989691e-15,6.33868599246372e-13,3.73019844909318,5.14338860676224,0.596696490020647,0.725333333333333,0.725333333333333,0.128636843312686,"Higher in TH2","nRPC","nPRC",1453,1125
"Gabbr2","TH2",0.251121217587492,895797,0.548013764624914,7.40602487091981e-15,6.33868599246372e-13,0.161906487683081,0.413027705270573,0.0660701995870613,0.161777777777778,0.161777777777778,0.0957075781907165,"Higher in TH2","nRPC","nPRC",1453,1125
"Unc50","TH2",0.324608948790291,928132.5,0.567795365909612,8.15678449352946e-15,6.92307083888312e-13,0.412239100068881,0.736848048859173,0.192016517549897,0.327111111111111,0.327111111111111,0.135094593561214,"Higher in TH2","nRPC","nPRC",1453,1125
"Astn1","TH2",-0.873493846226004,689559,0.421845377380133,1.07879732131116e-14,9.08062042773069e-13,1.84854832343269,0.975054477206687,0.447350309704061,0.325333333333333,0.447350309704061,-0.122016976370727,"Higher in TH1","nRPC","nPRC",1453,1125
"Mgarp","TH2",0.551525078619204,950550,0.581509520532232,1.13917274043457e-14,9.51022488633284e-13,1.18222608684869,1.73375116546789,0.399174122505162,0.551111111111111,0.551111111111111,0.151936988605949,"Higher in TH2","nRPC","nPRC",1453,1125
"Mrps10","TH2",0.3590803626449,927554,0.567441462109046,1.37457785310229e-14,1.13821751494689e-12,0.433119458534008,0.792199821178908,0.196834136269787,0.326222222222222,0.326222222222222,0.129388085952436,"Higher in TH2","nRPC","nPRC",1453,1125
"H1f4","TH2",-1.17295916032046,673944,0.412292727689837,1.56231996888386e-14,1.28324426476469e-12,5.07050367853131,3.89754451821085,0.817618719889883,0.765333333333333,0.817618719889883,-0.0522853865565497,"Higher in TH1","nRPC","nPRC",1453,1125
"Dnajc6","TH2",0.389602505118446,899050.5,0.550004129387474,2.45864995528044e-14,2.0033079835625e-12,0.184384934301292,0.573987439419738,0.0812112869924295,0.178666666666667,0.178666666666667,0.0974553796742372,"Higher in TH2","nRPC","nPRC",1453,1125
"Rit2","TH2",-0.585261851089047,715420,0.437666131375698,3.23680350453707e-14,2.59581446407166e-12,1.07863880280104,0.493376951711989,0.264969029593944,0.146666666666667,0.264969029593944,-0.118302362927277,"Higher in TH1","nRPC","nPRC",1453,1125
"Fgd6","TH2",-0.402474891686432,717361,0.438853559684943,4.87946976191305e-14,3.88260933789722e-12,0.72743980862224,0.324964916935809,0.257398485891259,0.141333333333333,0.257398485891259,-0.116065152557926,"Higher in TH1","nRPC","nPRC",1453,1125
"Mns1","TH2",-0.435366942845956,705857,0.431815859906706,6.05058637071099e-14,4.77714900664275e-12,0.928661991043205,0.493295048197249,0.335168616655196,0.209777777777778,0.335168616655196,-0.125390838877418,"Higher in TH1","nRPC","nPRC",1453,1125
"Rerg","TH2",0.274946243220746,901642.5,0.551589814177564,6.29505119842464e-14,4.93193049661192e-12,0.283935782584321,0.558882025805067,0.0929112181693049,0.196444444444444,0.196444444444444,0.10353322627514,"Higher in TH2","nRPC","nPRC",1453,1125
"Cntn6","TH2",0.520384816571603,939837.5,0.574956029670414,6.80220363466907e-14,5.28858351290874e-12,1.40619468896782,1.92657950553943,0.312456985547144,0.466666666666667,0.466666666666667,0.154209681119523,"Higher in TH2","nRPC","nPRC",1453,1125
"Egfr","TH2",0.320944718814028,896965,0.548728301598226,7.38284692093268e-14,5.69653756740146e-12,0.201546795529598,0.522491514343626,0.0805230557467309,0.175111111111111,0.175111111111111,0.0945880553643802,"Higher in TH2","nRPC","nPRC",1453,1125
"Glcci1","TH2",2.556306718412,951898,0.582334174504856,7.71855388026172e-14,5.91078731356885e-12,3.99659654232193,6.55290326073393,0.527873365450791,0.633777777777778,0.633777777777778,0.105904412326986,"Higher in TH2","nRPC","nPRC",1453,1125
"Agpat3","TH2",0.449958541368671,937341,0.57342876806607,9.47107832711117e-14,7.19872632549457e-12,0.789697459835925,1.2396560012046,0.302133516861666,0.437333333333333,0.437333333333333,0.135199816471668,"Higher in TH2","nRPC","nPRC",1453,1125
"Thsd7a","TH2",1.6005313888974,944561,0.577845683260687,9.5543594550936e-14,7.20823341112062e-12,1.76784161319208,3.36837300208948,0.397109428768066,0.512,0.512,0.114890571231934,"Higher in TH2","nRPC","nPRC",1453,1125
"Bora","TH2",-0.668021298732058,700821,0.428735030970406,9.84635526264286e-14,7.37390649632482e-12,1.3866116110356,0.718590312303541,0.380591878871301,0.261333333333333,0.380591878871301,-0.119258545537967,"Higher in TH1","nRPC","nPRC",1453,1125
"Jam3","TH2",0.869868279474032,955537,0.584560373174275,1.00527974588157e-13,7.47355781883488e-12,3.03534084695854,3.90520912643258,0.692360633172746,0.801777777777778,0.801777777777778,0.109417144605032,"Higher in TH2","nRPC","nPRC",1453,1125
"Tmem223","TH2",0.308674844671123,927352,0.567317886365374,1.71213285388436e-13,1.26362848672552e-11,0.538561082502372,0.847235927173496,0.226428079834824,0.360888888888889,0.360888888888889,0.134460809054064,"Higher in TH2","nRPC","nPRC",1453,1125
"Clcn3","TH2",0.631986880183865,950768.5,0.581643190334175,2.00196091538052e-13,1.46690445490292e-11,1.90935613904707,2.54134301923093,0.551273227804542,0.676444444444444,0.676444444444444,0.125171216639902,"Higher in TH2","nRPC","nPRC",1453,1125
"Rdh10","TH2",0.378969587867957,922982.5,0.564644796207081,2.35276325865871e-13,1.71163527067421e-11,0.487925881382617,0.866895469250574,0.205092911218169,0.327111111111111,0.327111111111111,0.122018199892942,"Higher in TH2","nRPC","nPRC",1453,1125
"Srrm4","TH2",-1.9427541657472,681020.5,0.416621855165558,3.45348161222656e-13,2.47702184651602e-11,8.48510398919327,6.54234982344607,0.912594631796284,0.878222222222222,0.912594631796284,-0.0343724095740613,"Higher in TH1","nRPC","nPRC",1453,1125
"Rxylt1","TH2",0.358867831509736,929543.5,0.568658560831995,3.54236750308335e-13,2.52300790341985e-11,0.642891907507866,1.0017597390176,0.256710254645561,0.389333333333333,0.389333333333333,0.132623078687772,"Higher in TH2","nRPC","nPRC",1453,1125
"Tln2","TH2",0.357445753468824,923364,0.564878183069511,3.63380489143194e-13,2.57015991800238e-11,0.571039258087426,0.92848501155625,0.209910529938059,0.340444444444444,0.340444444444444,0.130533914506385,"Higher in TH2","nRPC","nPRC",1453,1125
"Rplp1","TH2",0.980183731945057,952628,0.582780760113176,4.27564796595368e-13,2.99422537171162e-11,3.61278944777006,4.59297317971511,0.76668960770819,0.853333333333333,0.853333333333333,0.0866437256251434,"Higher in TH2","nRPC","nPRC",1453,1125
"Lgmn","TH2",0.341686043091628,916733.5,0.560821901047641,4.29216400854096e-13,2.99422537171162e-11,0.38534195580292,0.727027998894548,0.174122505161734,0.292444444444444,0.292444444444444,0.11832193928271,"Higher in TH2","nRPC","nPRC",1453,1125
"Atf7ip","TH2",0.982963769802376,951796.5,0.582272080752466,4.80948393656207e-13,3.30976985769491e-11,3.30928473795793,4.2922485077603,0.717136958017894,0.796444444444444,0.796444444444444,0.0793074864265504,"Higher in TH2","nRPC","nPRC",1453,1125
"Hes6","TH2",-1.30707851336436,682471,0.417509214651679,5.51062066568337e-13,3.76682358926075e-11,6.06239947092989,4.75532095756553,0.858912594631796,0.791111111111111,0.858912594631796,-0.0678014835206852,"Higher in TH1","nRPC","nPRC",1453,1125
"Cadm2","TH2",3.58822609152568,949162.5,0.580660701995871,6.24341279268226e-13,4.23927728623126e-11,13.5872333925342,17.1754594840599,0.592567102546456,0.716444444444444,0.716444444444444,0.123877341897989,"Higher in TH2","nRPC","nPRC",1453,1125
"Mtss1","TH2",0.539982755991963,936133,0.572689760648467,7.62978226195537e-13,5.14631339986857e-11,1.05791112626394,1.5978938822559,0.336545079146593,0.478222222222222,0.478222222222222,0.141677143075629,"Higher in TH2","nRPC","nPRC",1453,1125
"Diaph3","TH2",-1.35457046792243,685699,0.419483979506003,7.7017933461913e-13,5.16070823887884e-11,4.52466009066328,3.17008962274085,0.690984170681349,0.616,0.690984170681349,-0.074984170681349,"Higher in TH1","nRPC","nPRC",1453,1125
"Fth1","TH2",0.471730895956654,937374.5,0.573449262063164,8.680493680598e-13,5.70392439592842e-11,1.01579219476158,1.48752309071823,0.355815554026153,0.497777777777778,0.497777777777778,0.141962223751625,"Higher in TH2","nRPC","nPRC",1453,1125
"Spock1","TH2",-0.360360681275333,743010,0.454544620325763,8.62726848758643e-13,5.70392439592842e-11,0.574259199220823,0.21389851794549,0.154163799036476,0.0648888888888889,0.154163799036476,-0.0892749101475874,"Higher in TH1","nRPC","nPRC",1453,1125
"Camk2d","TH2",0.852227737091764,947069.5,0.579380285998318,9.22764451583143e-13,6.02458714062456e-11,2.3203338669924,3.17256160408416,0.551273227804542,0.680888888888889,0.680888888888889,0.129615661084347,"Higher in TH2","nRPC","nPRC",1453,1125
"Cacna2d3","TH2",-0.824514515647017,702611,0.429830083352451,9.28991004764469e-13,6.02660725065358e-11,1.74331962151503,0.918805105868014,0.408809359944941,0.290666666666667,0.408809359944941,-0.118142693278275,"Higher in TH1","nRPC","nPRC",1453,1125
"Ndfip1","TH2",0.955963174743606,950090.5,0.581228416303433,1.03490289002998e-12,6.67119362971857e-11,3.47741006731859,4.4333732420622,0.729525120440468,0.829333333333333,0.829333333333333,0.0998082128928653,"Higher in TH2","nRPC","nPRC",1453,1125
"Rps29","TH2",0.874899129833496,950272.5,0.58133975682496,1.04793356274181e-12,6.7127065009593e-11,3.3291902140131,4.20408934384659,0.74741913282863,0.858666666666667,0.858666666666667,0.111247533838036,"Higher in TH2","nRPC","nPRC",1453,1125
"Agbl4","TH2",-1.73172406211636,686904.5,0.420221457520838,1.08211521758674e-12,6.88833968195057e-11,4.87512923494484,3.14340517282848,0.676531314521679,0.602666666666667,0.676531314521679,-0.0738646478550126,"Higher in TH1","nRPC","nPRC",1453,1125
"Frmd5","TH2",-1.38788933350265,685747,0.419513344039153,1.17646190141482e-12,7.44240028938503e-11,5.11016579186857,3.72227645836593,0.741913282863042,0.664888888888889,0.741913282863042,-0.0770243939741532,"Higher in TH1","nRPC","nPRC",1453,1125
"Robo1","TH2",1.45175866555146,947713,0.579773954270857,1.67583167067138e-12,1.04713776477227e-10,5.6878575879801,7.13961625353156,0.64280798348245,0.76,0.76,0.11719201651755,"Higher in TH2","nRPC","nPRC",1453,1125
"Tanc1","TH2",0.542083638424347,941294,0.575847059723178,1.6675467393865e-12,1.04713776477227e-10,1.55201563420977,2.09409927263412,0.439091534755678,0.587555555555556,0.587555555555556,0.148464020799878,"Higher in TH2","nRPC","nPRC",1453,1125
"Sybu","TH2",0.55889345276927,938531.5,0.574157069664296,1.70044153581507e-12,1.05603640501686e-10,1.49618311732366,2.05507657009293,0.393668272539573,0.538666666666667,0.538666666666667,0.144998394127093,"Higher in TH2","nRPC","nPRC",1453,1125
"Galnt13","TH2",2.84742810152569,948894,0.580496444138564,2.1677346563928e-12,1.33808348335519e-10,13.3463332282828,16.1937613298085,0.882312456985547,0.933333333333333,0.933333333333333,0.0510208763477862,"Higher in TH2","nRPC","nPRC",1453,1125
"Rpl37a","TH2",0.850263260614796,948128.5,0.580028141010935,2.40298744645025e-12,1.46553455940694e-10,3.46217269447685,4.31243595509165,0.753613214039917,0.852444444444444,0.852444444444444,0.098831230404527,"Higher in TH2","nRPC","nPRC",1453,1125
"Ryr3","TH2",0.62959061111405,901756.5,0.551659554943794,2.69273364122695e-12,1.63246976999384e-10,0.619830231606197,1.24942084272025,0.119752236751549,0.220444444444444,0.220444444444444,0.100692207692896,"Higher in TH2","nRPC","nPRC",1453,1125
"Ephb1","TH2",0.467241380573803,923361,0.56487634778619,2.91966809215516e-12,1.7595751194438e-10,0.830331817460178,1.29757319803398,0.243633860977288,0.372444444444444,0.372444444444444,0.128810583467156,"Higher in TH2","nRPC","nPRC",1453,1125
"Pik3r1","TH2",1.94800521266719,946506.5,0.579035864494915,3.78722878873242e-12,2.2689956007788e-10,5.5355804430344,7.48358565570159,0.712319339298004,0.807111111111111,0.807111111111111,0.0947917718131069,"Higher in TH2","nRPC","nPRC",1453,1125
"Rps21","TH2",0.608743122838724,945841,0.578628737478015,3.90579085623843e-12,2.32634385209289e-10,2.67442058149374,3.28316370433247,0.656572608396421,0.784,0.784,0.127427391603579,"Higher in TH2","nRPC","nPRC",1453,1125
"Hmgn2","TH2",-0.764952985019586,689140,0.42158904947618,4.14865887665544e-12,2.45663317783347e-10,3.12370841416207,2.35875542914248,0.730901582931865,0.661333333333333,0.730901582931865,-0.0695682495985318,"Higher in TH1","nRPC","nPRC",1453,1125
"Stk39","TH2",0.307187889240337,919680.5,0.562624761030817,5.39029124327997e-12,3.15517909843715e-10,0.602283135635689,0.909471024876026,0.225739848589126,0.351111111111111,0.351111111111111,0.125371262521985,"Higher in TH2","nRPC","nPRC",1453,1125
"Mdm1","TH2",-0.589773836166032,700522.5,0.428552420279881,6.31481319857657e-12,3.67522128157156e-10,1.57157944216175,0.981805605995714,0.483826565726084,0.377777777777778,0.483826565726084,-0.106048787948306,"Higher in TH1","nRPC","nPRC",1453,1125
"Yap1","TH2",0.303300519138808,914012.5,0.559157299074711,6.77816698716982e-12,3.92247902070026e-10,0.448633650644967,0.751934169783775,0.191328286304198,0.308444444444444,0.308444444444444,0.117116158140246,"Higher in TH2","nRPC","nPRC",1453,1125
"Hnrnpa2b1","TH2",-1.46969735138636,688770,0.421362697866483,6.97616102249222e-12,4.01424858836628e-10,10.5743999016743,9.10470255028793,0.972470750172058,0.968,0.972470750172058,-0.00447075017205789,"Higher in TH1","nRPC","nPRC",1453,1125
"Cxxc5","TH2",-0.823729014410564,693604.5,0.424320256939665,8.52391366257195e-12,4.87730677827502e-10,2.65435586943622,1.83062685502566,0.629043358568479,0.552888888888889,0.629043358568479,-0.0761544696795902,"Higher in TH1","nRPC","nPRC",1453,1125
"Tomm20","TH2",0.38212427427032,927784.5,0.567582473044276,8.68047035718009e-12,4.93913913898766e-10,0.738308584264634,1.12043285853495,0.310392291810048,0.438222222222222,0.438222222222222,0.127829930412174,"Higher in TH2","nRPC","nPRC",1453,1125
"Hspa13","TH2",-0.34447405453913,719308.5,0.440044964441386,8.78035833257102e-12,4.96821942317977e-10,0.735292720442269,0.390818665903138,0.302821748107364,0.193777777777778,0.302821748107364,-0.109043970329586,"Higher in TH1","nRPC","nPRC",1453,1125
"Kif21a","TH2",1.12899175856158,944527.5,0.577825189263593,8.93685073025694e-12,5.02883009324127e-10,4.19299677167223,5.32198853023381,0.738472126634549,0.838222222222222,0.838222222222222,0.099750095587673,"Higher in TH2","nRPC","nPRC",1453,1125
"E2f1","TH2",-0.673657372828179,697885,0.42693890035941,9.72257185352903e-12,5.44090078726336e-10,2.15807622872771,1.48441885589953,0.551273227804542,0.434666666666667,0.551273227804542,-0.116606561137876,"Higher in TH1","nRPC","nPRC",1453,1125
"Col9a1","TH2",0.684757864902112,927983.5,0.567704213504626,1.19460453090987e-11,6.64865964334265e-10,1.08881160301977,1.77356946792189,0.323468685478321,0.446222222222222,0.446222222222222,0.122753536743902,"Higher in TH2","nRPC","nPRC",1453,1125
"Lmnb1","TH2",-1.07830341891693,690911,0.422672478397186,1.28706686707788e-11,7.1243348049936e-10,4.77642759878026,3.69812417986333,0.812112869924295,0.789333333333333,0.812112869924295,-0.0227795365909612,"Higher in TH1","nRPC","nPRC",1453,1125
"Gnai3","TH2",0.385991896971482,925740.5,0.56633203334098,1.30652607533302e-11,7.15428391250902e-10,0.787956929981216,1.1739488269527,0.29525120440468,0.430222222222222,0.430222222222222,0.134971017817542,"Higher in TH2","nRPC","nPRC",1453,1125
"Chst11","TH2",-0.612728846747093,706913.5,0.432462185516556,1.34050603076311e-11,7.28353322808736e-10,1.48428059978839,0.871551753041295,0.424638678596008,0.315555555555556,0.424638678596008,-0.109083123040453,"Higher in TH1","nRPC","nPRC",1453,1125
"Smarca2","TH2",0.386324218414321,918869.5,0.562128622772807,1.34443225025078e-11,7.28353322808736e-10,0.595083105426236,0.981407323840557,0.237439779766001,0.357333333333333,0.357333333333333,0.119893553567332,"Higher in TH2","nRPC","nPRC",1453,1125
"Fbxl20","TH2",0.436068520183028,931145,0.569638296245316,1.67252524535115e-11,8.96561559152708e-10,1.2737838082326,1.70985232841563,0.370268410185822,0.504888888888889,0.504888888888889,0.134620478703066,"Higher in TH2","nRPC","nPRC",1453,1125
"Egflam","TH2",0.469978160699743,906628.5,0.5546400550585,1.71538221297629e-11,9.14720829275577e-10,0.773219835928,1.24319799662774,0.158981417756366,0.269333333333333,0.269333333333333,0.110351915576967,"Higher in TH2","nRPC","nPRC",1453,1125
"Med12l","TH2",0.554038002153256,930764,0.56940521526344,1.75170305719343e-11,9.29223731120575e-10,1.22758822292006,1.78162622507331,0.367515485203028,0.499555555555556,0.499555555555556,0.132040070352527,"Higher in TH2","nRPC","nPRC",1453,1125
"Lrig2","TH2",0.338672192732601,925876.5,0.566415232851571,1.9046862334952e-11,1.00514141389371e-09,0.833883049209223,1.17255524194182,0.307639366827254,0.44,0.44,0.132360633172746,"Higher in TH2","nRPC","nPRC",1453,1125
"Sorcs2","TH2",-1.27248014452312,691935.5,0.423299227651602,2.00694208684621e-11,1.05179906826088e-09,5.71519486022828,4.44271471570516,0.849965588437715,0.805333333333333,0.849965588437715,-0.0446322551043817,"Higher in TH1","nRPC","nPRC",1453,1125
"Ddx5","TH2",1.06492872684797,942956,0.57686380668349,2.01375373893835e-11,1.05179906826088e-09,6.15695255595252,7.22188128280049,0.900894700619408,0.947555555555556,0.947555555555556,0.0466608549361475,"Higher in TH2","nRPC","nPRC",1453,1125
"Ckap4","TH2",0.416403627333943,933448.5,0.571047487955953,2.28071613784013e-11,1.18515785019907e-09,1.2093791463013,1.62578277363525,0.419821059876118,0.555555555555556,0.555555555555556,0.135734495679437,"Higher in TH2","nRPC","nPRC",1453,1125
"Selenok","TH2",0.416448591109819,932420.5,0.570418597537662,2.45904779328565e-11,1.27134019160479e-09,1.09450804208405,1.51095663319386,0.407432897453544,0.537777777777778,0.537777777777778,0.130344880324233,"Higher in TH2","nRPC","nPRC",1453,1125
"Slc25a26","TH2",0.288186042101192,899090,0.550028293951212,2.68664174055572e-11,1.37504754409849e-09,0.299157567601192,0.587343609702384,0.128011011699931,0.224888888888889,0.224888888888889,0.0968778771889577,"Higher in TH2","nRPC","nPRC",1453,1125
"Atxn7l1","TH2",0.290436332711699,909531,0.556415691672402,3.13190639604764e-11,1.59492333218726e-09,0.445110782178303,0.735547114890002,0.185134205092911,0.295111111111111,0.295111111111111,0.1099769060182,"Higher in TH2","nRPC","nPRC",1453,1125
"BC031181","TH2",0.358300146079801,925092,0.565935306262904,3.41180663891938e-11,1.72881843867631e-09,0.81394759734944,1.17224774342924,0.315898141775637,0.445333333333333,0.445333333333333,0.129435191557697,"Higher in TH2","nRPC","nPRC",1453,1125
"Rnf13","TH2",0.44564389761618,933834.5,0.571283627743366,3.61541981651029e-11,1.82292330847313e-09,1.35858208540589,1.80422598302207,0.450103234686855,0.586666666666667,0.586666666666667,0.136563431979812,"Higher in TH2","nRPC","nPRC",1453,1125
"Nckap5","TH2",0.568119057983064,931304.5,0.569735872141929,3.78211622143113e-11,1.88827714290569e-09,1.61375410608225,2.18187316406532,0.40467997247075,0.540444444444444,0.540444444444444,0.135764471973694,"Higher in TH2","nRPC","nPRC",1453,1125
"Mybl1","TH2",2.62787390487068,941047.5,0.575696260610232,3.93071732721558e-11,1.95289541354588e-09,11.7166328441152,14.3445067489858,0.87130075705437,0.901333333333333,0.901333333333333,0.030032576278963,"Higher in TH2","nRPC","nPRC",1453,1125
"Tm9sf3","TH2",0.533202072779117,936540,0.572938747419133,5.1970266402803e-11,2.56950079277936e-09,1.80997332149299,2.34317539427211,0.551961459050241,0.675555555555556,0.675555555555556,0.123594096505315,"Higher in TH2","nRPC","nPRC",1453,1125
"Kdm4c","TH2",0.67493225209752,934709.5,0.571818918712243,5.42065896152709e-11,2.65429863092084e-09,1.80783055831262,2.48276281041014,0.503097040605644,0.622222222222222,0.622222222222222,0.119125181616579,"Higher in TH2","nRPC","nPRC",1453,1125
"Ltbp1","TH2",-0.880430858457902,719695.5,0.440281715989906,5.75768039512945e-11,2.79247499163778e-09,1.52821331510759,0.647782456649693,0.324156916724019,0.231111111111111,0.324156916724019,-0.0930458056129082,"Higher in TH1","nRPC","nPRC",1453,1125
"Gm20732","TH2",0.573752022033654,932062.5,0.570199587061253,5.73975263272865e-11,2.79247499163778e-09,1.38754223304824,1.96129425508189,0.448038540949759,0.562666666666667,0.562666666666667,0.114628125716908,"Higher in TH2","nRPC","nPRC",1453,1125
"Map2","TH2",1.02271093986918,939139.5,0.574529020417527,5.85126923900028e-11,2.82441598100559e-09,4.36608355978438,5.38879449965357,0.703372333103923,0.824,0.824,0.120627666896077,"Higher in TH2","nRPC","nPRC",1453,1125
"Gm29266","TH2",-2.01735855621888,696002.5,0.425787260074941,6.34341513450365e-11,3.03322456079435e-09,6.85597871526863,4.83862015904975,0.748107364074329,0.711111111111111,0.748107364074329,-0.0369962529632178,"Higher in TH1","nRPC","nPRC",1453,1125
"Tacr3","TH2",0.253076181138679,867297,0.530578573067217,6.47112187648123e-11,3.07983066878324e-09,0.121269081053422,0.374345262192101,0.0323468685478321,0.0933333333333333,0.0933333333333333,0.0609864647855013,"Higher in TH2","nRPC","nPRC",1453,1125
"Zfp532","TH2",-0.907490297264919,696894,0.426332645102088,6.58738944899545e-11,3.12058425758226e-09,3.44257884772798,2.53508855046306,0.70956641431521,0.648,0.70956641431521,-0.0615664143152099,"Higher in TH1","nRPC","nPRC",1453,1125
"Chd9","TH2",1.19042555732609,939577,0.574796665901965,6.67198296951304e-11,3.14602530298566e-09,6.05516525135208,7.24559080867816,0.86648313833448,0.912888888888889,0.912888888888889,0.0464057505544084,"Higher in TH2","nRPC","nPRC",1453,1125
"Meis2","TH2",1.55985800701533,921427.5,0.563693507685249,7.21468883176684e-11,3.38624911297444e-09,2.03616866156851,3.59602666858384,0.302821748107364,0.413333333333333,0.413333333333333,0.110511585225969,"Higher in TH2","nRPC","nPRC",1453,1125
"Slc39a11","TH2",-0.561983252895641,714674,0.437209757589661,7.6540619284388e-11,3.55966304754106e-09,1.33281111797232,0.770827865076675,0.384033035099794,0.275555555555556,0.384033035099794,-0.108477479544238,"Higher in TH1","nRPC","nPRC",1453,1125
"Pcdh17","TH2",-3.18377593352888,709323,0.433936223904565,7.83030241783755e-11,3.62507409662161e-09,7.8686123769241,4.68483644339522,0.449415003441156,0.337777777777778,0.449415003441156,-0.111637225663378,"Higher in TH1","nRPC","nPRC",1453,1125
"Ccdc85c","TH2",-0.618006242008305,704717,0.431118452244399,8.57431163475235e-11,3.95155493212456e-09,1.70847300010645,1.09046675809814,0.516861665519615,0.424888888888889,0.516861665519615,-0.0919727766307257,"Higher in TH1","nRPC","nPRC",1453,1125
"Tmtc3","TH2",0.327490834593411,916900.5,0.560924065152558,8.90586077633195e-11,4.08586450481716e-09,0.651266305484337,0.978757140077747,0.256710254645561,0.378666666666667,0.378666666666667,0.121956412021106,"Higher in TH2","nRPC","nPRC",1453,1125
"Adam23","TH2",0.343087133831913,917406.5,0.561233616272845,8.99419047815349e-11,4.08954598303542e-09,0.795049417357587,1.1381365511895,0.262216104611149,0.383111111111111,0.383111111111111,0.120895006499962,"Higher in TH2","nRPC","nPRC",1453,1125
"Vipr2","TH2",0.331048777244522,914077,0.559196757666131,8.96015742635182e-11,4.08954598303542e-09,0.698236792564161,1.02928556980868,0.232622161046111,0.352,0.352,0.119377838953888,"Higher in TH2","nRPC","nPRC",1453,1125
"Cntnap2","TH2",-0.931049495684756,742330.5,0.454128928653361,1.00515819628746e-10,4.55001610186125e-09,1.24770169978964,0.316652204104888,0.186510667584308,0.0995555555555555,0.186510667584308,-0.0869551120287528,"Higher in TH1","nRPC","nPRC",1453,1125
"Nos1ap","TH2",0.347570010270136,914564,0.55949468532538,1.11368847218919e-10,4.99687977499864e-09,0.636926149490037,0.984496159760173,0.24294562973159,0.358222222222222,0.358222222222222,0.115276592490632,"Higher in TH2","nRPC","nPRC",1453,1125
"Fmn2","TH2",-1.70006656624804,696713,0.426221916341669,1.16807224226521e-10,5.21790166117155e-09,8.13653468085942,6.43646811461139,0.869924294562973,0.843555555555556,0.869924294562973,-0.0263687390074177,"Higher in TH1","nRPC","nPRC",1453,1125
"Tshr","TH2",0.38537921889364,906165,0.554356503785272,1.45639146038919e-10,6.47744411531173e-09,0.502335330554419,0.88771454944806,0.18582243633861,0.291555555555556,0.291555555555556,0.105733119216946,"Higher in TH2","nRPC","nPRC",1453,1125
"Spred1","TH2",0.78785715112626,935441,0.572266421962224,1.61170801540709e-10,7.13706353779182e-09,2.87466436003477,3.66252151116103,0.65726083964212,0.742222222222222,0.742222222222222,0.0849613825801024,"Higher in TH2","nRPC","nPRC",1453,1125
"Gm56610","TH2",0.362143167235102,918432,0.561860977288369,1.9450610044721e-10,8.53898548730533e-09,0.804446323344239,1.16658949057934,0.292498279421886,0.411555555555556,0.411555555555556,0.11905727613367,"Higher in TH2","nRPC","nPRC",1453,1125
"Nr6a1os","TH2",0.477377406049442,920493,0.563121816930489,2.06449620700626e-10,9.0244179692527e-09,1.07229473177794,1.54967213782739,0.317274604267034,0.438222222222222,0.438222222222222,0.120947617955188,"Higher in TH2","nRPC","nPRC",1453,1125
"Rreb1","TH2",0.600852455915008,928402.5,0.56796054140858,2.35590614809759e-10,1.02542325292196e-08,2.00353151783068,2.60438397374569,0.441844459738472,0.575111111111111,0.575111111111111,0.133266651372639,"Higher in TH2","nRPC","nPRC",1453,1125
"Ddb1","TH2",0.302912782144049,917692.5,0.56140857994953,2.63151767458186e-10,1.14051095811133e-08,0.709580901963028,1.01249368410708,0.293186510667584,0.410666666666667,0.410666666666667,0.117480155999082,"Higher in TH2","nRPC","nPRC",1453,1125
"Ubxn4","TH2",0.562422938735492,931661.5,0.56995427085723,2.78644395976484e-10,1.20253948009343e-08,1.94983144047643,2.51225437921193,0.545767377838954,0.664,0.664,0.118232622161046,"Higher in TH2","nRPC","nPRC",1453,1125
"Golm2","TH2",0.461972361331041,928744.5,0.568169763707272,2.82095745519204e-10,1.21229753928822e-08,1.5847276451609,2.04670000649194,0.459738472126635,0.593777777777778,0.593777777777778,0.134039305651143,"Higher in TH2","nRPC","nPRC",1453,1125
"Itm2a","TH2",0.533567454945827,918180.5,0.561707119369886,3.35323766379753e-10,1.43307311928942e-08,0.895506871370305,1.42907432631613,0.306262904335857,0.422222222222222,0.422222222222222,0.115959317886365,"Higher in TH2","nRPC","nPRC",1453,1125
"Gm26936","TH2",0.351090774171639,914599.5,0.559516402844689,3.36283235650634e-10,1.43307311928942e-08,0.664547756723489,1.01563853089513,0.269786648313833,0.380444444444444,0.380444444444444,0.110657796130611,"Higher in TH2","nRPC","nPRC",1453,1125
"Foxm1","TH2",-0.325131720204318,728637.5,0.445752083811272,3.85666509398043e-10,1.63667224925795e-08,0.748719925859847,0.423588205655529,0.289745354439092,0.189333333333333,0.289745354439092,-0.100412021105758,"Higher in TH1","nRPC","nPRC",1453,1125
"Ldb2","TH2",0.460185364350606,918856.5,0.562120669878412,4.00780198283364e-10,1.69375365955023e-08,1.09038608479237,1.55057144914298,0.318651066758431,0.437333333333333,0.437333333333333,0.118682266574902,"Higher in TH2","nRPC","nPRC",1453,1125
"Ska1","TH2",-0.34782281052702,726943,0.444715454614973,4.03558210957652e-10,1.69844643743954e-08,0.816052189733732,0.468229379206713,0.304198210598761,0.202666666666667,0.304198210598761,-0.101531543932095,"Higher in TH1","nRPC","nPRC",1453,1125
"Adamtsl1","TH2",-0.29551212491268,752039,0.460068211363463,4.23791976515438e-10,1.77626390156779e-08,0.528787654234411,0.233275529321731,0.151410874053682,0.072,0.151410874053682,-0.079410874053682,"Higher in TH1","nRPC","nPRC",1453,1125
"Ccdc171","TH2",-0.973569330901096,710161,0.434448879712472,4.35756113170857e-10,1.81892459534639e-08,2.83091092742181,1.85734159652071,0.503785271851342,0.394666666666667,0.503785271851342,-0.109118605184675,"Higher in TH1","nRPC","nPRC",1453,1125
"Pcdh7","TH2",0.557776046410527,906855,0.5547786189493,4.393831952597e-10,1.82657871172247e-08,0.858978045309138,1.41675409171966,0.207157604955265,0.316444444444444,0.316444444444444,0.109286839489179,"Higher in TH2","nRPC","nPRC",1453,1125
"Clk4","TH2",0.366040703687101,920444.5,0.563092146516785,4.87932682525227e-10,2.01198152693095e-08,0.896411171295369,1.26245187498247,0.345492085340674,0.465777777777778,0.465777777777778,0.120285692437103,"Higher in TH2","nRPC","nPRC",1453,1125
"Efna5","TH2",1.08677924509726,932651,0.570559608472891,4.9441804690279e-10,2.03050314826811e-08,5.4707556847689,6.55753492986616,0.666207845836201,0.793777777777778,0.793777777777778,0.127569931941577,"Higher in TH2","nRPC","nPRC",1453,1125
"Gm26709","TH2",0.446843409900345,923714.5,0.565092605337616,5.00394095068404e-10,2.04679271416534e-08,1.33199408042039,1.77883749032074,0.398485891259463,0.515555555555556,0.515555555555556,0.117069664296092,"Higher in TH2","nRPC","nPRC",1453,1125
"Rin2","TH2",0.274474405019874,896312.5,0.548329127475721,5.03777783080613e-10,2.05239068827042e-08,0.342913323530667,0.617387728550541,0.143840330350998,0.239111111111111,0.239111111111111,0.0952707807601132,"Higher in TH2","nRPC","nPRC",1453,1125
"Dynlt2a2","TH2",0.313826456231722,908330.5,0.555681272463103,5.98551711073637e-10,2.42878453278286e-08,0.51397393398307,0.827800390214792,0.225739848589126,0.333333333333333,0.333333333333333,0.107593484744207,"Higher in TH2","nRPC","nPRC",1453,1125
"Wdr95","TH2",-0.263875137134736,746778,0.456849736178022,6.15264302092125e-10,2.48669322095567e-08,0.475612604283747,0.211737467149011,0.179628355127323,0.0951111111111111,0.179628355127323,-0.0845172440162117,"Higher in TH1","nRPC","nPRC",1453,1125
"Nsd2","TH2",-1.20355947352633,701480.5,0.429138487420662,6.28301970125478e-10,2.52935002597944e-08,7.5529549890024,6.34939551547607,0.903647625602202,0.891555555555556,0.903647625602202,-0.0120920700466468,"Higher in TH1","nRPC","nPRC",1453,1125
"Jph1","TH2",0.276195457930108,900939.5,0.55115974611914,6.54710596522501e-10,2.62528638802428e-08,0.455995806452491,0.732191264382599,0.174810736407433,0.273777777777778,0.273777777777778,0.0989670413703449,"Higher in TH2","nRPC","nPRC",1453,1125
"Kalrn","TH2",-1.23486212925111,703756,0.430530549820295,7.62498432125832e-10,3.04550844360847e-08,4.17596321012685,2.94110108087574,0.713695801789401,0.655111111111111,0.713695801789401,-0.0585846906782902,"Higher in TH1","nRPC","nPRC",1453,1125
"Nr1d2","TH2",0.26260726855347,902839.5,0.552322092222987,7.71173727074794e-10,3.06812672275655e-08,0.4429216241677,0.70552889272117,0.189263592567103,0.291555555555556,0.291555555555556,0.102291962988453,"Higher in TH2","nRPC","nPRC",1453,1125
"Pds5b","TH2",-0.828117548060618,702938.5,0.430030435115088,8.37125001317769e-10,3.29193750518204e-08,4.06653760160254,3.23842005354192,0.790777701307639,0.752,0.790777701307639,-0.0387777013076394,"Higher in TH1","nRPC","nPRC",1453,1125
"Slc24a3","TH2",-0.298626835455483,748662.5,0.458002599984706,9.25974279476177e-10,3.6273261678711e-08,0.51785874132125,0.219231905865767,0.172746042670337,0.0915555555555556,0.172746042670337,-0.0811904871147817,"Higher in TH1","nRPC","nPRC",1453,1125
"Unc13c","TH2",-0.291742441876033,753103.5,0.46071943106217,9.56731394866257e-10,3.73345182249534e-08,0.480730830936194,0.188988389060161,0.151410874053682,0.0746666666666667,0.151410874053682,-0.0767442073870154,"Higher in TH1","nRPC","nPRC",1453,1125
"Cir1","TH2",0.358666341645678,915339.5,0.559969106064082,1.04371746815575e-09,4.05561729444093e-08,0.783903925024949,1.14257026667063,0.307639366827254,0.421333333333333,0.421333333333333,0.113693966506079,"Higher in TH2","nRPC","nPRC",1453,1125
"Fmn1","TH2",0.28683337458968,880842.5,0.538865183145982,1.14982089553646e-09,4.43595675039349e-08,0.281114920724608,0.567948295314288,0.0825877494838266,0.16,0.16,0.0774122505161734,"Higher in TH2","nRPC","nPRC",1453,1125
"Cdin1","TH2",-0.670588875976642,713190.5,0.436302209987,1.15969737345431e-09,4.4571765089178e-08,1.97245867161386,1.30186979563722,0.487955953200275,0.4,0.487955953200275,-0.0879559532002753,"Higher in TH1","nRPC","nPRC",1453,1125
"Mir124a-1hg","TH2",0.722156573933619,921502,0.563739083887742,1.25435972434347e-09,4.8028773655783e-08,1.66880111238583,2.39095768631945,0.406744666207846,0.516444444444444,0.516444444444444,0.109699778236599,"Higher in TH2","nRPC","nPRC",1453,1125
"Tma7","TH2",0.436838277177709,920483,0.563115699319416,1.33748119430793e-09,5.08292759851726e-08,1.14805076351204,1.58488904068975,0.389538885065382,0.504888888888889,0.504888888888889,0.115350003823507,"Higher in TH2","nRPC","nPRC",1453,1125
"Nhs","TH2",-2.93223169073094,703719.5,0.430508220539879,1.3512319690191e-09,5.09714726091094e-08,14.0695093201412,11.1372776294102,0.94287680660702,0.931555555555556,0.94287680660702,-0.0113212510514644,"Higher in TH1","nRPC","nPRC",1453,1125
"Naa20","TH2",0.641307920485184,926179.5,0.56660059646708,1.34899967987269e-09,5.09714726091094e-08,1.69449421187081,2.335802132356,0.518238128011012,0.627555555555556,0.627555555555556,0.109317427544544,"Higher in TH2","nRPC","nPRC",1453,1125
"Zfp704","TH2",0.579647875290176,926550,0.56682725395733,1.57817648357101e-09,5.90945863425395e-08,2.40873030341129,2.98837817870147,0.534067446662079,0.667555555555556,0.667555555555556,0.133488108893477,"Higher in TH2","nRPC","nPRC",1453,1125
"Csrnp3","TH2",0.407239727459688,915261,0.55992108281716,1.61653573144533e-09,6.03092176731529e-08,0.987417885569837,1.39465761302953,0.317274604267034,0.439111111111111,0.439111111111111,0.121836506844077,"Higher in TH2","nRPC","nPRC",1453,1125
"Abca5","TH2",0.524013647669002,924691.5,0.565690295939436,1.75878100992075e-09,6.51388530401557e-08,1.70138878588232,2.22540243355133,0.49070887818307,0.616,0.616,0.12529112181693,"Higher in TH2","nRPC","nPRC",1453,1125
"Rpl17","TH2",0.770593489258693,929299,0.568508985241263,1.81947283192062e-09,6.71425028735926e-08,3.30976436384681,4.0803578531055,0.72401927047488,0.821333333333333,0.821333333333333,0.0973140628584538,"Higher in TH2","nRPC","nPRC",1453,1125
"Neurod4","TH2",0.533096992076291,907906,0.55542157987306,1.96153768332994e-09,7.18642492975377e-08,0.90892830366089,1.44202529573718,0.248451479697178,0.353777777777778,0.353777777777778,0.1053262980806,"Higher in TH2","nRPC","nPRC",1453,1125
"Dab1","TH2",0.400474614333346,911062.5,0.557352603808213,1.98558312517578e-09,7.19685556224743e-08,0.908917896745837,1.30939251107918,0.278045423262216,0.390222222222222,0.390222222222222,0.112176798960006,"Higher in TH2","nRPC","nPRC",1453,1125
"Dnah7b","TH2",0.259722368502507,905654.5,0.554044199740002,1.97544759759808e-09,7.19685556224743e-08,0.639296312266645,0.899018680769152,0.227116311080523,0.334222222222222,0.334222222222222,0.107105911141699,"Higher in TH2","nRPC","nPRC",1453,1125
"Mb21d2","TH2",-0.686537448174927,717284.5,0.438806759960236,2.18083227638438e-09,7.87651657268613e-08,1.8068893532933,1.12035190511838,0.450103234686855,0.36,0.450103234686855,-0.0901032346868548,"Higher in TH1","nRPC","nPRC",1453,1125
"Rpl23a","TH2",0.758839052676322,928589,0.568074634855089,2.42085633699414e-09,8.59108773250361e-08,3.24289491923704,4.00173397191336,0.751548520302822,0.827555555555556,0.827555555555556,0.0760070352527339,"Higher in TH2","nRPC","nPRC",1453,1125
"Fgd4","TH2",-1.22799726824207,706142,0.431990211822283,2.85392515548894e-09,1.00578642590501e-07,6.24631665592,5.01831938767793,0.871988988300069,0.839111111111111,0.871988988300069,-0.0328778771889576,"Higher in TH1","nRPC","nPRC",1453,1125
"Tmsb4x","TH2",-0.696605221401564,708327,0.433326909841707,2.88374814580031e-09,1.01279223672332e-07,2.83645474827683,2.13984952687527,0.686166551961459,0.614222222222222,0.686166551961459,-0.0719443297392368,"Higher in TH1","nRPC","nPRC",1453,1125
"Fgfr2","TH2",0.698648342594679,927619.5,0.567481532461574,2.90261617346429e-09,1.0159156607125e-07,3.06646537375292,3.7651137163476,0.699242945629732,0.794666666666667,0.794666666666667,0.0954237210369351,"Higher in TH2","nRPC","nPRC",1453,1125
"Trmt6","TH2",-0.316086186991354,737114.5,0.450937982717749,3.15360901193609e-09,1.09998314337565e-07,0.648676083240053,0.332589896248698,0.256022023399862,0.168888888888889,0.256022023399862,-0.0871331345109735,"Higher in TH1","nRPC","nPRC",1453,1125
"Igf1r","TH2",-1.80153475049952,706433,0.432168234304504,3.3025682117319e-09,1.14410398763569e-07,11.3836535587159,9.5821188082164,0.966276668960771,0.965333333333333,0.966276668960771,-0.000943335627437425,"Higher in TH1","nRPC","nPRC",1453,1125
"Ttyh2","TH2",0.282216929110147,902144.5,0.551896918253422,3.46560999653256e-09,1.19651653609099e-07,0.580064645335078,0.862281574445225,0.209910529938059,0.313777777777778,0.313777777777778,0.103867247839719,"Higher in TH2","nRPC","nPRC",1453,1125
"Gapdh","TH2",0.510993212296536,923280,0.564826795136499,4.01592511483928e-09,1.37717836008882e-07,1.74949997770917,2.2604931900057,0.522367515485203,0.643555555555556,0.643555555555556,0.121188040070353,"Higher in TH2","nRPC","nPRC",1453,1125
"Rgs3","TH2",-0.461539861284006,717232,0.438774642502103,4.26749907521062e-09,1.45853953292014e-07,1.52359197038828,1.06205210910428,0.485203028217481,0.386666666666667,0.485203028217481,-0.0985363615508144,"Higher in TH1","nRPC","nPRC",1453,1125
"Rap1gds1","TH2",0.533618487441187,920928,0.563387933012159,4.51773291029191e-09,1.53889998967636e-07,1.71174648752043,2.24536497496162,0.468685478320716,0.584,0.584,0.115314521679284,"Higher in TH2","nRPC","nPRC",1453,1125
"Meg3","TH2",-1.71964331934807,720099.5,0.44052886747725,4.64308792524384e-09,1.57022977734703e-07,3.54708158242727,1.8274382630792,0.431520991052994,0.358222222222222,0.431520991052994,-0.0732987688307716,"Higher in TH1","nRPC","nPRC",1453,1125
"D17H6S56E-5","TH2",-0.403647492694458,723414.5,0.442556855547909,4.65595869178992e-09,1.57022977734703e-07,1.13437601280085,0.730728520106394,0.39504473503097,0.302222222222222,0.39504473503097,-0.0928225128087482,"Higher in TH1","nRPC","nPRC",1453,1125
"Angpt1","TH2",0.676459892352878,883650.5,0.540583008335245,4.84561778296878e-09,1.62344135261635e-07,0.860172022123373,1.53663191447625,0.105299380591879,0.186666666666667,0.186666666666667,0.0813672860747878,"Higher in TH2","nRPC","nPRC",1453,1125
"Xrn2","TH2",-0.747346596989284,709074.5,0.433784201269404,5.32046102651895e-09,1.77668510016706e-07,3.39512200217011,2.64777540518083,0.737095664143152,0.705777777777778,0.737095664143152,-0.0313178863653744,"Higher in TH1","nRPC","nPRC",1453,1125
"Prdm1","TH2",0.87178447572538,923867,0.565185898906477,6.25178283938278e-09,2.06735091620499e-07,3.16949965946855,4.04128413519393,0.604267033723331,0.711111111111111,0.711111111111111,0.10684407738778,"Higher in TH2","nRPC","nPRC",1453,1125
"Ptchd1","TH2",0.285527410493847,893677,0.546716831077464,6.30700481461121e-09,2.0788622665636e-07,0.430097003599539,0.715624414093386,0.162422573984859,0.253333333333333,0.253333333333333,0.0909107593484745,"Higher in TH2","nRPC","nPRC",1453,1125
"Kifc1","TH2",-0.404734120107404,728121.5,0.445436415079911,6.34256841508915e-09,2.08384062282848e-07,1.06761810468909,0.662883984581683,0.35237439779766,0.255111111111111,0.35237439779766,-0.0972632866865489,"Higher in TH1","nRPC","nPRC",1453,1125
"Cspg5","TH2",0.516325576717019,923053.5,0.564688231245699,7.29759396940689e-09,2.36575520691764e-07,2.37793919789259,2.89426477460961,0.582243633860977,0.703111111111111,0.703111111111111,0.120867477250134,"Higher in TH2","nRPC","nPRC",1453,1125
"Inpp4b","TH2",0.74456788790012,884909.5,0.54135321556932,7.80696705364904e-09,2.50628262997932e-07,0.494257370398513,1.23882525829863,0.117687543014453,0.196444444444444,0.196444444444444,0.0787569014299916,"Higher in TH2","nRPC","nPRC",1453,1125
"Rsl1d1","TH2",0.292354539675145,907620.5,0.555246922076929,7.82521233513425e-09,2.50628262997932e-07,0.697861745860508,0.990216285535653,0.282174810736407,0.387555555555556,0.387555555555556,0.105380744819148,"Higher in TH2","nRPC","nPRC",1453,1125
"Ctsl","TH2",0.398476983109263,921627,0.563815554026153,8.14967677092365e-09,2.60202062419616e-07,1.7353940272222,2.13387101033146,0.543702684101858,0.653333333333333,0.653333333333333,0.109630649231475,"Higher in TH2","nRPC","nPRC",1453,1125
"Pnpla8","TH2",0.350585962787292,915473,0.560050776171905,8.24728972892083e-09,2.62495768403308e-07,1.16129250105742,1.51187846384472,0.389538885065382,0.508444444444444,0.508444444444444,0.118905559379062,"Higher in TH2","nRPC","nPRC",1453,1125
"Itpr1","TH2",0.282929350256352,900809,0.551079911294639,8.32608317967576e-09,2.64178059766348e-07,0.585476690540053,0.868406040796405,0.218169304886442,0.318222222222222,0.318222222222222,0.10005291733578,"Higher in TH2","nRPC","nPRC",1453,1125
"Clic4","TH2",-0.541223035881609,717614.5,0.43900864112564,8.927185029976e-09,2.80627714599708e-07,1.81653629863234,1.27531326275073,0.512044046799725,0.428444444444444,0.512044046799725,-0.0835996023552802,"Higher in TH1","nRPC","nPRC",1453,1125
"Unc5c","TH2",0.479410871623374,894836,0.547425862200811,1.0530325068963e-08,3.27985812927792e-07,0.709192895250935,1.18860376687431,0.176875430144529,0.272,0.272,0.0951245698554715,"Higher in TH2","nRPC","nPRC",1453,1125
"Rps18","TH2",-0.681177516031374,712038.5,0.435597461191405,1.16712594402931e-08,3.60217507270863e-07,3.00862485933505,2.32744734330367,0.710254645560908,0.657777777777778,0.710254645560908,-0.0524768677831307,"Higher in TH1","nRPC","nPRC",1453,1125
"St6galnac3","TH2",0.334209581254153,904089.5,0.553086793607096,1.2293832432715e-08,3.78286052348042e-07,0.793740028805339,1.12794961005949,0.256710254645561,0.361777777777778,0.361777777777778,0.105067523132217,"Higher in TH2","nRPC","nPRC",1453,1125
"B830012L14Rik","TH2",-0.339274306032443,750369,0.459046570314292,1.29712684485218e-08,3.95935191190299e-07,0.618948506492979,0.279674200460535,0.187887130075705,0.110222222222222,0.187887130075705,-0.0776649078534832,"Higher in TH1","nRPC","nPRC",1453,1125
"Crebrf","TH2",0.321105853322447,909443,0.556361856694961,1.29840308156661e-08,3.95935191190299e-07,0.950487952867092,1.27159380618954,0.317962835512732,0.432,0.432,0.114037164487268,"Higher in TH2","nRPC","nPRC",1453,1125
"Slit2","TH2",0.756850418111547,909930.5,0.556660090234763,1.43057431428148e-08,4.33642839016574e-07,1.38437180440525,2.14122222251679,0.332415691672402,0.437333333333333,0.437333333333333,0.104917641660931,"Higher in TH2","nRPC","nPRC",1453,1125
"Plxna2","TH2",0.35869745217095,894887,0.547457062017282,1.47131497851824e-08,4.43353344858232e-07,0.673935954097938,1.03263340626889,0.183757742601514,0.277333333333333,0.277333333333333,0.0935755907318192,"Higher in TH2","nRPC","nPRC",1453,1125
"Prkg1","TH2",1.58284688361822,922924.5,0.564609314062858,1.51118351482297e-08,4.5268835583741e-07,8.48437851041552,10.0672253940337,0.754989676531315,0.839111111111111,0.839111111111111,0.0841214345797966,"Higher in TH2","nRPC","nPRC",1453,1125
"A630089N07Rik","TH2",-0.712968789021114,720426.5,0.440728913359333,1.52076412610264e-08,4.54217067411869e-07,1.93015953969259,1.21719075067147,0.485203028217481,0.406222222222222,0.485203028217481,-0.0789808059952589,"Higher in TH1","nRPC","nPRC",1453,1125
"Spon1","TH2",0.499652097676667,912145.5,0.558015141087405,1.52520605846695e-08,4.54217067411869e-07,1.21849365969207,1.71814575736873,0.369580178940124,0.472888888888889,0.472888888888889,0.103308709948765,"Higher in TH2","nRPC","nPRC",1453,1125
"Hycc1","TH2",0.292562444676385,905208,0.553771048405598,1.58138509440601e-08,4.69574553543009e-07,0.733780888988246,1.02634333366463,0.273916035788025,0.384,0.384,0.110083964211975,"Higher in TH2","nRPC","nPRC",1453,1125
"Mga","TH2",0.409213675774432,916508,0.560683948917948,1.83546645713553e-08,5.41861619302186e-07,1.50262226094066,1.91183593671509,0.463867859600826,0.576888888888889,0.576888888888889,0.113021029288063,"Higher in TH2","nRPC","nPRC",1453,1125
"Mios","TH2",0.266280559982616,900173,0.550690831230405,1.91877262023929e-08,5.64817894136914e-07,0.560672016155332,0.826952576137948,0.231245698554714,0.331555555555556,0.331555555555556,0.100309857000841,"Higher in TH2","nRPC","nPRC",1453,1125
"Rere","TH2",-1.57967921065845,712090,0.43562896688843,1.975495573346e-08,5.79839262666541e-07,10.822778193956,9.24309898329756,0.964900206469374,0.941333333333333,0.964900206469374,-0.0235668731360403,"Higher in TH1","nRPC","nPRC",1453,1125
"Apoe","TH2",0.385877445479689,910690,0.557124722795748,2.12288537353738e-08,6.21309986479259e-07,1.05004217751545,1.43591962299513,0.360633172746043,0.465777777777778,0.465777777777778,0.105144605031735,"Higher in TH2","nRPC","nPRC",1453,1125
"Sox2ot","TH2",0.487239766192524,910728.5,0.557148275598379,2.23866629743305e-08,6.53318516886981e-07,1.19039361832823,1.67763338452075,0.365450791465933,0.466666666666667,0.466666666666667,0.101215875200734,"Higher in TH2","nRPC","nPRC",1453,1125
"Nceh1","TH2",0.297916030529264,893620.5,0.546682266574902,2.260444854223e-08,6.57789452578893e-07,0.453056049722438,0.750972080251701,0.183757742601514,0.272888888888889,0.272888888888889,0.0891311462873748,"Higher in TH2","nRPC","nPRC",1453,1125
"Dock3","TH2",-0.760689310886452,717677,0.439046876194846,2.41252661063285e-08,6.9805635026408e-07,2.51573757677983,1.75504826589337,0.580178940123882,0.506666666666667,0.580178940123882,-0.0735122734572149,"Higher in TH1","nRPC","nPRC",1453,1125
"Gulp1","TH2",0.836116442319165,918033.5,0.561617190487115,2.63901591844199e-08,7.59276190094115e-07,2.56212845858074,3.3982449008999,0.550584996558844,0.648888888888889,0.648888888888889,0.0983038923300451,"Higher in TH2","nRPC","nPRC",1453,1125
"Rspo2","TH2",0.44970376019356,884342,0.541006041140934,2.67160599493808e-08,7.66487522773082e-07,0.690626896335813,1.14033065652937,0.126634549208534,0.209777777777778,0.209777777777778,0.0831432285692437,"Higher in TH2","nRPC","nPRC",1453,1125
"Eef1b2","TH2",0.410263453238338,916259,0.560531620402233,2.71727543690553e-08,7.7522269817599e-07,1.53702826847188,1.94729172171022,0.487267721954577,0.605333333333333,0.605333333333333,0.118065611378757,"Higher in TH2","nRPC","nPRC",1453,1125
"H2ax","TH2",-0.329018592719555,728592.5,0.445724554561444,2.84461115169861e-08,8.09283926817048e-07,1.06950619839419,0.740487605674635,0.392291810048176,0.298666666666667,0.392291810048176,-0.0936251433815095,"Higher in TH1","nRPC","nPRC",1453,1125
"Sv2b","TH2",0.462618029250569,898260,0.549520532232163,2.93782280123231e-08,8.31159034181975e-07,0.8748597355869,1.33747776483747,0.225739848589126,0.320888888888889,0.320888888888889,0.095149040299763,"Higher in TH2","nRPC","nPRC",1453,1125
"Zc3h12c","TH2",-1.36094195917151,713588.5,0.436545690907701,3.03645293749541e-08,8.56683467268443e-07,7.69905751240575,6.33811555323424,0.889883000688231,0.856,0.889883000688231,-0.0338830006882312,"Higher in TH1","nRPC","nPRC",1453,1125
"Pcdh9","TH2",1.11262504421373,913096.5,0.558596925900436,3.11856076880663e-08,8.77418271555124e-07,3.50442320185142,4.61704824606515,0.422573984858913,0.535111111111111,0.535111111111111,0.112537126252198,"Higher in TH2","nRPC","nPRC",1453,1125
"Rian","TH2",-0.742873755081905,733806,0.448913971094288,3.17483410299757e-08,8.90790229725352e-07,1.58429171327584,0.841417958193931,0.330350997935306,0.248,0.330350997935306,-0.0823509979353063,"Higher in TH1","nRPC","nPRC",1453,1125
"Ano3","TH2",0.279134848087372,857587,0.524638372715455,3.61485350138877e-08,1.01146381625397e-06,0.109538035494475,0.388672883581847,0.0323468685478321,0.0808888888888889,0.0808888888888889,0.0485420203410568,"Higher in TH2","nRPC","nPRC",1453,1125
"Agap1","TH2",-1.21496193757628,714746.5,0.43725411026994,3.85300768033116e-08,1.07514748559378e-06,5.45118057324746,4.23621863567118,0.794218857536132,0.785777777777778,0.794218857536132,-0.0084410797583544,"Higher in TH1","nRPC","nPRC",1453,1125
"Rnd3","TH2",0.350351815517619,904187.5,0.553146746195611,3.88556963666371e-08,1.08127122266175e-06,0.838686311501299,1.18903812701892,0.295939435650379,0.394666666666667,0.394666666666667,0.0987272310162882,"Higher in TH2","nRPC","nPRC",1453,1125
"Rps6ka2","TH2",0.258014575358984,898845.5,0.54987871836048,4.16542286094759e-08,1.15598996835834e-06,0.613167619612973,0.871182194971957,0.238816242257398,0.336888888888889,0.336888888888889,0.0980726466314904,"Higher in TH2","nRPC","nPRC",1453,1125
"Ccdc187","TH2",-0.327001950845777,742792.5,0.454411562284928,4.30108019558695e-08,1.18716807024534e-06,0.723575222469882,0.396573271624104,0.256022023399862,0.175111111111111,0.256022023399862,-0.0809109122887512,"Higher in TH1","nRPC","nPRC",1453,1125
"Atp2b2","TH2",-0.265956479882226,749146.5,0.458298692360633,4.29918387597931e-08,1.18716807024534e-06,0.543991148542213,0.278034668659988,0.210598761183758,0.131555555555556,0.210598761183758,-0.0790432056282022,"Higher in TH1","nRPC","nPRC",1453,1125
"H3f3a","TH2",-0.863377270012782,714874.5,0.437332415691672,4.39781833930535e-08,1.21058864286014e-06,5.01565825048091,4.15228098046813,0.865794907088782,0.835555555555556,0.865794907088782,-0.0302393515332262,"Higher in TH1","nRPC","nPRC",1453,1125
"Rer1","TH2",0.262432030244773,905164,0.553744130916877,4.43241288513177e-08,1.21682278261636e-06,0.778458512488297,1.04089054273307,0.30970406056435,0.416888888888889,0.416888888888889,0.107184828324539,"Higher in TH2","nRPC","nPRC",1453,1125
"C130073E24Rik","TH2",0.268347429304865,882509.5,0.53988498891183,4.51027846700248e-08,1.23487059640915e-06,0.397854101560797,0.666201530865663,0.12388162422574,0.203555555555556,0.203555555555556,0.0796739313298157,"Higher in TH2","nRPC","nPRC",1453,1125
"Mybpc1","TH2",-0.78001767002032,759842,0.464841783283628,5.00757033084562e-08,1.363692615499e-06,1.12764622548365,0.347628555463332,0.147969717825189,0.0817777777777778,0.147969717825189,-0.0661919400474115,"Higher in TH1","nRPC","nPRC",1453,1125
"Cacng4","TH2",-0.299090159546012,743766,0.455007111722872,5.34164446089468e-08,1.44309413353348e-06,0.736616078350175,0.437525918804163,0.254645560908465,0.168888888888889,0.254645560908465,-0.0857566720195763,"Higher in TH1","nRPC","nPRC",1453,1125
"Rnpc3","TH2",0.257516751713464,906243,0.55440422115164,5.80026511123449e-08,1.56284921052707e-06,0.921330016848602,1.17884676856207,0.334480385409498,0.445333333333333,0.445333333333333,0.110852947923836,"Higher in TH2","nRPC","nPRC",1453,1125
"2610307P16Rik","TH2",-1.65025449341236,715916,0.437969564884912,6.24922882422157e-08,1.67495777828149e-06,9.58260095364253,7.93234646023017,0.918788713007571,0.905777777777778,0.918788713007571,-0.0130109352297928,"Higher in TH1","nRPC","nPRC",1453,1125
"Tcf4","TH2",-1.84547317108822,716145.5,0.438109964059035,6.7574730544022e-08,1.80642685194453e-06,16.9934744337778,15.1480012626895,0.987611837577426,0.991111111111111,0.991111111111111,0.00349927353368518,"Higher in TH1","nRPC","nPRC",1453,1125
"Foxn4","TH2",-0.607699311465404,724178.5,0.443024241033876,7.09495108546361e-08,1.87619309205041e-06,2.1096188370192,1.50191952555379,0.505161734342739,0.422222222222222,0.505161734342739,-0.0829395121205169,"Higher in TH1","nRPC","nPRC",1453,1125
"H3c6","TH2",-0.318943971453749,733589.5,0.44878152481456,7.11055997576297e-08,1.87619309205041e-06,0.918893635890841,0.599949664437092,0.35719201651755,0.274666666666667,0.35719201651755,-0.0825253498508832,"Higher in TH1","nRPC","nPRC",1453,1125
"Cecr2","TH2",-1.32661778432541,716626.5,0.43840422115164,7.15793529658509e-08,1.87895801535359e-06,5.65206367013426,4.32544588580885,0.826565726083964,0.815111111111111,0.826565726083964,-0.011454614972853,"Higher in TH1","nRPC","nPRC",1453,1125
"Tmsb10","TH2",-0.881795947025524,716705.5,0.438452550279116,7.15200655521721e-08,1.87895801535359e-06,4.3480253988574,3.46622945183187,0.816930488644184,0.792,0.816930488644184,-0.0249304886441845,"Higher in TH1","nRPC","nPRC",1453,1125
"Dip2c","TH2",-1.08817408171755,716641,0.438413091687696,7.37367305886964e-08,1.93061337029787e-06,6.11689403865807,5.02871995694051,0.857536132140399,0.820444444444444,0.857536132140399,-0.0370916876959547,"Higher in TH1","nRPC","nPRC",1453,1125
"Dennd6a","TH2",0.46305427652908,913317,0.558731819224593,7.58037680603852e-08,1.97964455819237e-06,1.71456313307315,2.17761740960223,0.500344115622849,0.608888888888889,0.608888888888889,0.10854477326604,"Higher in TH2","nRPC","nPRC",1453,1125
"Tpt1","TH2",0.99614724657294,917981,0.561585073028982,7.79268171867301e-08,2.02470569654808e-06,6.63920221076932,7.63534945734226,0.912594631796284,0.950222222222222,0.950222222222222,0.0376275904259387,"Higher in TH2","nRPC","nPRC",1453,1125
"Ptprn2","TH2",-0.391362186234683,736307,0.450443985623614,8.71937306667103e-08,2.25398006812296e-06,1.04710938516826,0.655747198933579,0.334480385409498,0.248,0.334480385409498,-0.0864803854094976,"Higher in TH1","nRPC","nPRC",1453,1125
"Katnal2","TH2",-0.410436193954606,728889.5,0.445906247610308,9.160661382734e-08,2.36205914387711e-06,1.44267945280331,1.03224325884871,0.437026841018582,0.343111111111111,0.437026841018582,-0.0939157299074712,"Higher in TH1","nRPC","nPRC",1453,1125
"Sox11","TH2",-0.681941115125825,719704.5,0.440287221839872,9.43266339676456e-08,2.41994147848985e-06,3.3486362141595,2.66669509903368,0.663454920853407,0.601777777777778,0.663454920853407,-0.061677143075629,"Higher in TH1","nRPC","nPRC",1453,1125
"Serpine2","TH2",0.415078058144337,899313.5,0.550165022558691,9.55940740149865e-08,2.44629558754432e-06,0.698445934175125,1.11352399231946,0.271163110805231,0.361777777777778,0.361777777777778,0.0906146669725472,"Higher in TH2","nRPC","nPRC",1453,1125
"Ptprs","TH2",-0.797222218915609,717573,0.438983253039688,9.83140362208729e-08,2.50959513511176e-06,4.99395380213348,4.19673158321787,0.848589125946318,0.858666666666667,0.858666666666667,0.0100775407203487,"Higher in TH1","nRPC","nPRC",1453,1125
"Cxcr4","TH2",0.31111958052489,898693,0.549785424791619,9.94256819516382e-08,2.525313143834e-06,0.612200798268776,0.923320378793667,0.262216104611149,0.36,0.36,0.0977838953888506,"Higher in TH2","nRPC","nPRC",1453,1125
"Hif1a","TH2",0.599396021238368,916257,0.560530396880018,1.06374154010697e-07,2.68838897915371e-06,3.42548296475895,4.02487898599732,0.71920165175499,0.814222222222222,0.814222222222222,0.0950205704672326,"Higher in TH2","nRPC","nPRC",1453,1125
"Luzp2","TH2",-0.88445148235506,729468,0.446260151410874,1.12799933888507e-07,2.8437310065704e-06,2.53681490980537,1.65236342745031,0.436338609772884,0.345777777777778,0.436338609772884,-0.0905608319951059,"Higher in TH1","nRPC","nPRC",1453,1125
"Top1","TH2",-0.752212504060164,719577,0.440209222298692,1.20189231112872e-07,3.0076838301833e-06,3.57375991682859,2.82154741276843,0.710942876806607,0.664888888888889,0.710942876806607,-0.0460539879177182,"Higher in TH1","nRPC","nPRC",1453,1125
"Ncam1","TH2",-2.04840165095386,718365.5,0.439468073717213,1.29850143743399e-07,3.22566759518662e-06,22.7297297585047,20.6813281075509,0.995870612525809,0.991111111111111,0.995870612525809,-0.0047595014146975,"Higher in TH1","nRPC","nPRC",1453,1125
"Epha7","TH2",0.479359305928813,887727.5,0.543077158369657,1.47815550921431e-07,3.63647677810331e-06,0.572855177579666,1.05221448350848,0.175498967653131,0.259555555555556,0.259555555555556,0.0840565879024241,"Higher in TH2","nRPC","nPRC",1453,1125
"Rps15a","TH2",0.688783987420442,915592.5,0.560123881624226,1.48280530939442e-07,3.63912580148969e-06,4.10474971298853,4.79353370040898,0.810048176187199,0.873777777777778,0.873777777777778,0.0637296015905788,"Higher in TH2","nRPC","nPRC",1453,1125
"Nkd1","TH2",-0.275027601806219,742821.5,0.454429303357039,1.55161776986645e-07,3.79885264088696e-06,0.715756468488363,0.440728866682144,0.284239504473503,0.2,0.284239504473503,-0.0842395044735031,"Higher in TH1","nRPC","nPRC",1453,1125
"Rfx3","TH2",-0.993528147474319,719378,0.440087481838342,1.58952186289863e-07,3.87303353435946e-06,5.46781698735768,4.47428883988336,0.82863041982106,0.795555555555556,0.82863041982106,-0.0330748642655043,"Higher in TH1","nRPC","nPRC",1453,1125
"Camk1d","TH2",0.495079289910438,912722.5,0.55836812724631,1.64744918650972e-07,4.00459903689772e-06,2.28672164454328,2.78180093445372,0.578802477632484,0.674666666666667,0.674666666666667,0.0958641890341821,"Higher in TH2","nRPC","nPRC",1453,1125
"Mir9-3hg","TH2",-0.302765107720479,745769,0.456232469220769,1.68297075958844e-07,4.06877140648436e-06,0.734498937542605,0.431733829822125,0.260151410874054,0.176888888888889,0.260151410874054,-0.0832625219851648,"Higher in TH1","nRPC","nPRC",1453,1125
"Prom1","TH2",0.298049056104539,903115,0.552490632408045,1.68583361171959e-07,4.06877140648436e-06,0.995331002740139,1.29338005884468,0.339298004129387,0.440888888888889,0.440888888888889,0.101590884759501,"Higher in TH2","nRPC","nPRC",1453,1125
"Smap1","TH2",0.370224929343573,906722.5,0.554697560602585,1.79663361777377e-07,4.30557962282961e-06,1.17422093913494,1.54444586847851,0.406744666207846,0.510222222222222,0.510222222222222,0.103477556014376,"Higher in TH2","nRPC","nPRC",1453,1125
"Cald1","TH2",0.409612548403699,904678.5,0.553447120899289,1.86971335839869e-07,4.45972612536081e-06,1.17401198971221,1.58362453811591,0.370956641431521,0.472,0.472,0.101043358568479,"Higher in TH2","nRPC","nPRC",1453,1125
"Fign","TH2",0.258646653984228,891990,0.54568479008947,2.0162897998751e-07,4.79811018965604e-06,0.695055524474176,0.953702178458404,0.214728148657949,0.308444444444444,0.308444444444444,0.0937162957864954,"Higher in TH2","nRPC","nPRC",1453,1125
"Rims1","TH2",0.348192997969358,894190.5,0.547030970406056,2.04067678054293e-07,4.84482354541486e-06,0.774998037828908,1.12319103579827,0.237439779766001,0.329777777777778,0.329777777777778,0.0923379980117764,"Higher in TH2","nRPC","nPRC",1453,1125
"Mapre2","TH2",-0.41849742650116,738464.5,0.451763860212587,2.09362479289435e-07,4.9589694222393e-06,1.12206907423858,0.70357164773742,0.335856847900895,0.253333333333333,0.335856847900895,-0.0825235145675614,"Higher in TH1","nRPC","nPRC",1453,1125
"Insig1","TH2",0.254155704543592,894345,0.547125487497132,2.14911116651292e-07,5.07858404430026e-06,0.605077645654763,0.859233350198355,0.240192704748796,0.333333333333333,0.333333333333333,0.0931406285845377,"Higher in TH2","nRPC","nPRC",1453,1125
"Lypd6","TH2",0.406836852941453,905008.5,0.553649002064694,2.24331784237367e-07,5.28893338531847e-06,1.45474931913717,1.86158617207863,0.384033035099794,0.493333333333333,0.493333333333333,0.10930029823354,"Higher in TH2","nRPC","nPRC",1453,1125
"Trps1","TH2",0.681629148209617,911686.5,0.55773434273916,2.27621850346308e-07,5.35410749602114e-06,3.24088187051045,3.92251101872007,0.577426015141087,0.682666666666667,0.682666666666667,0.105240651525579,"Higher in TH2","nRPC","nPRC",1453,1125
"Cep112","TH2",-0.93328265850221,721689,0.441501261757284,2.34093431026227e-07,5.49364422811548e-06,4.20110416878259,3.26782151028038,0.720578114246387,0.68,0.720578114246387,-0.0405781142463867,"Higher in TH1","nRPC","nPRC",1453,1125
"Grik2","TH2",-1.07451750259587,723334,0.442507608778772,2.36014071071851e-07,5.52598462957885e-06,4.17565572785215,3.10113822525628,0.63799036476256,0.576,0.63799036476256,-0.0619903647625603,"Higher in TH1","nRPC","nPRC",1453,1125
"Sptssa","TH2",0.295344685953663,903869.5,0.552952206163493,2.52388333098503e-07,5.8688930881467e-06,1.03088951251467,1.32623419846833,0.368891947694425,0.48,0.48,0.111108052305575,"Higher in TH2","nRPC","nPRC",1453,1125
"Igsf9","TH2",-0.343244620797001,737947,0.451447273839566,2.92729432916133e-07,6.76065595068211e-06,0.974075908708761,0.63083128791176,0.351686166551961,0.272888888888889,0.351686166551961,-0.0787972776630725,"Higher in TH1","nRPC","nPRC",1453,1125
"Nudt4","TH2",0.339995859988979,903320.5,0.552616349315592,2.98359187518507e-07,6.8595673247765e-06,1.06140340606422,1.4013992660532,0.374397797660014,0.472,0.472,0.0976022023399862,"Higher in TH2","nRPC","nPRC",1453,1125
"Stmn1","TH2",-0.993322517881449,721320.5,0.441275827789248,3.01180627804175e-07,6.90883940131875e-06,6.96345872711322,5.97013620923177,0.922918100481762,0.916444444444444,0.922918100481762,-0.00647365603731753,"Higher in TH1","nRPC","nPRC",1453,1125
"Aplp2","TH2",0.603170150449599,911556.5,0.557654813795213,3.02152354667542e-07,6.91278042151298e-06,2.51438797126418,3.11755812171378,0.636613902271163,0.710222222222222,0.710222222222222,0.0736083199510591,"Higher in TH2","nRPC","nPRC",1453,1125
"Myt1","TH2",-0.284609624284849,751156,0.459528026305728,3.08164446515505e-07,7.02159930147745e-06,0.606590215683817,0.321980591398968,0.226428079834824,0.151111111111111,0.226428079834824,-0.0753169687237134,"Higher in TH1","nRPC","nPRC",1453,1125
"Slc25a27","TH2",-0.506559949082728,725507,0.443836965664908,3.16513058624999e-07,7.19572656717771e-06,2.07928513012974,1.57272518104702,0.587749483826566,0.535111111111111,0.587749483826566,-0.0526383727154547,"Higher in TH1","nRPC","nPRC",1453,1125
"Gse1","TH2",-0.770116957592643,723262.5,0.442463867859601,3.17221212095672e-07,7.19576402047754e-06,3.09793523083315,2.32781827324051,0.679284239504473,0.651555555555556,0.679284239504473,-0.0277286839489179,"Higher in TH1","nRPC","nPRC",1453,1125
"Arid1b","TH2",-0.926836991001615,721776.5,0.441554790854171,3.39231598986111e-07,7.64396866299455e-06,6.6830724352361,5.75623544423449,0.89057123193393,0.895111111111111,0.895111111111111,0.00453987917718124,"Higher in TH1","nRPC","nPRC",1453,1125
"Dcc","TH2",-8.18227523663876,722706,0.442123422803395,3.41457050161203e-07,7.67713036620717e-06,24.5713195903517,16.3890443537129,0.748107364074329,0.702222222222222,0.748107364074329,-0.0458851418521068,"Higher in TH1","nRPC","nPRC",1453,1125
"Atl3","TH2",0.255893148017075,896835.5,0.548649078534832,3.42709282615538e-07,7.68831287101158e-06,0.881719199945617,1.13761234796269,0.282174810736407,0.380444444444444,0.380444444444444,0.098269633708037,"Higher in TH2","nRPC","nPRC",1453,1125
"Cers6","TH2",0.297804429033916,896940.5,0.548713313451097,3.88843967856898e-07,8.6660302245569e-06,0.913953181337212,1.21175761037113,0.289745354439092,0.384888888888889,0.384888888888889,0.0951435344497973,"Higher in TH2","nRPC","nPRC",1453,1125
"Rpl27a","TH2",0.580261315474483,911587.5,0.557673778389539,3.95779466647736e-07,8.80134032272313e-06,3.03741845305921,3.61767976853369,0.712319339298004,0.792,0.792,0.0796806607019959,"Higher in TH2","nRPC","nPRC",1453,1125
"Cenpp","TH2",-1.16584135817407,724271,0.4430808289363,4.02208963167863e-07,8.92483287552219e-06,5.13766488829172,3.97182353011766,0.681348933241569,0.624,0.681348933241569,-0.0573489332415692,"Higher in TH1","nRPC","nPRC",1453,1125
"Cacna1d","TH2",-0.611157641212761,732106,0.447873977211899,4.0720028510384e-07,9.01594544300567e-06,1.7988842840848,1.18772664287204,0.451479697178252,0.380444444444444,0.451479697178252,-0.0710352527338075,"Higher in TH1","nRPC","nPRC",1453,1125
"Fbxo8","TH2",0.278781799007904,896459,0.548418750477938,4.17762629730046e-07,9.18987555896439e-06,0.767155264197482,1.04593706320539,0.284927735719202,0.383111111111111,0.383111111111111,0.0981833753919095,"Higher in TH2","nRPC","nPRC",1453,1125
"Vcpip1","TH2",0.268117013883426,896310.5,0.548327903953506,4.17549217412391e-07,9.18987555896439e-06,0.812882962516046,1.08099997639947,0.282174810736407,0.382222222222222,0.382222222222222,0.100047411485815,"Higher in TH2","nRPC","nPRC",1453,1125
"Klhl24","TH2",0.403094560253903,908792,0.555963600214116,4.19981512382479e-07,9.21877522330937e-06,1.90814129189005,2.31123585214395,0.547143840330351,0.642666666666667,0.642666666666667,0.0955228263363157,"Higher in TH2","nRPC","nPRC",1453,1125
"Nr2e1","TH2",0.315749330741838,898389,0.549599449415003,4.28951306919733e-07,9.37525549565983e-06,0.824485375759211,1.14023470650105,0.313833448038541,0.408888888888889,0.408888888888889,0.095055440850348,"Higher in TH2","nRPC","nPRC",1453,1125
"Mcph1","TH2",-0.466718006918392,730814,0.447083581861283,4.55846627642828e-07,9.92050833876539e-06,1.72556078377976,1.25884277686137,0.490020646937371,0.407111111111111,0.490020646937371,-0.0829095358262599,"Higher in TH1","nRPC","nPRC",1453,1125
"Spata13","TH2",-0.606233427241264,729938.5,0.446547985011853,4.74481749245023e-07,1.02821204597033e-05,1.96313787354613,1.35690444630486,0.502408809359945,0.443555555555556,0.502408809359945,-0.0588532538043894,"Higher in TH1","nRPC","nPRC",1453,1125
"Pdia3","TH2",0.493694026186331,910731.5,0.557150110881701,4.73976823508951e-07,1.02821204597033e-05,2.74798395950002,3.24167798568635,0.692360633172746,0.768,0.768,0.075639366827254,"Higher in TH2","nRPC","nPRC",1453,1125
"Ksr1","TH2",-0.320653943033343,745043,0.455788330656879,4.75961805198273e-07,1.02922950869308e-05,0.809984597514266,0.489330654480923,0.289057123193393,0.210666666666667,0.289057123193393,-0.0783904565267263,"Higher in TH1","nRPC","nPRC",1453,1125
"Rspry1","TH2",0.276537944639131,900843.5,0.551101017052841,5.19884755661459e-07,1.11709414270295e-05,1.1093358993919,1.38587384403103,0.359944941500344,0.461333333333333,0.461333333333333,0.101388391832989,"Higher in TH2","nRPC","nPRC",1453,1125
"H1f3","TH2",-0.260095893616771,742093,0.45398363539038,5.19741939381399e-07,1.11709414270295e-05,0.86102161322116,0.600925719604389,0.327598072952512,0.237333333333333,0.327598072952512,-0.0902647396191787,"Higher in TH1","nRPC","nPRC",1453,1125
"Nalf1","TH2",-0.703273528167468,752544,0.460377150722643,5.41488172906975e-07,1.15619644466615e-05,1.31555285334575,0.612279325178285,0.224363386097729,0.153777777777778,0.224363386097729,-0.070585608319951,"Higher in TH1","nRPC","nPRC",1453,1125
"Cep128","TH2",-1.27435510142394,724979,0.44351395580026,6.38613792285137e-07,1.35757480468986e-05,5.99973866581742,4.72538356439348,0.737095664143152,0.705777777777778,0.737095664143152,-0.0313178863653744,"Higher in TH1","nRPC","nPRC",1453,1125
"Zfp810","TH2",-0.280877787283961,744857.5,0.455674848971477,6.39799613403174e-07,1.35757480468986e-05,0.808792909616462,0.527915122332501,0.298692360633173,0.221333333333333,0.298692360633173,-0.0773590272998394,"Higher in TH1","nRPC","nPRC",1453,1125
"Tuba1a","TH2",-0.789628430214636,724787,0.443396497667661,6.79684147633619e-07,1.43324700696654e-05,4.25015839146116,3.46052996124653,0.783895388850654,0.750222222222222,0.783895388850654,-0.0336731666284316,"Higher in TH1","nRPC","nPRC",1453,1125
"Sstr2","TH2",-0.280725038081981,750750,0.459279651296169,7.02265246557546e-07,1.47475701777085e-05,0.828274600268389,0.547549562186408,0.24776324845148,0.168,0.24776324845148,-0.0797632484514797,"Higher in TH1","nRPC","nPRC",1453,1125
"Lbr","TH2",-0.680067819965794,727077,0.444797430603349,7.05464405174449e-07,1.47842694788102e-05,2.76642813016001,2.08636031019421,0.631796283551273,0.589333333333333,0.631796283551273,-0.0424629502179399,"Higher in TH1","nRPC","nPRC",1453,1125
"Prex1","TH2",-0.31894045053982,741885,0.453856389080064,7.23584749436602e-07,1.51018661332209e-05,0.935777175404126,0.616836724864306,0.338609772883689,0.254222222222222,0.338609772883689,-0.0843875506614667,"Higher in TH1","nRPC","nPRC",1453,1125
"Rbm39","TH2",1.10563653304083,910132.5,0.556783665978435,7.33854592385323e-07,1.52848855285164e-05,11.5899811088878,12.6956176419286,0.975223675154852,0.987555555555556,0.987555555555556,0.0123318804007035,"Higher in TH2","nRPC","nPRC",1453,1125
"Ssbp2","TH2",-0.760441184055279,725646,0.443922000458821,7.60503478122411e-07,1.58076080095444e-05,3.98135854410146,3.22091736004618,0.733654507914659,0.702222222222222,0.733654507914659,-0.0314322856924372,"Higher in TH1","nRPC","nPRC",1453,1125
"Pdzd2","TH2",0.432287749526264,903596,0.55278488950065,7.65434829930309e-07,1.58777061972305e-05,1.79882709996271,2.23111484948897,0.445973847212663,0.545777777777778,0.545777777777778,0.0998039305651143,"Higher in TH2","nRPC","nPRC",1453,1125
"Rps14","TH2",0.666656360356455,909820,0.556592490632408,7.69358649868144e-07,1.59266622945265e-05,4.58895421772028,5.25561057807674,0.83826565726084,0.877333333333333,0.877333333333333,0.0390676760724936,"Higher in TH2","nRPC","nPRC",1453,1125
"Btbd17","TH2",-0.504255530570416,731378.5,0.447428921006347,7.85845664578142e-07,1.62349657073598e-05,1.70584416754053,1.20158863697011,0.511355815554026,0.446222222222222,0.511355815554026,-0.065133593331804,"Higher in TH1","nRPC","nPRC",1453,1125
"Tbl1x","TH2",-0.819353350231112,725690.5,0.443949223828095,8.15884686495198e-07,1.67125478064431e-05,4.11591284186578,3.29655949163467,0.749483826565726,0.728888888888889,0.749483826565726,-0.0205949376768372,"Higher in TH1","nRPC","nPRC",1453,1125
"Cux1","TH2",-1.21156895975504,724945.5,0.443493461803166,8.26908442482325e-07,1.68778807348346e-05,8.30976979672258,7.09820083696754,0.933929800412939,0.920888888888889,0.933929800412939,-0.0130409115240498,"Higher in TH1","nRPC","nPRC",1453,1125
"Stag1","TH2",-1.41393439651811,724980,0.443514567561367,8.38534655797518e-07,1.70809509385954e-05,12.8449984233077,11.4310640267896,0.978664831383345,0.979555555555556,0.979555555555556,0.0008907241722107,"Higher in TH1","nRPC","nPRC",1453,1125
"Pkib","TH2",-0.53806053394837,739540,0.452421809283475,8.41820568885798e-07,1.7113657672858e-05,1.61448884559002,1.07642831164165,0.373709566414315,0.291555555555556,0.373709566414315,-0.0821540108587596,"Higher in TH1","nRPC","nPRC",1453,1125
"Rpl41","TH2",0.518516974080414,908642,0.555871836048023,8.50250283573295e-07,1.72505958928168e-05,2.80744320749027,3.32596018157069,0.687543014452856,0.776,0.776,0.0884569855471439,"Higher in TH2","nRPC","nPRC",1453,1125
"Nr6a1","TH2",0.319560841907834,902894.5,0.552355739083888,8.8745055793536e-07,1.78983840248943e-05,1.73024348589369,2.04980432780152,0.437026841018582,0.545777777777778,0.545777777777778,0.108750936759196,"Higher in TH2","nRPC","nPRC",1453,1125
"Slit1","TH2",-0.409299319679276,744974.5,0.455746425021029,9.31497623005901e-07,1.8675793878573e-05,1.02243852634702,0.613139206667742,0.308327598072953,0.232,0.308327598072953,-0.0763275980729525,"Higher in TH1","nRPC","nPRC",1453,1125
"Klhl29","TH2",0.543185686627413,893127.5,0.54638066834901,1.01363857084202e-06,2.01245786433254e-05,1.12924076606758,1.67242645269499,0.281486579490709,0.368,0.368,0.0865134205092911,"Higher in TH2","nRPC","nPRC",1453,1125
"Tmem165","TH2",0.459122898215445,907750.5,0.555326451020876,1.02465095727444e-06,2.02642135919227e-05,2.63258957266242,3.09171247087787,0.666207845836201,0.76,0.76,0.093792154163799,"Higher in TH2","nRPC","nPRC",1453,1125
"Nasp","TH2",-0.857023285083328,726260.5,0.444297927659249,1.07097429892343e-06,2.10170967910119e-05,4.44649792022016,3.58947463513683,0.807983482450103,0.784,0.807983482450103,-0.0239834824501032,"Higher in TH1","nRPC","nPRC",1453,1125
"Zdhhc20","TH2",0.374602084366643,902364,0.552031199816472,1.07346143152953e-06,2.10253936156313e-05,1.43282860404866,1.8074306884153,0.444597384721266,0.543111111111111,0.543111111111111,0.0985137263898447,"Higher in TH2","nRPC","nPRC",1453,1125
"Fgf14","TH2",-1.46922722326575,741361.5,0.453536132140399,1.0782758913056e-06,2.10791553799377e-05,3.24806735949606,1.7788401362303,0.355815554026153,0.281777777777778,0.355815554026153,-0.074037776248375,"Higher in TH1","nRPC","nPRC",1453,1125
"Gm15283","TH2",0.397015309257376,904678.5,0.553447120899289,1.15187719300744e-06,2.2431872295948e-05,1.85239886121214,2.24941417046952,0.51892635925671,0.627555555555556,0.627555555555556,0.108629196298845,"Higher in TH2","nRPC","nPRC",1453,1125
"Sox4","TH2",0.667268653312,907577,0.555220310468762,1.18301420177145e-06,2.29048492269649e-05,3.91166815580327,4.57893680911527,0.716448726772196,0.771555555555556,0.771555555555556,0.05510682878336,"Higher in TH2","nRPC","nPRC",1453,1125
"Pdcd4","TH2",0.286551774768515,897456,0.549028676301904,1.18344294680823e-06,2.29048492269649e-05,0.978931431360429,1.26548320612894,0.350997935306263,0.443555555555556,0.443555555555556,0.0925576202492926,"Higher in TH2","nRPC","nPRC",1453,1125
"Ptma","TH2",-1.00088242810958,726338.5,0.444345645025618,1.21087536832251e-06,2.33575106559939e-05,9.42821265664282,8.42733022853323,0.955264969029594,0.962666666666667,0.962666666666667,0.00740169763707277,"Higher in TH1","nRPC","nPRC",1453,1125
"Mast2","TH2",-0.596905066428741,729024.5,0.445988835359792,1.21450849593113e-06,2.3383306296897e-05,2.81129668674552,2.21439162031678,0.635237439779766,0.584,0.635237439779766,-0.051237439779766,"Higher in TH1","nRPC","nPRC",1453,1125
"Rps19","TH2",0.49037547923302,907026.5,0.5548835359792,1.22356590052075e-06,2.35132428241582e-05,2.6603711782802,3.15074665751322,0.661390227116311,0.752,0.752,0.0906097728836889,"Higher in TH2","nRPC","nPRC",1453,1125
"Frmpd1","TH2",-0.498329954534226,736557.5,0.45059723178099,1.269603358998e-06,2.42156054062213e-05,1.62239428697981,1.12406433244558,0.439779766001376,0.363555555555556,0.439779766001376,-0.0762242104458209,"Higher in TH1","nRPC","nPRC",1453,1125
"Ociad1","TH2",0.261119065293737,898780,0.549838648007953,1.26962526135711e-06,2.42156054062213e-05,0.990109739910235,1.25122880520397,0.376462491397109,0.476444444444444,0.476444444444444,0.099981953047335,"Higher in TH2","nRPC","nPRC",1453,1125
"Cadps2","TH2",0.267828396811132,884038,0.540820065764319,1.29087105966369e-06,2.45748069956536e-05,0.627996919274003,0.895825316085135,0.193392980041294,0.273777777777778,0.273777777777778,0.0803847977364839,"Higher in TH2","nRPC","nPRC",1453,1125
"Sae1","TH2",-0.464944758325426,731852.5,0.447718895771201,1.42000924530591e-06,2.68825170324176e-05,1.91837924120875,1.45343448288332,0.553337921541638,0.492444444444444,0.553337921541638,-0.0608934770971935,"Higher in TH1","nRPC","nPRC",1453,1125
"Sorbs2","TH2",0.895242534339248,907578,0.555220922229869,1.43269586103423e-06,2.70222358233955e-05,8.5606713809883,9.45591391532754,0.856159669649002,0.903111111111111,0.903111111111111,0.0469514414621091,"Higher in TH2","nRPC","nPRC",1453,1125
"Cngb3","TH2",0.326846055889376,875590.5,0.535652213810507,1.46009479120256e-06,2.74373901261957e-05,0.896839487930294,1.22368554381967,0.132828630419821,0.205333333333333,0.205333333333333,0.0725047029135123,"Higher in TH2","nRPC","nPRC",1453,1125
"Strbp","TH2",-1.45417370348796,727091,0.444805995258851,1.48112945705415e-06,2.77814061143583e-05,11.2311571031552,9.77698339966725,0.956641431520991,0.950222222222222,0.956641431520991,-0.00641920929876882,"Higher in TH1","nRPC","nPRC",1453,1125
"Hmgb1","TH2",-0.909191030980081,727181.5,0.444861359639061,1.5136383852427e-06,2.82869852361412e-05,8.06006779510344,7.15087676412336,0.930488644184446,0.936,0.936,0.00551135581555406,"Higher in TH1","nRPC","nPRC",1453,1125
"Fsd1l","TH2",0.304080925967193,899876.5,0.550509444062094,1.53468377973167e-06,2.85754191893365e-05,1.24502656122093,1.54910748718812,0.412938747419133,0.513777777777778,0.513777777777778,0.100839030358645,"Higher in TH2","nRPC","nPRC",1453,1125
"Nav2","TH2",-1.54822944963394,727517,0.445066605490556,1.60522591387509e-06,2.98343538920034e-05,8.85317324043848,7.30494379080454,0.863041982105988,0.851555555555556,0.863041982105988,-0.0114864265504321,"Higher in TH1","nRPC","nPRC",1453,1125
"Depdc1b","TH2",0.394079539572554,891150,0.545170910759348,1.61920647831724e-06,3.00393770157761e-05,0.81792193980954,1.21200147938209,0.278045423262216,0.356444444444444,0.356444444444444,0.0783990211822284,"Higher in TH2","nRPC","nPRC",1453,1125
"Gm55122","TH2",0.646214098707911,899917.5,0.550534526267493,1.67735864537614e-06,3.10616323693744e-05,1.8929513536546,2.53916545236251,0.422573984858913,0.52,0.52,0.0974260151410874,"Higher in TH2","nRPC","nPRC",1453,1125
"Vldlr","TH2",0.257277451179025,886489.5,0.542319798118835,1.76461364928935e-06,3.25590398877029e-05,0.50529849640258,0.762575947581605,0.227116311080523,0.304888888888889,0.304888888888889,0.0777725778083658,"Higher in TH2","nRPC","nPRC",1453,1125
"Ktn1","TH2",0.589067426872838,906262,0.554415844612679,1.87530937687386e-06,3.42583695325167e-05,3.6842361667497,4.27330359362254,0.76668960770819,0.830222222222222,0.830222222222222,0.0635326145140322,"Higher in TH2","nRPC","nPRC",1453,1125
"Rps5","TH2",0.473886251831784,905471.5,0.553932247457368,1.88923939683407e-06,3.44220094038551e-05,2.68074406572432,3.1546303175561,0.664831383344804,0.757333333333333,0.757333333333333,0.0925019499885295,"Higher in TH2","nRPC","nPRC",1453,1125
"Phactr1","TH2",-1.2865435078483,730549,0.446921465167852,1.99235254433566e-06,3.62359119001049e-05,4.63078069046924,3.34423718262094,0.644872677219546,0.603555555555556,0.644872677219546,-0.0413171216639903,"Higher in TH1","nRPC","nPRC",1453,1125
"Rpl23","TH2",0.565110580233599,906058,0.554291045346792,2.01785541717194e-06,3.66343269588168e-05,3.74941108994713,4.31452167018072,0.774260151410874,0.851555555555556,0.851555555555556,0.0772954041446815,"Higher in TH2","nRPC","nPRC",1453,1125
"Arhgap28","TH2",0.278340257297902,897221.5,0.548885218322245,2.1098246911443e-06,3.81002916299729e-05,1.28344079475517,1.56178105205307,0.380591878871301,0.478222222222222,0.478222222222222,0.0976303433509215,"Higher in TH2","nRPC","nPRC",1453,1125
"Id2","TH2",-0.304456278560412,750369,0.459046570314292,2.29382207679228e-06,4.11312990354391e-05,0.757004994234505,0.452548715674094,0.277357192016518,0.205333333333333,0.277357192016518,-0.0720238586831842,"Higher in TH1","nRPC","nPRC",1453,1125
"Selenos","TH2",0.268225307309384,898559.5,0.549703754683796,2.32075520240859e-06,4.1468231116722e-05,1.21698647538204,1.48521178269142,0.41913282863042,0.512,0.512,0.0928671713695802,"Higher in TH2","nRPC","nPRC",1453,1125
"Cdc14a","TH2",0.328440127308887,897732,0.549197522367516,2.32703925027746e-06,4.15076966095901e-05,1.25142739031907,1.57986751762796,0.402615278733654,0.490666666666667,0.490666666666667,0.0880513879330121,"Higher in TH2","nRPC","nPRC",1453,1125
"Odc1","TH2",-0.290509149717861,742284,0.454100481761872,2.41748873309638e-06,4.28443104038625e-05,1.00042004458259,0.709910894864733,0.378527185134205,0.304888888888889,0.378527185134205,-0.0736382962453162,"Higher in TH1","nRPC","nPRC",1453,1125
"Slc4a7","TH2",-0.840781446377685,729523.5,0.446294104152329,2.56679396661432e-06,4.50642823303376e-05,4.85877873544305,4.01799728906537,0.816242257398486,0.777777777777778,0.816242257398486,-0.0384644796207081,"Higher in TH1","nRPC","nPRC",1453,1125
"Neo1","TH2",0.579636538072591,904778,0.553507991129464,2.56434875598481e-06,4.50642823303376e-05,3.45455537618744,4.03419191426003,0.713695801789401,0.799111111111111,0.799111111111111,0.0854153093217098,"Higher in TH2","nRPC","nPRC",1453,1125
"Magi1","TH2",-1.8796823541404,729296.5,0.446155234380974,2.65484249948943e-06,4.63800529284731e-05,17.9232759470468,16.0435935929064,0.986235375086029,0.992,0.992,0.00576462491397112,"Higher in TH1","nRPC","nPRC",1453,1125
"Galnt18","TH2",-0.64015735034929,734693.5,0.449456909077005,2.75892238196587e-06,4.80335460860213e-05,3.12680999010947,2.48665263976018,0.545767377838954,0.469333333333333,0.545767377838954,-0.0764340445056206,"Higher in TH1","nRPC","nPRC",1453,1125
"Nxn","TH2",-2.04733371612012,729617.5,0.446351609696414,2.80371483167446e-06,4.85786693490839e-05,11.0451241921577,8.99779047603758,0.869924294562973,0.855111111111111,0.869924294562973,-0.014813183451862,"Higher in TH1","nRPC","nPRC",1453,1125
"Ralgapa2","TH2",0.50548067805659,902541,0.552139481532462,2.80454173561722e-06,4.85786693490839e-05,2.33663600868945,2.84211668674604,0.578802477632484,0.657777777777778,0.657777777777778,0.0789753001452933,"Higher in TH2","nRPC","nPRC",1453,1125
"Rasa2","TH2",0.331406402375299,893958.5,0.546889041829166,2.855882463505e-06,4.93839777432911e-05,0.992853500471324,1.32425990284662,0.340674466620785,0.433777777777778,0.433777777777778,0.0931033111569932,"Higher in TH2","nRPC","nPRC",1453,1125
"Col23a1","TH2",0.268707196548694,897770,0.549220769289592,3.04087367986794e-06,5.24937261516186e-05,1.95352792416262,2.22223512071131,0.415003441156229,0.526222222222222,0.526222222222222,0.111218781065994,"Higher in TH2","nRPC","nPRC",1453,1125
"Upf2","TH2",0.354209054715032,899399.5,0.550217634013918,3.06129008165603e-06,5.2756750391991e-05,1.46495217889021,1.81916123360524,0.464556090846524,0.563555555555556,0.563555555555556,0.0989994647090311,"Higher in TH2","nRPC","nPRC",1453,1125
"Smc3","TH2",0.463135748177318,902144.5,0.551896918253422,3.09254991753672e-06,5.32054407265397e-05,1.9793321316431,2.44246787982041,0.570543702684102,0.664888888888889,0.664888888888889,0.094345186204787,"Higher in TH2","nRPC","nPRC",1453,1125
"Ncapd2","TH2",-0.445971668946034,734906.5,0.449587214192858,3.1701469585748e-06,5.44484768517442e-05,1.95456252663302,1.50859085768698,0.550584996558844,0.483555555555556,0.550584996558844,-0.0670294410032882,"Higher in TH1","nRPC","nPRC",1453,1125
"Hdac1","TH2",-0.330909013721598,743705.5,0.454970100175881,3.50925436500535e-06,5.98689375336339e-05,1.08025343035801,0.749344416636412,0.376462491397109,0.300444444444444,0.376462491397109,-0.076018046952665,"Higher in TH1","nRPC","nPRC",1453,1125
"Ntm","TH2",0.715489298859698,900890.5,0.551129769824883,3.53034525118346e-06,6.01280374302735e-05,4.08172467742269,4.79721397628239,0.546455609084652,0.617777777777778,0.617777777777778,0.0713221686931254,"Higher in TH2","nRPC","nPRC",1453,1125
"Rpl37","TH2",0.373490656236657,902695.5,0.552233998623538,3.56767996189899e-06,6.0662471472356e-05,2.5570105181551,2.93050117439176,0.631108052305575,0.733333333333333,0.733333333333333,0.102225281027759,"Higher in TH2","nRPC","nPRC",1453,1125
"Kdm5b","TH2",0.349910813862229,894080.5,0.546963676684255,3.59728276702044e-06,6.10638749701719e-05,1.03309618955764,1.38300700341987,0.360633172746043,0.445333333333333,0.445333333333333,0.0847001605872907,"Higher in TH2","nRPC","nPRC",1453,1125
"Hnrnph2","TH2",0.257945605980972,894210,0.547042899747649,3.61293990703626e-06,6.12276089070953e-05,0.944952084495597,1.20289769047657,0.358568479008947,0.454222222222222,0.454222222222222,0.0956537432132752,"Higher in TH2","nRPC","nPRC",1453,1125
"Rps15","TH2",0.469121742275482,903451.5,0.552696490020647,3.65463328922743e-06,6.172875630312e-05,3.10882186270566,3.57794360498114,0.716448726772196,0.803555555555556,0.803555555555556,0.0871068287833601,"Higher in TH2","nRPC","nPRC",1453,1125
"Dapl1","TH2",0.434135697109915,899246.5,0.550124034564503,3.68054333160485e-06,6.19608823675957e-05,1.57631482485109,2.010450521961,0.484514796971783,0.574222222222222,0.574222222222222,0.0897074252504397,"Higher in TH2","nRPC","nPRC",1453,1125
"Rpl36","TH2",0.315569920193205,900670.5,0.55099518238128,3.68851132940733e-06,6.19925542739499e-05,1.73658159712576,2.05215151731897,0.527185134205093,0.637333333333333,0.637333333333333,0.11014819912824,"Higher in TH2","nRPC","nPRC",1453,1125
"Cdkal1","TH2",-0.694761018496062,731244,0.447346639137417,3.84246554818716e-06,6.44736599807021e-05,4.22685566872643,3.53209465023037,0.779077770130764,0.760888888888889,0.779077770130764,-0.0181888812418751,"Higher in TH1","nRPC","nPRC",1453,1125
"Rpl39","TH2",0.489417520273432,901643,0.551590120058117,3.98736619660014e-06,6.67949419611389e-05,2.16111441355111,2.65053193382455,0.596696490020647,0.686222222222222,0.686222222222222,0.0895257322015752,"Higher in TH2","nRPC","nPRC",1453,1125
"Tnrc6b","TH2",0.708346279317155,903484.5,0.552716678137187,4.01524321920774e-06,6.70413970289031e-05,4.68941141449238,5.39775769380953,0.794907088781831,0.856,0.856,0.0610929112181693,"Higher in TH2","nRPC","nPRC",1453,1125
"Rplp0","TH2",0.458889871176522,901690,0.55161887283016,4.17674062966151e-06,6.95099727338276e-05,2.26959789390734,2.72848776508386,0.609084652443221,0.700444444444444,0.700444444444444,0.0913597920012235,"Higher in TH2","nRPC","nPRC",1453,1125
"Il1rapl1","TH2",0.419366894371405,876701.5,0.536331880400704,4.33178104913794e-06,7.18553582825242e-05,0.733914139956765,1.15328103432817,0.163110805230557,0.232888888888889,0.232888888888889,0.0697780836583314,"Higher in TH2","nRPC","nPRC",1453,1125
"Aig1","TH2",0.26124368622109,886130,0.542099870000765,4.53148482745318e-06,7.45608610139106e-05,0.712652441590392,0.973896127811481,0.253957329662767,0.335111111111111,0.335111111111111,0.0811537814483445,"Higher in TH2","nRPC","nPRC",1453,1125
"Rpl31","TH2",0.281464292781615,899425.5,0.550233539802707,4.65860505817248e-06,7.65288588991721e-05,1.67190837248907,1.95337266527068,0.512044046799725,0.623111111111111,0.623111111111111,0.111067064311386,"Higher in TH2","nRPC","nPRC",1453,1125
"Kdr","TH2",0.389686669397291,900100.5,0.550646478550126,4.69485852973288e-06,7.70002159828171e-05,2.31780994752535,2.70749661692265,0.544390915347557,0.648,0.648,0.103609084652443,"Higher in TH2","nRPC","nPRC",1453,1125
"H1f0","TH2",-0.42751164472745,737408.5,0.451117840483291,4.99352045851145e-06,8.15048170992615e-05,1.80163652133837,1.37412487661092,0.527873365450791,0.455111111111111,0.527873365450791,-0.0727622543396803,"Higher in TH1","nRPC","nPRC",1453,1125
"Rnf165","TH2",-0.596879095720507,733673.5,0.448832912747572,5.04779025747133e-06,8.21273862178044e-05,2.77802924807473,2.18115015235422,0.662766689607708,0.629333333333333,0.662766689607708,-0.0334333562743749,"Higher in TH1","nRPC","nPRC",1453,1125
"Slc1a3","TH2",0.362673114673703,895517.5,0.547842777395427,5.22130506279484e-06,8.46799236696902e-05,1.75671938545085,2.11939250012455,0.410185822436339,0.514666666666667,0.514666666666667,0.104480844230328,"Higher in TH2","nRPC","nPRC",1453,1125
"Yeats2","TH2",0.280509534542337,898521,0.549680201881165,5.41142886329445e-06,8.70701468762307e-05,1.63149335762256,1.9120028921649,0.498279421885754,0.611555555555556,0.611555555555556,0.113276133669802,"Higher in TH2","nRPC","nPRC",1453,1125
"Cdon","TH2",0.481608769052044,899570,0.55032193928271,5.46065089396174e-06,8.77235478785494e-05,2.3237224591398,2.80533122819185,0.544390915347557,0.652444444444444,0.652444444444444,0.108053529096888,"Higher in TH2","nRPC","nPRC",1453,1125
"Pcbp3","TH2",0.554484398874645,900947,0.551164334327445,5.61298577484165e-06,8.96542656765224e-05,2.88548796767384,3.43997236654848,0.637302133516862,0.724444444444444,0.724444444444444,0.0871423109275827,"Higher in TH2","nRPC","nPRC",1453,1125
"Asph","TH2",0.250085018909082,892437,0.545958247304428,5.61604531189213e-06,8.96542656765224e-05,0.941451078415082,1.19153609732416,0.355127322780454,0.448,0.448,0.0928726772195458,"Higher in TH2","nRPC","nPRC",1453,1125
"Bpnt2","TH2",0.304642304060157,895981.5,0.548126634549209,6.00433914894893e-06,9.52557542555217e-05,1.29764304820287,1.60228535226302,0.442532690984171,0.529777777777778,0.529777777777778,0.0872450867936071,"Higher in TH2","nRPC","nPRC",1453,1125
"Kif3a","TH2",0.272126416277016,892187,0.545805307027606,5.99749632540887e-06,9.52557542555217e-05,0.927005001100735,1.19913141737775,0.355815554026153,0.446222222222222,0.446222222222222,0.0904066681960695,"Higher in TH2","nRPC","nPRC",1453,1125
"Tubb3","TH2",-0.282849559129895,753292.5,0.460835053911448,6.05321323269234e-06,9.58817679237503e-05,0.799225170338456,0.516375611208561,0.276668960770819,0.204444444444444,0.276668960770819,-0.0722245163263745,"Higher in TH1","nRPC","nPRC",1453,1125
"Arl15","TH2",-0.618108946402199,734914.5,0.449592108281716,6.1583109742716e-06,9.72440267797772e-05,3.12210634511657,2.50399739871437,0.643496214728149,0.592,0.643496214728149,-0.0514962147281487,"Higher in TH1","nRPC","nPRC",1453,1125
"Eya2","TH2",-0.386087918864705,764835.5,0.467896612372868,6.46614822823077e-06,0.000101632283494646,0.761974904711522,0.375886985846817,0.17618719889883,0.115555555555556,0.17618719889883,-0.0606316433432744,"Higher in TH1","nRPC","nPRC",1453,1125
"Dip2b","TH2",-0.600024831914252,734271.5,0.44919874588973,6.5717683651081e-06,0.000102816376034756,3.0063394668428,2.40631463492855,0.688919476944253,0.661333333333333,0.688919476944253,-0.0275861436109199,"Higher in TH1","nRPC","nPRC",1453,1125
"Nlk","TH2",1.21700445749059,901306,0.551383956564961,6.5962179240078e-06,0.000103040612815981,5.6809616171719,6.8979660746625,0.757742601514109,0.801777777777778,0.801777777777778,0.044035176263669,"Higher in TH2","nRPC","nPRC",1453,1125
"Sec62","TH2",0.564158553078594,901358,0.55141576814254,6.76439223209164e-06,0.000105505872716468,3.89155881208972,4.45571736516832,0.774260151410874,0.842666666666667,0.842666666666667,0.0684065152557927,"Higher in TH2","nRPC","nPRC",1453,1125
"Pcm1","TH2",-0.757584176549005,733064.5,0.448460350233234,6.89345406553515e-06,0.000107070043909978,6.91660982095852,6.15902564440951,0.911218169304886,0.889777777777778,0.911218169304886,-0.0214403915271086,"Higher in TH1","nRPC","nPRC",1453,1125
"Mbtd1","TH2",0.550063761006235,900901.5,0.551136499197064,6.89621490475656e-06,0.000107070043909978,3.54139973368608,4.09146349469231,0.712319339298004,0.788444444444444,0.788444444444444,0.0761251051464402,"Higher in TH2","nRPC","nPRC",1453,1125
"Zdhhc21","TH2",0.315018118807465,892466.5,0.545976294257093,6.89546597796257e-06,0.000107070043909978,1.07869429688155,1.39371241568901,0.373021335168617,0.458666666666667,0.458666666666667,0.08564533149805,"Higher in TH2","nRPC","nPRC",1453,1125
"Ube2h","TH2",0.265994654698072,891037,0.545101781754225,7.26918065420115e-06,0.000112006966661178,1.0892382068301,1.35523286152817,0.345492085340674,0.439111111111111,0.439111111111111,0.0936190257704366,"Higher in TH2","nRPC","nPRC",1453,1125
"Tfdp2","TH2",0.52639773745264,900848,0.551103769977824,7.6335035542781e-06,0.000116737588138622,4.23832548967472,4.76472322712736,0.76668960770819,0.839111111111111,0.839111111111111,0.0724215034029212,"Higher in TH2","nRPC","nPRC",1453,1125
"Tcf7l2","TH2",0.359199341547539,898790,0.549844765619026,7.77938772765515e-06,0.000118435073252867,2.54169957542725,2.90089891697479,0.573296627666896,0.680888888888889,0.680888888888889,0.107592261221993,"Higher in TH2","nRPC","nPRC",1453,1125
"Adgrv1","TH2",-1.83026651546885,733524.5,0.448741760342586,7.81069382229109e-06,0.000118557252727324,15.9685311812098,14.138264665741,0.977976600137646,0.977777777777778,0.977976600137646,-0.000198822359868456,"Higher in TH1","nRPC","nPRC",1453,1125
"Plpp3","TH2",-0.554940179438309,737873,0.451402003517626,7.83434623777761e-06,0.000118739310166317,2.22140126686984,1.66646108743154,0.554714384033035,0.508444444444444,0.554714384033035,-0.0462699395885906,"Higher in TH1","nRPC","nPRC",1453,1125
"Sec63","TH2",0.453948221606794,900037,0.550607631719813,8.05675761647216e-06,0.000121747887720725,2.85894281993437,3.31289104154116,0.682037164487268,0.765333333333333,0.765333333333333,0.0832961688460656,"Higher in TH2","nRPC","nPRC",1453,1125
"Rsrc2","TH2",0.499289671070398,900067.5,0.550626290433586,8.4042336054773e-06,0.000126249438453962,2.925970942113,3.4252606131834,0.708878183069511,0.779555555555556,0.779555555555556,0.0706773724860442,"Higher in TH2","nRPC","nPRC",1453,1125
"Gpc3","TH2",0.347785637428989,886870,0.542552573220157,8.41677973062372e-06,0.000126251695959356,0.993331128087868,1.34111676551686,0.291121816930489,0.371555555555556,0.371555555555556,0.0804337386250669,"Higher in TH2","nRPC","nPRC",1453,1125
"Mef2c","TH2",0.359001798708835,883238,0.540330656878489,8.45895629623991e-06,0.000126697749819417,0.855841547508011,1.21484334621685,0.243633860977288,0.322666666666667,0.322666666666667,0.0790328056893783,"Higher in TH2","nRPC","nPRC",1453,1125
"Ndrg1","TH2",0.25205806494534,886568,0.542367821365757,8.5747686879918e-06,0.000128243787205868,0.819824415848729,1.07188248079407,0.284927735719202,0.371555555555556,0.371555555555556,0.0866278198363539,"Higher in TH2","nRPC","nPRC",1453,1125
"Rpl13","TH2",0.61258212747004,900634,0.550972853100864,8.66110757458101e-06,0.000129345132913647,5.36724862122273,5.97983074869277,0.876806607019959,0.912888888888889,0.912888888888889,0.0360822818689301,"Higher in TH2","nRPC","nPRC",1453,1125
"Rnf25","TH2",-0.258381868395543,751951.5,0.460014682266575,9.22305587145283e-06,0.00013693414584657,0.732087104824762,0.473705236429219,0.302821748107364,0.238222222222222,0.302821748107364,-0.0645995258851418,"Higher in TH1","nRPC","nPRC",1453,1125
"Malat1","TH2",13.6578390749106,900363,0.550807065840789,9.38247351188037e-06,0.000138896064997822,229.0600374814,242.717876556311,1,1,1,0,"Higher in TH2","nRPC","nPRC",1453,1125
"Amer2","TH2",0.598525647647452,897430,0.549012770513115,9.65386562578037e-06,0.00014249945130228,2.30649443229483,2.90502007994228,0.565037852718513,0.632,0.632,0.0669621472814866,"Higher in TH2","nRPC","nPRC",1453,1125
"2610035D17Rik","TH2",-0.461686786128143,745275,0.455930259233769,9.85333257746978e-06,0.000145023399279667,1.43326654562049,0.971579759492343,0.402615278733654,0.339555555555556,0.402615278733654,-0.0630597231780989,"Higher in TH1","nRPC","nPRC",1453,1125
"Anks1","TH2",-0.477718448318166,740399.5,0.452947617955189,1.0515881890806e-05,0.000153885426807269,1.78035717080153,1.30263872248336,0.516173434273916,0.456,0.516173434273916,-0.060173434273916,"Higher in TH1","nRPC","nPRC",1453,1125
"Itga6","TH2",0.270348434969449,891436.5,0.545346180316586,1.07564980785023e-05,0.000156283784492933,1.33661143704694,1.60695987201639,0.381280110116999,0.475555555555556,0.475555555555556,0.0942754454385563,"Higher in TH2","nRPC","nPRC",1453,1125
"Plcl2","TH2",0.296642515653219,882388.5,0.539810965817848,1.08187778430247e-05,0.000156964746910551,0.762689477667573,1.05933199332079,0.244322092222987,0.32,0.32,0.0756779077770131,"Higher in TH2","nRPC","nPRC",1453,1125
"Exoc4","TH2",-1.03295063121786,734915.5,0.449592720042823,1.0942788182947e-05,0.000157864444253988,8.28042030708779,7.24746967586993,0.922229869236063,0.895111111111111,0.922229869236063,-0.0271187581249522,"Higher in TH1","nRPC","nPRC",1453,1125
"Ephb2","TH2",-0.699212550533319,736856.5,0.450780148352069,1.09245086927214e-05,0.000157864444253988,2.90349098842802,2.20427843789471,0.646937370956641,0.626666666666667,0.646937370956641,-0.0202707042899747,"Higher in TH1","nRPC","nPRC",1453,1125
"Tpx2","TH2",-0.517435406545378,740217.5,0.452836277433662,1.09292307562058e-05,0.000157864444253988,2.49544832646182,1.97801291991644,0.530626290433586,0.459555555555556,0.530626290433586,-0.0710707348780301,"Higher in TH1","nRPC","nPRC",1453,1125
"Neurod1","TH2",0.503712510599071,897886,0.549291733578038,1.10657252175251e-05,0.000159187021667363,2.80382987845871,3.30754238905778,0.613214039917412,0.694222222222222,0.694222222222222,0.0810081823048099,"Higher in TH2","nRPC","nPRC",1453,1125
"Itgb8","TH2",0.391745525369138,895378.5,0.547757742601514,1.12115931196879e-05,0.000160604888782027,1.8809758399266,2.27272136529574,0.491397109428768,0.590222222222222,0.590222222222222,0.0988251127934541,"Higher in TH2","nRPC","nPRC",1453,1125
"Fbxl2","TH2",-0.265434069626718,752227,0.460183222451633,1.13299614609148e-05,0.000162072552639631,0.835464375982224,0.570030306355506,0.30970406056435,0.24,0.30970406056435,-0.0697040605643496,"Higher in TH1","nRPC","nPRC",1453,1125
"Zmiz1","TH2",-0.475440985010716,738172.5,0.451585225969259,1.14860166992808e-05,0.000163983906775964,2.25690537630735,1.78146439129663,0.602890571231934,0.552,0.602890571231934,-0.0508905712319339,"Higher in TH1","nRPC","nPRC",1453,1125
"Itm2b","TH2",0.330503036077168,897248,0.548901429991588,1.14957790317171e-05,0.000163983906775964,1.96134842195703,2.2918514580342,0.572608396421198,0.680888888888889,0.680888888888889,0.108280492467691,"Higher in TH2","nRPC","nPRC",1453,1125
"Cpe","TH2",0.283100320171244,894700,0.54734266269022,1.15974665894043e-05,0.00016520307302529,1.5660073549938,1.84910767516505,0.469373709566414,0.576,0.576,0.106626290433586,"Higher in TH2","nRPC","nPRC",1453,1125
"Rasal2","TH2",-0.694723108375415,737117,0.450939512120517,1.162638036085e-05,0.000165383636836952,3.35631309113545,2.66158998276003,0.656572608396421,0.612444444444444,0.656572608396421,-0.0441281639519767,"Higher in TH1","nRPC","nPRC",1453,1125
"Rps28","TH2",0.339625776950658,898172,0.549466697254722,1.17021256037453e-05,0.000166228939015545,2.51193883306932,2.85156461001998,0.648313833448039,0.732444444444444,0.732444444444444,0.084130610996406,"Higher in TH2","nRPC","nPRC",1453,1125
"Nap1l1","TH2",0.56415795817429,898543.5,0.549693966506079,1.19720767436997e-05,0.000169355002270252,2.84597995090401,3.4101379090783,0.698554714384033,0.766222222222222,0.766222222222222,0.0676675078381892,"Higher in TH2","nRPC","nPRC",1453,1125
"Rev3l","TH2",0.437605599707677,897660,0.549153475567791,1.23535369150407e-05,0.000174025966085324,2.96508199908428,3.40268759879196,0.62835512732278,0.707555555555556,0.707555555555556,0.0792004282327752,"Higher in TH2","nRPC","nPRC",1453,1125
"Efcab11","TH2",-0.467171523442717,743065.5,0.454578573067217,1.31064556528233e-05,0.000183568194006836,2.22526354914367,1.75809202570095,0.4762560220234,0.397333333333333,0.4762560220234,-0.0789226886900665,"Higher in TH1","nRPC","nPRC",1453,1125
"Akap9","TH2",0.374590232844247,896934,0.5487093370039,1.31210255510041e-05,0.000183568194006836,2.24644726054516,2.62103749338941,0.594631796283551,0.68,0.68,0.0853682037164488,"Higher in TH2","nRPC","nPRC",1453,1125
"Adam12","TH2",-0.895629888933092,738714,0.451916494608855,1.3729181073089e-05,0.000191813044210441,3.58219991978137,2.68657003084828,0.60495526496903,0.566222222222222,0.60495526496903,-0.0387330427468074,"Higher in TH1","nRPC","nPRC",1453,1125
"Timm23","TH2",0.253364267332538,891385,0.545314674619561,1.37934433501549e-05,0.000192446877426476,1.24439238583778,1.49775665317032,0.401927047487956,0.494222222222222,0.494222222222222,0.0922951747342663,"Higher in TH2","nRPC","nPRC",1453,1125
"Gm26953","TH2",-0.293824023248909,753796,0.461143075628967,1.39699823293636e-05,0.000194643324247016,0.867069312122232,0.573245288873323,0.299380591878871,0.228444444444444,0.299380591878871,-0.0709361474344268,"Higher in TH1","nRPC","nPRC",1453,1125
"Pde3b","TH2",-0.675915764051929,737449,0.451142616808136,1.42514562536935e-05,0.000198293827792169,3.57236190418717,2.89644614013524,0.691672401927047,0.640888888888889,0.691672401927047,-0.0507835130381586,"Higher in TH1","nRPC","nPRC",1453,1125
"Rrm2","TH2",-0.264521711593642,757251.5,0.463257016135199,1.45396624845469e-05,0.000201752673576444,0.731138566599705,0.466616855006063,0.259463179628355,0.195555555555556,0.259463179628355,-0.0639076240727996,"Higher in TH1","nRPC","nPRC",1453,1125
"Fyn","TH2",-0.550745114259723,738462.5,0.451762636690372,1.4878981975073e-05,0.000205620666778993,2.74353440003041,2.19278928577068,0.644872677219546,0.580444444444444,0.644872677219546,-0.0644282327751013,"Higher in TH1","nRPC","nPRC",1453,1125
"Spcs1","TH2",0.259848996649164,891004.5,0.545081899518238,1.54649467467829e-05,0.000212939703778533,1.06344717660899,1.32329617325815,0.402615278733654,0.496,0.496,0.0933847212663455,"Higher in TH2","nRPC","nPRC",1453,1125
"Hnrnpc","TH2",0.545154161431591,897698,0.549176722489868,1.61332066382038e-05,0.000221153041197989,3.55543859526062,4.10059275669221,0.745354439091535,0.818666666666667,0.818666666666667,0.0733122275751319,"Higher in TH2","nRPC","nPRC",1453,1125
"Mettl15","TH2",-0.566174072053857,741460.5,0.453596696490021,1.63660217344289e-05,0.000223552217161292,2.20687200718757,1.64069793513371,0.534067446662079,0.477333333333333,0.534067446662079,-0.0567341133287452,"Higher in TH1","nRPC","nPRC",1453,1125
"Rps13","TH2",0.458207358105248,897225,0.548887359486121,1.63740750125011e-05,0.000223552217161292,2.76049247699421,3.21869983509946,0.684790089470062,0.773333333333333,0.773333333333333,0.0885432438632714,"Higher in TH2","nRPC","nPRC",1453,1125
"Hes1","TH2",0.325669145642702,887933,0.543202875277204,1.70431499673063e-05,0.000231137792832243,1.16862976379841,1.49429890944112,0.350309704060564,0.430222222222222,0.430222222222222,0.0799125181616579,"Higher in TH2","nRPC","nPRC",1453,1125
"Kat2b","TH2",0.326566523081352,891741,0.545532461573755,1.81121923099345e-05,0.000243367649969238,1.37803992726682,1.70460645034817,0.441156228492774,0.526222222222222,0.526222222222222,0.0850659937294487,"Higher in TH2","nRPC","nPRC",1453,1125
"Ttll5","TH2",-0.438279642508672,742449,0.454201422344574,1.85671830949521e-05,0.000247846343148214,1.8030823953471,1.36480275283843,0.516173434273916,0.464888888888889,0.516173434273916,-0.0512845453850271,"Higher in TH1","nRPC","nPRC",1453,1125
"Dennd1b","TH2",0.633153292787825,896777,0.548613290510056,1.88570881206819e-05,0.000251266110919217,3.59012129783883,4.22327459062666,0.706813489332416,0.779555555555556,0.779555555555556,0.0727420662231398,"Higher in TH2","nRPC","nPRC",1453,1125
"Pcmt1","TH2",0.271182259379397,891464,0.545363003747037,2.03599107868629e-05,0.000268260920264164,1.40641722429721,1.67759948367661,0.445285615966965,0.532444444444444,0.532444444444444,0.0871588284774796,"Higher in TH2","nRPC","nPRC",1453,1125
"Rdm1","TH2",-0.30831520821598,755639.5,0.462270857230252,2.06236917278939e-05,0.000271385400837983,0.860729123810357,0.552413915594376,0.29043358568479,0.224,0.29043358568479,-0.0664335856847901,"Higher in TH1","nRPC","nPRC",1453,1125
"Metap2","TH2",0.25268609732151,889488,0.544154163799036,2.0749151563781e-05,0.000272684011196271,1.12930510075902,1.38199119808053,0.390227116311081,0.489777777777778,0.489777777777778,0.0995506614666972,"Higher in TH2","nRPC","nPRC",1453,1125
"Tenm4","TH2",0.406511821878766,888929.5,0.543812495220616,2.29112073548161e-05,0.000298021260419926,1.55592572332591,1.96243754520467,0.391603578802478,0.478222222222222,0.478222222222222,0.0866186434197446,"Higher in TH2","nRPC","nPRC",1453,1125
"Atrnl1","TH2",-0.79391895695476,740135.5,0.452786113022865,2.30284896094447e-05,0.000298403519939179,3.14863890806084,2.35471995110608,0.634549208534067,0.606222222222222,0.634549208534067,-0.0283269863118453,"Higher in TH1","nRPC","nPRC",1453,1125
"Soga3","TH2",-0.302145867278897,751179.5,0.459542402691749,2.30194208697904e-05,0.000298403519939179,1.05515929746865,0.753013430189754,0.355815554026153,0.288888888888889,0.355815554026153,-0.0669266651372639,"Higher in TH1","nRPC","nPRC",1453,1125
"Rps12","TH2",0.421833684815913,896222,0.548273763095511,2.35013628737946e-05,0.00030414406717865,3.67829540216364,4.10012908697955,0.759119064005506,0.837333333333333,0.837333333333333,0.0782142693278275,"Higher in TH2","nRPC","nPRC",1453,1125
"Syt1","TH2",0.728851117917158,895134.5,0.547608472891336,2.3732267797451e-05,0.000306742572991166,4.94311444537022,5.67196556328738,0.63799036476256,0.718222222222222,0.718222222222222,0.080231857459662,"Higher in TH2","nRPC","nPRC",1453,1125
"Kcnd3","TH2",0.287070397722904,882175.5,0.539680660701996,2.38792195910095e-05,0.000308250762401055,1.20995540213724,1.49702579986014,0.274604267033723,0.354666666666667,0.354666666666667,0.0800623996329434,"Higher in TH2","nRPC","nPRC",1453,1125
"Micu1","TH2",0.446268638289182,890668.5,0.54487634778619,2.42043094203131e-05,0.000310871237636682,1.43889437958715,1.88516301787633,0.445285615966965,0.524444444444444,0.524444444444444,0.0791588284774796,"Higher in TH2","nRPC","nPRC",1453,1125
"Ptprk","TH2",0.281218239925087,890907,0.545022252810278,2.42031201257032e-05,0.000310871237636682,1.78436745054987,2.06558569047495,0.446662078458362,0.538666666666667,0.538666666666667,0.0920045882083046,"Higher in TH2","nRPC","nPRC",1453,1125
"Srrm4os","TH2",-0.34001078964512,751049.5,0.459462873747801,2.44829441371031e-05,0.000313658850360246,1.07473376554879,0.734722975903668,0.359944941500344,0.296,0.359944941500344,-0.0639449415003441,"Higher in TH1","nRPC","nPRC",1453,1125
"Dll1","TH2",0.446127623936533,892820.5,0.546192857689072,2.48174218940482e-05,0.000317146100364969,1.93413809975123,2.38026572368776,0.524432209222299,0.598222222222222,0.598222222222222,0.0737900129999235,"Higher in TH2","nRPC","nPRC",1453,1125
"Id1","TH2",-0.379401588568463,753122,0.460730748642655,2.53875240742258e-05,0.0003236194401702,1.01435985291193,0.634958264343472,0.328974535443909,0.269333333333333,0.328974535443909,-0.0596412021105758,"Higher in TH1","nRPC","nPRC",1453,1125
"Tspan3","TH2",0.440385181192684,895739.5,0.547978588361245,2.73573192599539e-05,0.000346129561071591,3.79552031525985,4.23590549645254,0.799036476256022,0.872,0.872,0.072963523743978,"Higher in TH2","nRPC","nPRC",1453,1125
"Fto","TH2",-0.585047730612369,739555,0.452430985700084,2.78319631246758e-05,0.000351697945936505,3.48108979775627,2.8960420671439,0.734342739160358,0.721777777777778,0.734342739160358,-0.0125649613825801,"Higher in TH1","nRPC","nPRC",1453,1125
"Rpl35a","TH2",0.453472126661089,894745.5,0.547370497820601,2.86822528909086e-05,0.000360208071139216,2.65391512326769,3.10738724992878,0.669649002064694,0.757333333333333,0.757333333333333,0.0876843312686396,"Higher in TH2","nRPC","nPRC",1453,1125
"Enah","TH2",-0.727336695312852,739840,0.452605337615661,3.09029747884473e-05,0.000383370034373125,4.05695949266871,3.32962279735585,0.760495526496903,0.732444444444444,0.760495526496903,-0.0280510820524585,"Higher in TH1","nRPC","nPRC",1453,1125
"Jkamp","TH2",0.254177248973114,890491,0.544767760189646,3.23528263096013e-05,0.000397963207685132,1.40618550157918,1.66036275055229,0.470750172057811,0.560888888888889,0.560888888888889,0.0901387168310774,"Higher in TH2","nRPC","nPRC",1453,1125
"Rpl32","TH2",0.383949456720916,894438.5,0.547182687160664,3.3061880325347e-05,0.000405216908680697,3.17403459683607,3.55798405355699,0.706813489332416,0.784,0.784,0.0771865106675843,"Higher in TH2","nRPC","nPRC",1453,1125
"Rcn2","TH2",0.307094940137418,892812.5,0.546187963600214,3.38167188420943e-05,0.000413473327018884,1.97047857605209,2.2775735161895,0.578114246386786,0.667555555555556,0.667555555555556,0.0894413091687696,"Higher in TH2","nRPC","nPRC",1453,1125
"Cuedc1","TH2",0.250536957516256,884852.5,0.541318345186205,3.44435090793822e-05,0.00041912442051793,0.907596404763496,1.15813336227975,0.34273916035788,0.418666666666667,0.418666666666667,0.0759275063087864,"Higher in TH2","nRPC","nPRC",1453,1125
"Setd3","TH2",0.26105630977554,886233,0.542162881394815,3.54065476177228e-05,0.000428890143272078,1.00357599551692,1.26463230529246,0.373709566414315,0.448,0.448,0.0742904335856848,"Higher in TH2","nRPC","nPRC",1453,1125
"Dll3","TH2",-0.525724608824766,744098.5,0.455210522291045,3.57131251520223e-05,0.000431993087498037,2.0739951441106,1.54827053528583,0.543702684101858,0.501333333333333,0.543702684101858,-0.0423693507685249,"Higher in TH1","nRPC","nPRC",1453,1125
"Smad2","TH2",-0.797158630395898,740603.5,0.453072417221075,3.72149902595799e-05,0.000448561746501564,4.26909253833935,3.47193390794345,0.767377838953889,0.732444444444444,0.767377838953889,-0.0349333945094441,"Higher in TH1","nRPC","nPRC",1453,1125
"Kidins220","TH2",0.33233208696963,889437,0.544122963982565,3.77886846290532e-05,0.000453865274701541,1.37150047894173,1.70383256591136,0.459050240880936,0.544,0.544,0.084949759119064,"Higher in TH2","nRPC","nPRC",1453,1125
"Zfp644","TH2",0.39539710096934,893721,0.546743748566185,3.79768903597572e-05,0.000455588490358218,3.02276816752232,3.41816526849166,0.686166551961459,0.776,0.776,0.089833448038541,"Higher in TH2","nRPC","nPRC",1453,1125
"Nlgn1","TH2",-9.58667786237338,740237,0.452848206775254,3.91983896533965e-05,0.000468037044102981,109.379594512595,99.7929166502219,0.998623537508603,1,1,0.00137646249139711,"Higher in TH1","nRPC","nPRC",1453,1125
"Rpl30","TH2",0.301253117140639,893319,0.546497820601055,4.17787967080022e-05,0.000495363264809083,2.96076335262054,3.26201646976118,0.687543014452856,0.776,0.776,0.0884569855471439,"Higher in TH2","nRPC","nPRC",1453,1125
"Prkd1","TH2",0.30155164951474,889983,0.544456985547144,4.18636834517661e-05,0.0004957925766933,2.23771096173869,2.53926261125343,0.490020646937371,0.579555555555556,0.579555555555556,0.0895349086181846,"Higher in TH2","nRPC","nPRC",1453,1125
"Pak3","TH2",-1.30765906631779,740927.5,0.453270627819836,4.25015291312514e-05,0.000502178740373312,7.39335322811303,6.08569416179525,0.803854094975912,0.779555555555556,0.803854094975912,-0.0242985394203563,"Higher in TH1","nRPC","nPRC",1453,1125
"Gabrb3","TH2",-0.486926319976076,763950,0.467354897912365,4.31583624329222e-05,0.000508759168263093,1.24148538165936,0.754559061683286,0.225051617343427,0.163555555555556,0.225051617343427,-0.0614960617878718,"Higher in TH1","nRPC","nPRC",1453,1125
"Ewsr1","TH2",-0.552486673880237,741057.5,0.453350156763784,4.38933984678444e-05,0.000515633521793536,3.79665880708289,3.24417213320265,0.801101169993118,0.787555555555556,0.801101169993118,-0.0135456144375621,"Higher in TH1","nRPC","nPRC",1453,1125
"Macrod2","TH2",-1.89180750446967,740942,0.453279498355892,4.55567320529962e-05,0.000530887089198817,13.3343013810898,11.4424938766201,0.893324156916724,0.883555555555556,0.893324156916724,-0.00976860136116853,"Higher in TH1","nRPC","nPRC",1453,1125
"Rtkn2","TH2",-0.59216665824682,745250,0.455914965206087,4.54858448701731e-05,0.000530887089198817,2.48317138007846,1.89100472183164,0.540949759119064,0.491555555555556,0.540949759119064,-0.0493942035635084,"Higher in TH1","nRPC","nPRC",1453,1125
"Tpm3","TH2",-0.260854073001145,756042.5,0.462517396956488,4.56417007212852e-05,0.00053126939639576,0.824680505992565,0.56382643299142,0.317962835512732,0.255111111111111,0.317962835512732,-0.0628517244016212,"Higher in TH1","nRPC","nPRC",1453,1125
"Igf2bp2","TH2",-0.4697430276617,747292.5,0.457164487267722,4.7059032553192e-05,0.00054714183396605,1.79920991925561,1.32946689159391,0.483826565726084,0.429333333333333,0.483826565726084,-0.0544932323927506,"Higher in TH1","nRPC","nPRC",1453,1125
"Hnrnph1","TH2",-0.907605162310185,741286,0.453489944176799,4.98447069031211e-05,0.000572989096849084,8.27977421901346,7.37216905670328,0.958706125258087,0.953777777777778,0.958706125258087,-0.00492834748030901,"Higher in TH1","nRPC","nPRC",1453,1125
"Rps25","TH2",0.322527425403695,891574.5,0.545430603349392,5.10793211706849e-05,0.000585200096876744,2.31098967731346,2.63351710271716,0.607019958706125,0.703111111111111,0.703111111111111,0.0960911524049859,"Higher in TH2","nRPC","nPRC",1453,1125
"Rpl18","TH2",0.444859945734819,892074,0.545736178022482,5.21002300000902e-05,0.000595556501179483,2.63699768599511,3.08185763172993,0.659325533379215,0.743111111111111,0.743111111111111,0.0837855777318957,"Higher in TH2","nRPC","nPRC",1453,1125
"Tpd52","TH2",0.370034682943968,890965,0.5450577349545,5.23182419149649e-05,0.000596709175704275,2.25606534187351,2.62610002481748,0.581555402615279,0.662222222222222,0.662222222222222,0.0806668196069436,"Higher in TH2","nRPC","nPRC",1453,1125
"Rps26","TH2",0.505386479505835,892438,0.545958859065535,5.40459012211967e-05,0.000612299781910888,3.15310295297361,3.65848943247945,0.72401927047488,0.798222222222222,0.798222222222222,0.0742029517473427,"Higher in TH2","nRPC","nPRC",1453,1125
"Rpl34","TH2",0.446269226197957,892140,0.545776554255563,5.48266851667464e-05,0.000618394007113302,2.83294915825998,3.27921838445794,0.690984170681349,0.770666666666667,0.770666666666667,0.0796824959853177,"Higher in TH2","nRPC","nPRC",1453,1125
"Senp2","TH2",0.293964632097737,888336,0.543449415003441,5.60674489684647e-05,0.000631689123610413,1.50087247409985,1.79483710619758,0.474191328286304,0.563555555555556,0.563555555555556,0.0893642272692514,"Higher in TH2","nRPC","nPRC",1453,1125
"Wdr26","TH2",0.288912185017255,889431.5,0.544119599296475,5.78954443680375e-05,0.000650126902853872,1.68794472231997,1.97685690733722,0.526496902959394,0.606222222222222,0.606222222222222,0.0797253192628279,"Higher in TH2","nRPC","nPRC",1453,1125
"Srpk2","TH2",0.424315480429887,891112.5,0.545147969717825,5.90169729377331e-05,0.00065981105309639,2.59182207305887,3.01613755348876,0.629043358568479,0.701333333333333,0.701333333333333,0.0722899747648543,"Higher in TH2","nRPC","nPRC",1453,1125
"Arglu1","TH2",0.537989132229815,892483.5,0.545986694195916,5.94479687646837e-05,0.000663900835381911,4.77700405528773,5.31499318751754,0.851342050929112,0.893333333333333,0.893333333333333,0.0419912824042211,"Higher in TH2","nRPC","nPRC",1453,1125
"Pxdn","TH2",-0.349468055427935,754289,0.46144467385486,6.02717700163262e-05,0.000672040321426775,1.08556408638913,0.736096030961199,0.35719201651755,0.300444444444444,0.35719201651755,-0.0567475720731054,"Higher in TH1","nRPC","nPRC",1453,1125
"Mgat4c","TH2",0.256557375797492,874402.5,0.534925441615049,6.03087730764921e-05,0.000672040321426775,1.01995534897088,1.27651272476837,0.21885753613214,0.288,0.288,0.0691424638678596,"Higher in TH2","nRPC","nPRC",1453,1125
"Eya4","TH2",-0.271291285017698,765712,0.468432820983406,6.11761921414458e-05,0.000680961220721995,0.729611446307395,0.458320161289697,0.218169304886442,0.157333333333333,0.218169304886442,-0.0608359715531085,"Higher in TH1","nRPC","nPRC",1453,1125
"Adam22","TH2",0.414818814058902,891264,0.545240651525579,6.16293890689401e-05,0.000685256907933575,2.93733815207614,3.35215696613504,0.651754989676531,0.736,0.736,0.0842450103234686,"Higher in TH2","nRPC","nPRC",1453,1125
"Rplp2","TH2",0.452423841251605,891641.5,0.54547159134358,6.49562959397698e-05,0.000719108558854952,3.10634126504468,3.55876510629628,0.732278045423262,0.791111111111111,0.791111111111111,0.0588330656878489,"Higher in TH2","nRPC","nPRC",1453,1125
"Susd6","TH2",-0.610087272303305,744962.5,0.455739083887742,6.65869555040079e-05,0.00073476505071324,2.77010828820068,2.16002101589737,0.615278733654508,0.584,0.615278733654508,-0.031278733654508,"Higher in TH1","nRPC","nPRC",1453,1125
"E2f2","TH2",-0.294247885245391,760240,0.465085264204328,6.92016427554483e-05,0.000761143338514299,0.866723725604714,0.572475840359322,0.28079834824501,0.220444444444444,0.28079834824501,-0.0603539038005659,"Higher in TH1","nRPC","nPRC",1453,1125
"Arhgap31","TH2",0.298613711200684,868010,0.531014758736713,7.07768253860984e-05,0.000776790912238591,0.735207158789892,1.03382086999058,0.160357880247763,0.222222222222222,0.222222222222222,0.061864341974459,"Higher in TH2","nRPC","nPRC",1453,1125
"Ppm1h","TH2",0.754053776217452,891583,0.545435803318804,7.15057542546673e-05,0.00078394629395456,5.668125703524,6.42217947974146,0.81417756366139,0.864888888888889,0.864888888888889,0.0507113252274987,"Higher in TH2","nRPC","nPRC",1453,1125
"Atp6v0c","TH2",0.300188969961771,890062.5,0.544505620555173,7.49145049273499e-05,0.000816921020005416,2.16422857130087,2.46441754126264,0.625602202339986,0.704,0.704,0.0783977976600138,"Higher in TH2","nRPC","nPRC",1453,1125
"Itgb3bp","TH2",-0.495524507452667,747881.5,0.457524814559914,7.53432194885819e-05,0.000819840481294024,1.98429203689919,1.48876752944652,0.522367515485203,0.472888888888889,0.522367515485203,-0.0494786265963141,"Higher in TH1","nRPC","nPRC",1453,1125
"Wdr66","TH2",-0.294005427561812,757205,0.46322856924371,7.53304805699011e-05,0.000819840481294024,0.926458178908473,0.63245275134666,0.326221610461115,0.264888888888889,0.326221610461115,-0.061332721572226,"Higher in TH1","nRPC","nPRC",1453,1125
"Rorb","TH2",-6.88515659031417,743322,0.454735489791237,7.89512133370326e-05,0.000852723338109944,96.9339190834235,90.0487624931093,1,1,1,0,"Higher in TH1","nRPC","nPRC",1453,1125
"H1f10","TH2",-0.473391026079783,748322,0.457794295327675,8.02818433385576e-05,0.000864496770446704,1.82058339358779,1.347192367508,0.512732278045423,0.472,0.512732278045423,-0.0407322780454233,"Higher in TH1","nRPC","nPRC",1453,1125
"Adgrl3","TH2",0.510591492599191,890545.5,0.544801101169993,8.76199958614195e-05,0.000933800266186877,6.56959696768162,7.08018846028081,0.772195457673778,0.839111111111111,0.839111111111111,0.0669156534373327,"Higher in TH2","nRPC","nPRC",1453,1125
"Pkig","TH2",-0.348336406762014,749239,0.458355280263057,8.82062450270549e-05,0.000938746714316148,1.68056585739021,1.33222945062819,0.499655884377151,0.450666666666667,0.499655884377151,-0.0489892177104841,"Higher in TH1","nRPC","nPRC",1453,1125
"Tmpo","TH2",-0.650285439439124,744081,0.455199816471668,9.00865728959814e-05,0.000957571650781454,5.1488578418621,4.49857240242298,0.846524432209222,0.820444444444444,0.846524432209222,-0.0260799877647778,"Higher in TH1","nRPC","nPRC",1453,1125
"Ercc6l2","TH2",-0.349757745626082,750487.5,0.459119064005506,9.0416499298507e-05,0.000959262547245098,1.60269478366593,1.25293703803985,0.472126634549209,0.410666666666667,0.472126634549209,-0.0614599678825419,"Higher in TH1","nRPC","nPRC",1453,1125
"Pip5k1b","TH2",0.501847076063842,889529.5,0.544179551884989,9.11680914875718e-05,0.000965225583992639,3.20688187746423,3.70872895352807,0.653131452167928,0.732444444444444,0.732444444444444,0.079312992276516,"Higher in TH2","nRPC","nPRC",1453,1125
"Rb1cc1","TH2",0.292167635145858,888092,0.543300145293263,9.23496543815381e-05,0.000976719864876392,2.05125756587485,2.34342520102071,0.556090846524432,0.641777777777778,0.641777777777778,0.0856869312533456,"Higher in TH2","nRPC","nPRC",1453,1125
"Ankrd11","TH2",-0.592835287536804,744186,0.455264051387933,9.26379874462216e-05,0.00097875301051843,4.92149099252088,4.32865570498408,0.852718513420509,0.829333333333333,0.852718513420509,-0.0233851800871759,"Higher in TH1","nRPC","nPRC",1453,1125
"B3glct","TH2",-0.45050705173791,747789.5,0.457468532538044,9.4769540589272e-05,0.00099816729152196,2.15922444992988,1.70871739819197,0.558155540261528,0.517333333333333,0.558155540261528,-0.0408222069281946,"Higher in TH1","nRPC","nPRC",1453,1125
"Ccdc88a","TH2",-0.713808117497699,744414,0.455403532920395,9.55898482983654e-05,0.00100408405985317,5.16456239668774,4.45075427919004,0.817618719889883,0.813333333333333,0.817618719889883,-0.00428538655654964,"Higher in TH1","nRPC","nPRC",1453,1125
"Zbtb18","TH2",-0.344184789228173,752759,0.46050867936071,9.73021329679943e-05,0.00101957018958747,1.2947738059154,0.950589016687227,0.422573984858913,0.364444444444444,0.422573984858913,-0.0581295404144682,"Higher in TH1","nRPC","nPRC",1453,1125
"Rps27a","TH2",0.5349619949223,889906.5,0.544410185822436,9.75530218991401e-05,0.00102114853858452,3.2895688422174,3.8245308371397,0.737783895388851,0.813333333333333,0.813333333333333,0.0755494379444827,"Higher in TH2","nRPC","nPRC",1453,1125
"Ccnd1","TH2",-1.12975027688,744606.5,0.455521296933547,0.000102384373640238,0.0010673335164031,7.76891422591293,6.63916394903292,0.850653819683414,0.862222222222222,0.862222222222222,0.0115684025388086,"Higher in TH1","nRPC","nPRC",1453,1125
"Kcnc2","TH2",-1.41904644231939,745536.5,0.456090234763325,0.00010275260992843,0.00107007702670865,7.76991778485774,6.35087134253835,0.707501720578114,0.682666666666667,0.707501720578114,-0.0248350539114476,"Higher in TH1","nRPC","nPRC",1453,1125
"Kdm5a","TH2",0.334274731396893,888456,0.543522826336316,0.000103351561584293,0.00107521517337694,2.34601623507074,2.68029096646763,0.609084652443221,0.694222222222222,0.694222222222222,0.0851375697790012,"Higher in TH2","nRPC","nPRC",1453,1125
"Smc2","TH2",-0.409386423287937,746890,0.456918253422039,0.000103475144993277,0.00107540239975156,2.58861381070838,2.17922738742044,0.622849277357192,0.573333333333333,0.622849277357192,-0.0495159440238586,"Higher in TH1","nRPC","nPRC",1453,1125
"Sox2","TH2",0.280123494811975,880190,0.538466009023476,0.000103607045269501,0.00107567559232403,0.875537533384589,1.15566102819656,0.339298004129387,0.403555555555556,0.403555555555556,0.0642575514261681,"Higher in TH2","nRPC","nPRC",1453,1125
"Fmr1","TH2",-0.429343637058208,746890.5,0.456918559302592,0.000104301592827557,0.00108178383192329,2.35351755509895,1.92417391804074,0.620096352374398,0.581333333333333,0.620096352374398,-0.0387630190410644,"Higher in TH1","nRPC","nPRC",1453,1125
"AI480526","TH2",-0.281645318849511,755206,0.462005658790242,0.000105934293991424,0.00109740331256038,1.03331231751045,0.751666998660941,0.380591878871301,0.32,0.380591878871301,-0.0605918788713007,"Higher in TH1","nRPC","nPRC",1453,1125
"Nucks1","TH2",-0.499101676450731,746153.5,0.456467691366521,0.000114783697721521,0.00117376702941134,3.11124066352456,2.61213898707383,0.694425326909842,0.673777777777778,0.694425326909842,-0.0206475491320639,"Higher in TH1","nRPC","nPRC",1453,1125
"Ppp1r12b","TH2",-0.417076262071628,749648,0.458605490555938,0.000119400741190124,0.0012173138628843,1.9133537989837,1.49627753691208,0.525120440467997,0.484444444444444,0.525120440467997,-0.0406759960235528,"Higher in TH1","nRPC","nPRC",1453,1125
"Sesn1","TH2",0.278091361055425,881745.5,0.539417603425862,0.000119747926741717,0.00121963263386439,1.21577718229016,1.49386854334558,0.379215416379904,0.458666666666667,0.458666666666667,0.079451250286763,"Higher in TH2","nRPC","nPRC",1453,1125
"Serinc1","TH2",0.387862445340152,889016.5,0.54386571843695,0.000120495468837884,0.00122602032978406,3.31674920833048,3.70461165367063,0.763936682725396,0.808888888888889,0.808888888888889,0.0449522061634932,"Higher in TH2","nRPC","nPRC",1453,1125
"Iftap","TH2",0.289707222993967,883817,0.540684866559608,0.000120916771331913,0.00122907915770013,1.36498533054534,1.6546925535393,0.437026841018582,0.514666666666667,0.514666666666667,0.0776398256480845,"Higher in TH2","nRPC","nPRC",1453,1125
"Ywhaq","TH2",-0.498778944406479,746787,0.456855242027988,0.000121611121884595,0.00123367457808227,2.78603493831684,2.28725599391036,0.66207845836201,0.644444444444444,0.66207845836201,-0.0176340139175651,"Higher in TH1","nRPC","nPRC",1453,1125
"Pum1","TH2",-0.651121567538689,745581.5,0.456117764013153,0.000126332324207261,0.00127605582551785,5.12341512928283,4.47229356174414,0.850653819683414,0.848888888888889,0.850653819683414,-0.00176493079452467,"Higher in TH1","nRPC","nPRC",1453,1125
"Nfat5","TH2",0.266941227444349,885099,0.541469144299151,0.000130221099196512,0.00130928123920679,1.94937562055529,2.21631684799964,0.485203028217481,0.578666666666667,0.578666666666667,0.0934636384491856,"Higher in TH2","nRPC","nPRC",1453,1125
"Xrcc4","TH2",-0.459350016168084,749997.5,0.458819301062935,0.000135608987251041,0.00135675592843993,2.22073598481985,1.76138596865177,0.540261527873365,0.481777777777778,0.540261527873365,-0.0584837500955876,"Higher in TH1","nRPC","nPRC",1453,1125
"Cep192","TH2",-0.455865781584919,749425.5,0.458469373709566,0.000140304799925484,0.00139824304035328,2.37260179141574,1.91673600983082,0.564349621472815,0.516444444444444,0.564349621472815,-0.0479051770283704,"Higher in TH1","nRPC","nPRC",1453,1125
"Ptpru","TH2",-0.470605801312523,749014,0.458217634013918,0.00014103432958099,0.00140276820974842,2.42933230628099,1.95872650496846,0.582931865106676,0.536888888888889,0.582931865106676,-0.046042976217787,"Higher in TH1","nRPC","nPRC",1453,1125
"Clk1","TH2",0.266803705523358,885697.5,0.541835283321863,0.000142181625997464,0.00141279986417968,1.70706497999588,1.97386868551924,0.532690984170681,0.615111111111111,0.615111111111111,0.0824201269404298,"Higher in TH2","nRPC","nPRC",1453,1125
"Cert1","TH2",0.256907318386046,880124,0.538425632790395,0.000143284841856905,0.0014209894004991,0.974101303529712,1.23100862191576,0.36200963523744,0.433777777777778,0.433777777777778,0.071768142540338,"Higher in TH2","nRPC","nPRC",1453,1125
"Cntrob","TH2",-0.299807547160894,757335.5,0.463308404068211,0.000146437092419447,0.00144661666953644,1.07798183515599,0.778174287995092,0.365450791465933,0.303111111111111,0.365450791465933,-0.0623396803548215,"Higher in TH1","nRPC","nPRC",1453,1125
"Ube2k","TH2",-0.592775861417984,747489,0.457284698325304,0.000150094929866049,0.0014755954253723,3.15217507625675,2.55939921483877,0.681348933241569,0.666666666666667,0.681348933241569,-0.0146822665749026,"Higher in TH1","nRPC","nPRC",1453,1125
"Dner","TH2",-0.320283801355298,762612.5,0.466536667431368,0.000152662283851971,0.00149506284714647,0.92888565058112,0.608601849225823,0.284239504473503,0.227555555555556,0.284239504473503,-0.0566839489179475,"Higher in TH1","nRPC","nPRC",1453,1125
"Hjurp","TH2",-0.356423867586484,750800,0.459310239351533,0.000154149840874412,0.00150673332946822,1.88100853739354,1.52458466980705,0.529249827942189,0.475555555555556,0.529249827942189,-0.053694272386633,"Higher in TH1","nRPC","nPRC",1453,1125
"Inpp5a","TH2",-0.308331247379005,753450,0.460931406285845,0.000157156204949739,0.00153170904058669,1.36513359341286,1.05680234603385,0.449415003441156,0.4,0.449415003441156,-0.0494150034411562,"Higher in TH1","nRPC","nPRC",1453,1125
"Mki67","TH2",-0.793273721634266,747340.5,0.457193851800872,0.000157669509344102,0.00153524278457904,5.4674366003256,4.67416287869133,0.721266345492085,0.699555555555556,0.721266345492085,-0.0217107899365298,"Higher in TH1","nRPC","nPRC",1453,1125
"Camkmt","TH2",-0.501703226444395,751337,0.459638755066147,0.000158695942092139,0.00154228833035156,2.18950601794013,1.68780279149574,0.51410874053682,0.462222222222222,0.51410874053682,-0.0518865183145981,"Higher in TH1","nRPC","nPRC",1453,1125
"Fhit","TH2",0.498364075058154,880093,0.538406668196069,0.000159987801460311,0.00155336106565612,2.19736677037528,2.69573084543343,0.37164487267722,0.443555555555556,0.443555555555556,0.071910682878336,"Higher in TH2","nRPC","nPRC",1453,1125
"Rhobtb3","TH2",-0.430549303406887,751340,0.459640590349469,0.00016214727385994,0.00157282855644142,1.84389774726124,1.41334844385436,0.51410874053682,0.469333333333333,0.51410874053682,-0.044775407203487,"Higher in TH1","nRPC","nPRC",1453,1125
"Pds5a","TH2",-0.520911222138841,747233,0.457128087481838,0.000164030424184064,0.00158807021893032,3.76613510276553,3.24522388062668,0.764624913971094,0.728888888888889,0.764624913971094,-0.0357360250822054,"Higher in TH1","nRPC","nPRC",1453,1125
"Gm16599","TH2",-0.453527491214385,749228.5,0.458348856771431,0.000167685153815009,0.00162191195784033,2.31101446320479,1.8574869719904,0.60977288368892,0.567111111111111,0.60977288368892,-0.0426617725778083,"Higher in TH1","nRPC","nPRC",1453,1125
"Rpl10a","TH2",0.374049806579807,886673.5,0.542432362162576,0.000170370912667189,0.00164320809234405,2.54821809884357,2.92226790542338,0.653819683413627,0.727111111111111,0.727111111111111,0.0732914276974842,"Higher in TH2","nRPC","nPRC",1453,1125
"Rpl6","TH2",0.319338046855986,887109.5,0.542699090005353,0.000173017656153309,0.00166558112279911,3.15492268629141,3.47426073314739,0.706813489332416,0.792,0.792,0.0851865106675843,"Higher in TH2","nRPC","nPRC",1453,1125
"Rps16","TH2",0.454052845595878,887209.5,0.542760266116082,0.000182306183870148,0.00173693964706965,3.85905403373375,4.31310687932963,0.784583620096352,0.839111111111111,0.839111111111111,0.0545274910147587,"Higher in TH2","nRPC","nPRC",1453,1125
"Cdk6","TH2",-1.02819213014769,750631.5,0.459207157604955,0.000187328639337899,0.00177813810965191,3.10110360849175,2.07291147834407,0.560220233998624,0.529777777777778,0.560220233998624,-0.0304424562208457,"Higher in TH1","nRPC","nPRC",1453,1125
"Cspp1","TH2",-0.5945068999278,747590.5,0.457346792077694,0.000193433945175038,0.0018258801961147,5.80586187167232,5.21135497174452,0.843771507226428,0.835555555555556,0.843771507226428,-0.00821595167087252,"Higher in TH1","nRPC","nPRC",1453,1125
"Egfem1","TH2",0.470756762591126,872767,0.53392490632408,0.000194419418325582,0.00183009406251946,1.44622854215036,1.91698530474148,0.254645560908465,0.318222222222222,0.318222222222222,0.063576661313757,"Higher in TH2","nRPC","nPRC",1453,1125
"Nusap1","TH2",-0.46109027737618,752277,0.460213810506997,0.000205255178552967,0.00191089944566908,2.43821285565531,1.97712257827913,0.522367515485203,0.466666666666667,0.522367515485203,-0.0557008488185363,"Higher in TH1","nRPC","nPRC",1453,1125
"Ptpro","TH2",0.266657587624131,870175.5,0.532339527414545,0.000206967248168476,0.00192507892474514,0.765351314208743,1.03200890183287,0.221610461114935,0.286222222222222,0.286222222222222,0.0646117611072876,"Higher in TH2","nRPC","nPRC",1453,1125
"Bmpr1b","TH2",0.30853349890308,875097,0.535350309704061,0.000208173426524232,0.00193453134046469,1.30655916310051,1.61509266200359,0.293186510667584,0.363555555555556,0.363555555555556,0.0703690448879712,"Higher in TH2","nRPC","nPRC",1453,1125
"Gon4l","TH2",-0.359902334381387,752693.5,0.460468609008182,0.000208494824047651,0.00193512298736653,1.54443097517307,1.18452864079168,0.501032346868548,0.466666666666667,0.501032346868548,-0.0343656802018811,"Higher in TH1","nRPC","nPRC",1453,1125
"Krit1","TH2",0.333096018938074,884520,0.541114934618032,0.000210427791605092,0.00194837005227078,2.10742479700372,2.4405208159418,0.567790777701308,0.641777777777778,0.641777777777778,0.0739870000764702,"Higher in TH2","nRPC","nPRC",1453,1125
"Glrx3","TH2",-0.337437828428402,752465,0.460328821595167,0.000211516393959111,0.00195489516558398,1.67895676588419,1.34151893745579,0.513420509291122,0.473777777777778,0.513420509291122,-0.039642731513344,"Higher in TH1","nRPC","nPRC",1453,1125
"Meis1","TH2",0.440111223074652,886058.5,0.542056129081594,0.000215028780144682,0.00198017009563616,4.23842893070187,4.67854015377652,0.706125258086717,0.782222222222222,0.782222222222222,0.0760969641355052,"Higher in TH2","nRPC","nPRC",1453,1125
"Zfp608","TH2",-1.32356278120048,748140,0.457682954806148,0.000223446578621514,0.00203560232849742,11.0331070531709,9.7095442719704,0.934618031658637,0.945777777777778,0.945777777777778,0.0111597461191405,"Higher in TH1","nRPC","nPRC",1453,1125
"H2az1","TH2",-0.657621963415004,748427.5,0.457858836124493,0.000233858368119287,0.00211036023088857,6.009728374267,5.35210641085199,0.87130075705437,0.865777777777778,0.87130075705437,-0.00552297927659251,"Higher in TH1","nRPC","nPRC",1453,1125
"Daam1","TH2",0.315913403002589,884104,0.5408604419974,0.000233931929373902,0.00211036023088857,2.09143880631978,2.40735220932237,0.575361321403992,0.641777777777778,0.641777777777778,0.066416456373786,"Higher in TH2","nRPC","nPRC",1453,1125
"Tgfbr1","TH2",0.315740107753546,884534,0.541123499273534,0.000240708548111056,0.0021661077669455,2.28429550415214,2.60003561190568,0.605643496214728,0.688,0.688,0.0823565037852718,"Higher in TH2","nRPC","nPRC",1453,1125
"Myh10","TH2",-0.355450057091994,753016.5,0.460666207845836,0.000241150019796202,0.00216779607380787,1.74079418594658,1.38534412885459,0.519614590502409,0.468444444444444,0.519614590502409,-0.0511701460579643,"Higher in TH1","nRPC","nPRC",1453,1125
"Map2k5","TH2",0.320133143463847,883025,0.540200351762637,0.00024350221838507,0.00218508378348188,1.81145295637446,2.13158609983831,0.526496902959394,0.596444444444444,0.596444444444444,0.0699475414850501,"Higher in TH2","nRPC","nPRC",1453,1125
"Rbbp8","TH2",-0.473530748463959,751997.5,0.46004282327751,0.000250348582006577,0.00223470666760472,2.30363086882908,1.83010012036512,0.559532002752925,0.525333333333333,0.559532002752925,-0.0341986694195917,"Higher in TH1","nRPC","nPRC",1453,1125
"Lnpep","TH2",0.286904899585995,882081,0.539622849277357,0.000252740526171311,0.00225408253857689,1.61599026004201,1.902895159628,0.486579490708878,0.570666666666667,0.570666666666667,0.0840871759577885,"Higher in TH2","nRPC","nPRC",1453,1125
"Dgkd","TH2",-0.45643433931048,752457,0.460323927506309,0.000258451821059306,0.00229097632505573,1.99881369359746,1.54237935428698,0.550584996558844,0.505777777777778,0.550584996558844,-0.044807218781066,"Higher in TH1","nRPC","nPRC",1453,1125
"Alms1","TH2",-0.705803983942209,748951.5,0.458179398944712,0.000260697313988561,0.00230686545870851,6.033059815228,5.32725583128579,0.868547832071576,0.864888888888889,0.868547832071576,-0.00365894318268711,"Higher in TH1","nRPC","nPRC",1453,1125
"Igf2bp3","TH2",-0.359771291865181,752628.5,0.460428844536209,0.000264013374293019,0.00233013537016845,2.04430064768766,1.68452935582248,0.549208534067447,0.500444444444444,0.549208534067447,-0.0487640896230022,"Higher in TH1","nRPC","nPRC",1453,1125
"Spcs2","TH2",0.310623408720918,884848.5,0.541315898141776,0.000265199425480736,0.00233857675196649,2.57181961166312,2.88244302038404,0.68547832071576,0.745777777777778,0.745777777777778,0.0602994570620172,"Higher in TH2","nRPC","nPRC",1453,1125
"ENSMUSG00000121395","TH2",-0.397178116870645,756175,0.462598455303204,0.000270786588810195,0.00237141995445557,1.44638519613086,1.04920707926022,0.437715072264281,0.391111111111111,0.437715072264281,-0.0466039611531697,"Higher in TH1","nRPC","nPRC",1453,1125
"Nrg1","TH2",-0.447247903374136,782175.5,0.478504549973235,0.00027473103829249,0.00239977326330104,0.926881795612936,0.4796338922388,0.116311080523056,0.0737777777777778,0.116311080523056,-0.042533302745278,"Higher in TH1","nRPC","nPRC",1453,1125
"Rnf169","TH2",0.389392970701214,882641,0.539965435497438,0.000279656438122486,0.00243652764951028,1.85000767297253,2.23940064367374,0.543702684101858,0.602666666666667,0.602666666666667,0.0589639825648085,"Higher in TH2","nRPC","nPRC",1453,1125
"Vps13b","TH2",0.389303453188289,884977,0.541394509444062,0.00028792324831556,0.00250213164171841,3.87760731098615,4.26691076417444,0.761183757742601,0.836444444444444,0.836444444444444,0.0752606867018429,"Higher in TH2","nRPC","nPRC",1453,1125
"Tra2b","TH2",-0.578436216715044,749472,0.458497820601055,0.000290529115350114,0.00252262492740061,5.35276897858924,4.77433276187419,0.876806607019959,0.856888888888889,0.876806607019959,-0.0199177181310698,"Higher in TH1","nRPC","nPRC",1453,1125
"Lcorl","TH2",2.57027058160997,885161.5,0.541507379368357,0.00029241159099222,0.00253658112403662,9.77295609371222,12.3432266753222,0.89538885065382,0.896888888888889,0.896888888888889,0.00150003823506917,"Higher in TH2","nRPC","nPRC",1453,1125
"Ezh2","TH2",-0.889145097596677,749510,0.458521067523132,0.000296251966330041,0.00256139751873639,7.99966777732132,7.11052267972464,0.922229869236063,0.904,0.922229869236063,-0.0182298692360633,"Higher in TH1","nRPC","nPRC",1453,1125
"Mastl","TH2",-0.279280744058162,763034,0.46679452473809,0.000298464207111076,0.00257833583496718,0.953733427728084,0.674452683669923,0.313833448038541,0.257777777777778,0.313833448038541,-0.0560556702607632,"Higher in TH1","nRPC","nPRC",1453,1125
"Cenpk","TH2",-0.39123968731521,754078,0.461315592261222,0.000300885077117368,0.00259484717226113,1.92892239307682,1.53768270576161,0.517549896765313,0.465777777777778,0.517549896765313,-0.0517721189875354,"Higher in TH1","nRPC","nPRC",1453,1125
"Srgap3","TH2",0.661741110678718,884725.5,0.541240651525579,0.000308896627392629,0.00264824255049994,5.59452088069894,6.25626199137766,0.796283551273228,0.843555555555556,0.843555555555556,0.0472720042823277,"Higher in TH2","nRPC","nPRC",1453,1125
"Prr5l","TH2",-0.421430279169932,762691.5,0.466584996558844,0.000309880670854001,0.00265444460273171,1.18916436900607,0.767734089836136,0.320715760495526,0.266666666666667,0.320715760495526,-0.0540490938288598,"Higher in TH1","nRPC","nPRC",1453,1125
"Ythdc1","TH2",0.324257135759195,883875.5,0.540720654584385,0.000326249338298328,0.00278528877667097,2.90594079861548,3.23019793437468,0.687543014452856,0.748444444444444,0.748444444444444,0.0609014299915883,"Higher in TH2","nRPC","nPRC",1453,1125
"Ube2b","TH2",0.282601600542501,881041,0.538986617725778,0.0003452540090986,0.00293278739171747,1.61959341814064,1.90219501868314,0.506538196834136,0.583111111111111,0.583111111111111,0.0765729142769749,"Higher in TH2","nRPC","nPRC",1453,1125
"Khdrbs2","TH2",-0.399745526419299,760189,0.465054064387857,0.000348471636411595,0.0029551903554139,1.49773704362148,1.09799151720218,0.375086028905712,0.319111111111111,0.375086028905712,-0.0559749177946012,"Higher in TH1","nRPC","nPRC",1453,1125
"Dmd","TH2",1.41706078019576,878911.5,0.537683872447809,0.000354576163107707,0.0029944927207728,5.93865512723981,7.35571590743557,0.430832759807295,0.508444444444444,0.508444444444444,0.0776116846371492,"Higher in TH2","nRPC","nPRC",1453,1125
"Epb41l2","TH2",0.487273455996287,883496,0.540488491244169,0.00035858051328727,0.00301580720712704,3.35994444936655,3.84721790536283,0.69993117687543,0.754666666666667,0.754666666666667,0.0547354897912365,"Higher in TH2","nRPC","nPRC",1453,1125
"Fbxw11","TH2",-0.359568630968557,754677.5,0.461682343045041,0.000358479423765351,0.00301580720712704,1.79894827456731,1.43937964359875,0.520302821748107,0.479111111111111,0.520302821748107,-0.0411917106369963,"Higher in TH1","nRPC","nPRC",1453,1125
"Kansl1","TH2",-0.881900330896437,750451.5,0.459097040605643,0.000360335146238655,0.00302806391455503,9.86226864953764,8.9803683186412,0.940123881624226,0.942222222222222,0.942222222222222,0.00209834059799641,"Higher in TH1","nRPC","nPRC",1453,1125
"Cbx3","TH2",-0.480223383743565,750936,0.459393438862124,0.000371105517410239,0.00311087217680928,3.77445697628304,3.29423359253947,0.794218857536132,0.766222222222222,0.794218857536132,-0.0279966353139099,"Higher in TH1","nRPC","nPRC",1453,1125
"Fabp7","TH2",0.336395315823623,869625.5,0.532003058805536,0.000370905202680209,0.00311087217680928,1.02208396982844,1.35847928565207,0.247075017205781,0.304888888888889,0.304888888888889,0.0578138716831077,"Higher in TH2","nRPC","nPRC",1453,1125
"Esf1","TH2",0.277197229059459,878509,0.537437638602126,0.000374205166172407,0.00313393298522761,1.31328486632648,1.59048209538594,0.429456297315898,0.498666666666667,0.498666666666667,0.0692103693507685,"Higher in TH2","nRPC","nPRC",1453,1125
"Plcb4","TH2",-0.361713421582644,756173.5,0.462597537661543,0.000402884931754474,0.00333355671098204,1.72244602372711,1.36073260214447,0.490020646937371,0.440888888888889,0.490020646937371,-0.0491317580484821,"Higher in TH1","nRPC","nPRC",1453,1125
"Creb1","TH2",0.355520793524428,881955,0.539545767377839,0.000415177910720152,0.00341842119699657,2.48222087148216,2.83774166500659,0.610461114934618,0.684444444444444,0.684444444444444,0.0739833295098263,"Higher in TH2","nRPC","nPRC",1453,1125
"Sclt1","TH2",-0.653452867810425,751685.5,0.459851953812036,0.00041841604147467,0.00343674788904799,4.33811107741166,3.68465820960123,0.760495526496903,0.742222222222222,0.760495526496903,-0.0182733042746808,"Higher in TH1","nRPC","nPRC",1453,1125
"Tiam1","TH2",-0.754449729181879,751267,0.459595931788637,0.000418862334021203,0.00343764131507329,6.04699315481022,5.29254342562834,0.860289057123193,0.873777777777778,0.873777777777778,0.0134887206545844,"Higher in TH1","nRPC","nPRC",1453,1125
"Actb","TH2",0.407422894502816,883016,0.540194845912671,0.000420015365170525,0.00344432890037182,3.53870792587355,3.94613082037637,0.738472126634549,0.808888888888889,0.808888888888889,0.0704167622543397,"Higher in TH2","nRPC","nPRC",1453,1125
"Neil3","TH2",-0.675578487044368,753603.5,0.461025311615814,0.000427367539150274,0.00349336949136881,3.71636439181095,3.04078590476659,0.605643496214728,0.569777777777778,0.605643496214728,-0.0358657184369503,"Higher in TH1","nRPC","nPRC",1453,1125
"Sik3","TH2",-0.548705604873501,752143.5,0.460132140399174,0.000442523165371885,0.00360279651423872,3.64465753811483,3.09595193324132,0.728836889194769,0.721777777777778,0.728836889194769,-0.00705911141699167,"Higher in TH1","nRPC","nPRC",1453,1125
"Vti1a","TH2",-0.58483994935415,752140,0.460129999235299,0.000462375955169229,0.00374854916682503,4.22202178522362,3.63718183586947,0.75705437026841,0.761777777777778,0.761777777777778,0.00472340750936762,"Higher in TH1","nRPC","nPRC",1453,1125
"Gm1673","TH2",-0.26551931103252,764662,0.467790471820754,0.000464972661359283,0.00376218341536125,0.885320704607649,0.619801393575129,0.313833448038541,0.262222222222222,0.313833448038541,-0.0516112258163187,"Higher in TH1","nRPC","nPRC",1453,1125
"Cit","TH2",-0.308048608064761,758883,0.464255104381739,0.000472002738175565,0.00380930894478457,1.48078696341475,1.17273835534999,0.435650378527185,0.377777777777778,0.435650378527185,-0.0578726007494074,"Higher in TH1","nRPC","nPRC",1453,1125
"Mmp16","TH2",0.266959067717536,874907.5,0.53523438097423,0.000476888922352332,0.00384569570400515,1.29659154333189,1.56355061104943,0.359944941500344,0.430222222222222,0.430222222222222,0.0702772807218781,"Higher in TH2","nRPC","nPRC",1453,1125
"Sap130","TH2",-0.337966847607209,757022.5,0.46311692284163,0.000489629591630569,0.00393286860469822,1.58820616354974,1.25023931594253,0.48589125946318,0.449777777777778,0.48589125946318,-0.0361134816854018,"Higher in TH1","nRPC","nPRC",1453,1125
"Golim4","TH2",0.253173640604716,879144.5,0.537826412785807,0.000494166310519892,0.00396305816743709,1.74128465151902,1.99445829212373,0.500344115622849,0.569777777777778,0.569777777777778,0.0694336621549285,"Higher in TH2","nRPC","nPRC",1453,1125
"Srsf2","TH2",-0.4560772529091,752554.5,0.460383574214269,0.000513318447033946,0.00409729497103506,3.65230390157274,3.19622664866364,0.783895388850654,0.773333333333333,0.783895388850654,-0.0105620555173205,"Higher in TH1","nRPC","nPRC",1453,1125
"Anp32e","TH2",-0.360492032168607,754926.5,0.461834671560756,0.000520071449139097,0.00413822477303258,2.10093743624103,1.74044540407242,0.583620096352374,0.550222222222222,0.583620096352374,-0.0333978741301523,"Higher in TH1","nRPC","nPRC",1453,1125
"Kansl1l","TH2",-0.602696424112495,752805.5,0.460537126252199,0.000521409475135282,0.00414563271214117,4.06493061902915,3.46223419491666,0.741913282863042,0.755555555555556,0.755555555555556,0.0136422726925135,"Higher in TH1","nRPC","nPRC",1453,1125
"Tmed10","TH2",0.304617029612028,879888.5,0.538281563049629,0.0005285510652763,0.00419913619332224,1.78218698143398,2.08680401104601,0.551273227804542,0.625777777777778,0.625777777777778,0.0745045499732354,"Higher in TH2","nRPC","nPRC",1453,1125
"Rpl18a","TH2",0.262379319305424,881190.5,0.539078076011318,0.000535060489654183,0.00423433650903485,2.56012014228925,2.82249946159467,0.646937370956641,0.734222222222222,0.734222222222222,0.0872848512655808,"Higher in TH2","nRPC","nPRC",1453,1125
"Tet3","TH2",0.254717364777034,877145,0.536603196451786,0.000539022403517642,0.00426237824520744,1.35541195496022,1.61012931973725,0.439091534755678,0.509333333333333,0.509333333333333,0.0702417985776554,"Higher in TH2","nRPC","nPRC",1453,1125
"Kif24","TH2",-0.486453325270291,755914,0.462438785654202,0.000541233085576631,0.00427322401286665,2.48994904391529,2.003495718645,0.549208534067447,0.506666666666667,0.549208534067447,-0.0425418674007799,"Higher in TH1","nRPC","nPRC",1453,1125
"Fnbp1l","TH2",-0.431021143688235,754960,0.46185516555785,0.000545683131730735,0.00430168939371326,2.26043377933991,1.82941263565168,0.597384721266345,0.557333333333333,0.597384721266345,-0.0400513879330121,"Higher in TH1","nRPC","nPRC",1453,1125
"Ddhd1","TH2",-0.340519365187492,756358,0.462710407585838,0.000555869996094318,0.00437522095071146,1.91556473996024,1.57504537477274,0.537508602890571,0.490666666666667,0.537508602890571,-0.0468419362239046,"Higher in TH1","nRPC","nPRC",1453,1125
"Cd63","TH2",0.250582348951114,879649.5,0.538135352144987,0.000565915033246127,0.00443372662585523,1.7797073578228,2.03028970677392,0.557467309015829,0.630222222222222,0.630222222222222,0.0727549132063929,"Higher in TH2","nRPC","nPRC",1453,1125
"Rps20","TH2",0.338641214271531,881374,0.539190334174505,0.000572861458950686,0.00447607948064405,3.1400548185312,3.47869603280273,0.717136958017894,0.797333333333333,0.797333333333333,0.0801963753154393,"Higher in TH2","nRPC","nPRC",1453,1125
"H1f5","TH2",-0.333322424283112,756006,0.462495067676073,0.000584855671541193,0.00456106815822898,2.25468831712296,1.92136589283985,0.562284927735719,0.519111111111111,0.562284927735719,-0.0431738166246082,"Higher in TH1","nRPC","nPRC",1453,1125
"Celf2","TH2",-1.34846274463844,752919.5,0.460606867018429,0.000591436021931065,0.00460533324416506,20.5824755540552,19.2340128094167,0.988300068823125,0.991111111111111,0.991111111111111,0.00281104228798656,"Higher in TH1","nRPC","nPRC",1453,1125
"Nrcam","TH2",0.42339777912964,881287.5,0.539137416838725,0.000603595261201463,0.0046892583793569,5.21654199456892,5.63993977369856,0.743977976600138,0.840888888888889,0.840888888888889,0.0969109122887513,"Higher in TH2","nRPC","nPRC",1453,1125
"Dpysl2","TH2",-0.328215840263243,757648.5,0.463499885294792,0.000608491833807172,0.00470933839462466,1.61315011032282,1.28493427005958,0.500344115622849,0.462222222222222,0.500344115622849,-0.0381218934006271,"Higher in TH1","nRPC","nPRC",1453,1125
"Mad1l1","TH2",-0.263816784763166,762246,0.466312456985547,0.000610338687639976,0.00472004520395836,1.07397832084363,0.810161536080461,0.379215416379904,0.329777777777778,0.379215416379904,-0.0494376386021259,"Higher in TH1","nRPC","nPRC",1453,1125
"Kif14","TH2",-0.263775282661194,765959,0.468583925976906,0.000615080088056574,0.00473872216101075,0.987900875106852,0.724125592445658,0.311768754301445,0.258666666666667,0.311768754301445,-0.0531020876347786,"Higher in TH1","nRPC","nPRC",1453,1125
"Chd4","TH2",0.450840879874718,880950,0.538930947465015,0.000615739147718743,0.00474021407370778,3.14982565660902,3.60066653648374,0.718513420509291,0.773333333333333,0.773333333333333,0.0548199128240422,"Higher in TH2","nRPC","nPRC",1453,1125
"Ube2d3","TH2",0.251677957095367,879458.5,0.538018505773495,0.000616300798812372,0.00474095440778249,1.97042921132781,2.22210716842317,0.575361321403992,0.639111111111111,0.639111111111111,0.0637497897071193,"Higher in TH2","nRPC","nPRC",1453,1125
"Akap11","TH2",0.255838095004082,879087.5,0.537791542402692,0.000619381864202809,0.0047574692963089,1.93607405338322,2.19191214838731,0.549208534067447,0.624888888888889,0.624888888888889,0.0756803548214423,"Higher in TH2","nRPC","nPRC",1453,1125
"Rpl24","TH2",0.284306550231963,880262,0.538510055823201,0.000625399647954547,0.00480007190234896,2.42653298550372,2.71083953573569,0.629731589814178,0.722666666666667,0.722666666666667,0.0929350768524891,"Higher in TH2","nRPC","nPRC",1453,1125
"Myef2","TH2",-0.50703494494762,753707,0.461088628890418,0.000630157471061786,0.00483294717075624,3.76995171236264,3.26291676741502,0.769442532690984,0.739555555555556,0.769442532690984,-0.0298869771354286,"Higher in TH1","nRPC","nPRC",1453,1125
"Supt3","TH2",-0.350472272362866,759870.5,0.464859218475185,0.000641844242668076,0.0049004374899358,1.64173896045149,1.29126668808862,0.444597384721266,0.391111111111111,0.444597384721266,-0.0534862736101552,"Higher in TH1","nRPC","nPRC",1453,1125
"Zdhhc17","TH2",0.288775761867271,879378,0.537969259004359,0.000670297415095745,0.00508716778893455,2.17858090528908,2.46735666715636,0.597384721266345,0.663111111111111,0.663111111111111,0.0657263898447656,"Higher in TH2","nRPC","nPRC",1453,1125
"Ascl1","TH2",0.310723808987351,876881,0.536441691519462,0.000681344349374275,0.00515564056343016,1.52564202675005,1.8363658357374,0.46662078458362,0.544,0.544,0.0773792154163799,"Higher in TH2","nRPC","nPRC",1453,1125
"Nfia","TH2",0.546680812266243,880812.5,0.538846830312763,0.00068588044808889,0.0051861116286454,7.13080640715188,7.67748721941812,0.811424638678596,0.871111111111111,0.871111111111111,0.059686472432515,"Higher in TH2","nRPC","nPRC",1453,1125
"Baz1b","TH2",-0.460594173377654,754966,0.461858836124493,0.000719058654224864,0.00540089409533941,3.05783902405145,2.5972448506738,0.688919476944253,0.668444444444444,0.688919476944253,-0.0204750324998089,"Higher in TH1","nRPC","nPRC",1453,1125
"Bcl7a","TH2",-0.44672945901184,755057.5,0.46191481226581,0.000720874466550764,0.00541054269846686,2.70477364743848,2.25804418842664,0.682725395732966,0.658666666666667,0.682725395732966,-0.0240587290662997,"Higher in TH1","nRPC","nPRC",1453,1125
"Prpf40a","TH2",0.352970643049069,879632.5,0.538124952206164,0.000782268711127908,0.00580071148312278,3.03549643969002,3.38846708273909,0.699242945629732,0.764444444444444,0.764444444444444,0.0652014988147129,"Higher in TH2","nRPC","nPRC",1453,1125
"Gsk3b","TH2",-0.757765574287989,754418,0.4615235910377,0.000785771148327313,0.0058161912396175,6.51912610249655,5.76136052820856,0.887818306951136,0.894222222222222,0.894222222222222,0.00640391527108664,"Higher in TH1","nRPC","nPRC",1453,1125
"Mier1","TH2",0.314662095031641,878898,0.537675613672861,0.000815898555545923,0.00601732569749111,2.55268082417339,2.86734291920503,0.631108052305575,0.716444444444444,0.716444444444444,0.0853363921388698,"Higher in TH2","nRPC","nPRC",1453,1125
"Coro2b","TH2",-0.284465803894402,766358,0.468828018658714,0.00083320311912193,0.00611056153767531,0.939081002436333,0.654615198541931,0.324156916724019,0.276444444444444,0.324156916724019,-0.0477124722795748,"Higher in TH1","nRPC","nPRC",1453,1125
"Zfp407","TH2",-0.550454287007339,755591.5,0.462241492697102,0.00085319786821756,0.00623373047905011,3.55846575020663,3.00801146319929,0.713695801789401,0.699555555555556,0.713695801789401,-0.0141402462338457,"Higher in TH1","nRPC","nPRC",1453,1125
"Gabrg3","TH2",-0.296275732498415,773847.5,0.473409803471744,0.000856445811804027,0.0062484961269513,0.864503247496143,0.568227514997729,0.21885753613214,0.170666666666667,0.21885753613214,-0.0481908694654737,"Higher in TH1","nRPC","nPRC",1453,1125
"Rpl38","TH2",0.320848670156399,878323.5,0.537324156916724,0.000865697789404273,0.00629795141791609,2.26364718456372,2.58449585472012,0.615966964900206,0.680888888888889,0.680888888888889,0.0649219239886825,"Higher in TH2","nRPC","nPRC",1453,1125
"Top2a","TH2",-0.970036808393114,755291.5,0.462057964364915,0.000871358088922509,0.00632557529271259,8.16376995798074,7.19373314958762,0.773571920165176,0.767111111111111,0.773571920165176,-0.00646080905406443,"Higher in TH1","nRPC","nPRC",1453,1125
"Kif1b","TH2",0.311007418566795,878413,0.537378909535826,0.000884042715815472,0.00641308764998617,2.75437306300148,3.06538048156828,0.630419821059876,0.701333333333333,0.701333333333333,0.0709135122734572,"Higher in TH2","nRPC","nPRC",1453,1125
"Asap1","TH2",0.258296526164699,876595,0.536266727842777,0.000892587130354265,0.00646586054243114,1.85396630516924,2.11226283133394,0.515485203028217,0.584888888888889,0.584888888888889,0.0694036858606715,"Higher in TH2","nRPC","nPRC",1453,1125
"Frmd4a","TH2",0.486814384949694,878941,0.537701919400474,0.000931445989112711,0.00669025204450844,4.60028907309089,5.08710345804058,0.730901582931865,0.801777777777778,0.801777777777778,0.0708761948459127,"Higher in TH2","nRPC","nPRC",1453,1125
"Dach1","TH2",-3.47622561840568,755283.5,0.462053070276057,0.000933166207316944,0.00669788429987532,22.077141271372,18.6009156529663,0.925671025464556,0.936888888888889,0.936888888888889,0.0112178634243328,"Higher in TH1","nRPC","nPRC",1453,1125
"Ogt","TH2",0.323589719428416,878624,0.537507991129464,0.000940877049945708,0.00674372466833007,2.93390163320001,3.25749135262843,0.69029593943565,0.758222222222222,0.758222222222222,0.0679262827865719,"Higher in TH2","nRPC","nPRC",1453,1125
"ENSMUSG00000121513","TH2",-0.593000387015753,755684.5,0.46229838648008,0.000941766616971432,0.00674535372282281,4.69767472749806,4.10467434048231,0.772883688919477,0.773333333333333,0.773333333333333,0.00044964441385642,"Higher in TH1","nRPC","nPRC",1453,1125
"Zfp568","TH2",-0.344915256027837,762843.5,0.466677984247152,0.00095696482811081,0.00683019395536692,1.33913046835237,0.994215212324534,0.412250516173434,0.363555555555556,0.412250516173434,-0.0486949606178787,"Higher in TH1","nRPC","nPRC",1453,1125
"Knl1","TH2",-0.540175679272584,757767,0.463572378986006,0.00100923663984656,0.00712340622095443,3.5816256028375,3.04144992356492,0.616655196145905,0.567111111111111,0.616655196145905,-0.0495440850347939,"Higher in TH1","nRPC","nPRC",1453,1125
"Calm2","TH2",-0.513681032289956,755821,0.462381891871224,0.00100797182204931,0.00712340622095443,5.28491222659052,4.77123119430057,0.838953888506538,0.826666666666667,0.838953888506538,-0.0122872218398715,"Higher in TH1","nRPC","nPRC",1453,1125
"Chd2","TH2",0.375994267029264,878075.5,0.537172440162117,0.00101334691036418,0.00713757834167302,2.84504405297039,3.22103831999965,0.6668960770819,0.741333333333333,0.741333333333333,0.0744372562514338,"Higher in TH2","nRPC","nPRC",1453,1125
"Pclaf","TH2",-0.313098866982948,764958.5,0.467971858989065,0.00104242758171424,0.00731710883512029,1.21447565169625,0.901376784713298,0.370956641431521,0.323555555555556,0.370956641431521,-0.0474010858759655,"Higher in TH1","nRPC","nPRC",1453,1125
"Kif4","TH2",-0.407196919974605,761656,0.465951517932247,0.00107026476437433,0.00748156940641901,1.85942700602817,1.45223008605357,0.459050240880936,0.414222222222222,0.459050240880936,-0.0448280186587138,"Higher in TH1","nRPC","nPRC",1453,1125
"Helz","TH2",0.260204909449001,874228.5,0.534818995182381,0.00111597429728803,0.007745699929578,1.4066002592887,1.6668051687377,0.460426703372333,0.529777777777778,0.529777777777778,0.0693510744054447,"Higher in TH2","nRPC","nPRC",1453,1125
"Ep400","TH2",-0.342256784541799,757632.5,0.463490097117076,0.00112607443268333,0.00779148647885851,2.41577899473576,2.07352221019396,0.655884377150723,0.633777777777778,0.655884377150723,-0.0221065993729449,"Higher in TH1","nRPC","nPRC",1453,1125
"Map4","TH2",-0.400129444564916,760195,0.4650577349545,0.00117424512307931,0.0080808693098397,1.98553283259946,1.58540338803454,0.525120440467997,0.488888888888889,0.525120440467997,-0.0362315515791083,"Higher in TH1","nRPC","nPRC",1453,1125
"Grip1","TH2",-1.08142876327437,756562.5,0.462835512732278,0.00117943804463741,0.00811112524283055,9.24550538206471,8.16407661879033,0.878871300757054,0.886222222222222,0.886222222222222,0.00735092146516791,"Higher in TH1","nRPC","nPRC",1453,1125
"Sorbs1","TH2",-0.29249691156858,766764.5,0.469076699548826,0.00122375999269354,0.00833712075289883,1.01586416144304,0.723367249874464,0.346180316586373,0.303111111111111,0.346180316586373,-0.0430692054752619,"Higher in TH1","nRPC","nPRC",1453,1125
"Ddx6","TH2",0.257173922631964,876081,0.535952282633632,0.00124329860478563,0.00845326855122938,2.08212392168905,2.33929784432101,0.587749483826566,0.650666666666667,0.650666666666667,0.0629171828401008,"Higher in TH2","nRPC","nPRC",1453,1125
"Immp2l","TH2",0.301076685599172,870056.5,0.532266727842777,0.00125996301597655,0.00855317379009791,1.99662660776802,2.29770329336719,0.350997935306263,0.416888888888889,0.416888888888889,0.065890953582626,"Higher in TH2","nRPC","nPRC",1453,1125
"Opcml","TH2",-0.495165683906109,771443.5,0.471939129769825,0.00128433957169125,0.0086916933805152,1.41664855885042,0.92148287494431,0.270474879559532,0.223111111111111,0.270474879559532,-0.0473637684484209,"Higher in TH1","nRPC","nPRC",1453,1125
"Babam2","TH2",-0.438482878443295,758785,0.464195151793225,0.00128598421732343,0.00869704465699812,2.64356627601205,2.20508339756875,0.624913971094288,0.592,0.624913971094288,-0.0329139710942877,"Higher in TH1","nRPC","nPRC",1453,1125
"Gls","TH2",0.389408045913432,877081.5,0.536564349621473,0.00129921865243522,0.00878071796619292,3.7934947579165,4.18290280382994,0.726083964211975,0.765333333333333,0.765333333333333,0.0392493691213581,"Higher in TH2","nRPC","nPRC",1453,1125
"AW554918","TH2",-0.59071357157922,757480.5,0.463397109428768,0.00132281695047077,0.00892644629674884,4.41915903728887,3.82844546570965,0.77632484514797,0.768888888888889,0.77632484514797,-0.00743595625908089,"Higher in TH1","nRPC","nPRC",1453,1125
"Rpl15","TH2",0.349759909941485,876915,0.536462491397109,0.00132341030025437,0.00892644629674884,3.00512975944096,3.35488966938245,0.702684101858224,0.770666666666667,0.770666666666667,0.0679825648084423,"Higher in TH2","nRPC","nPRC",1453,1125
"Zfr","TH2",0.485853887365387,877368,0.536739619178711,0.00132628770125071,0.00893993397567075,4.66901187293786,5.15486576030325,0.827942188575361,0.864,0.864,0.0360578114246387,"Higher in TH2","nRPC","nPRC",1453,1125
"Sanbr","TH2",-0.365149988907423,762145,0.466250669113711,0.00136171816238275,0.00913642917250877,1.64764913915697,1.28249915024954,0.479697178251893,0.44,0.479697178251893,-0.0396971782518926,"Higher in TH1","nRPC","nPRC",1453,1125
"Ank2","TH2",0.602294959473829,877291.5,0.536692819454003,0.00136929084276427,0.00918118975217517,9.14862203522457,9.7509169946984,0.894700619408121,0.937777777777778,0.937777777777778,0.0430771583696566,"Higher in TH2","nRPC","nPRC",1453,1125
"Gnaq","TH2",-0.718036481408397,757438,0.463371109581708,0.00137968697911364,0.00923266220911463,5.97720537565345,5.25916889424505,0.857536132140399,0.862222222222222,0.862222222222222,0.00468609008182308,"Higher in TH1","nRPC","nPRC",1453,1125
"Ivns1abp","TH2",-0.424920963946505,759529,0.464650302057047,0.00138877508255554,0.0092765876928849,2.3775146112803,1.95259364733379,0.60013764624914,0.571555555555556,0.60013764624914,-0.0285820906935841,"Higher in TH1","nRPC","nPRC",1453,1125
"Aspm","TH2",-0.37574837501155,765792.5,0.468482067752543,0.00138898342971522,0.0092765876928849,1.57114891004547,1.19540053503392,0.380591878871301,0.336,0.380591878871301,-0.0445918788713007,"Higher in TH1","nRPC","nPRC",1453,1125
"Smoc1","TH2",-0.389199965468267,768276,0.470001376462491,0.00140217657564191,0.00935243511651134,1.29641508447297,0.907215119004707,0.329662766689608,0.283555555555556,0.329662766689608,-0.0461072111340521,"Higher in TH1","nRPC","nPRC",1453,1125
"Rsrp1","TH2",0.251598829931683,875667.5,0.535699319415768,0.0014707801678534,0.00973352567224619,2.2670684828794,2.51866731281109,0.625602202339986,0.688888888888889,0.688888888888889,0.0632866865489027,"Higher in TH2","nRPC","nPRC",1453,1125
"Cdk5rap2","TH2",-0.385610605320965,760997.5,0.465548673243099,0.00149906114885451,0.00989223195854532,1.99737984406144,1.61176923874048,0.543702684101858,0.510222222222222,0.543702684101858,-0.0334804618796359,"Higher in TH1","nRPC","nPRC",1453,1125
"Tbx3","TH2",-0.28015080973427,765639,0.468388162422574,0.00150037720027967,0.00989223195854532,1.29718306110293,1.01703225136866,0.393668272539573,0.347555555555556,0.393668272539573,-0.0461127169840178,"Higher in TH1","nRPC","nPRC",1453,1125
"Herc1","TH2",-0.464176474191518,758347.5,0.463927506308786,0.00152424602343495,0.0100351944076826,3.7022723867057,3.23809591251418,0.762560220233999,0.739555555555556,0.762560220233999,-0.0230046646784431,"Higher in TH1","nRPC","nPRC",1453,1125
"Nedd4","TH2",0.484786667601969,876687.5,0.536323315745202,0.00153274950035881,0.0100781495552967,6.98624895312977,7.47103562073174,0.911906400550585,0.945777777777778,0.945777777777778,0.0338713772271928,"Higher in TH2","nRPC","nPRC",1453,1125
"Rad54b","TH2",-0.388960071943633,762595.5,0.466526267492544,0.00164633364824307,0.010626050828489,1.75316242950169,1.36420235755805,0.494150034411562,0.464,0.494150034411562,-0.0301500344115623,"Higher in TH1","nRPC","nPRC",1453,1125
"Cnksr2","TH2",0.291598693461221,873635,0.534455914965206,0.0016490587862675,0.0106368991375139,2.83328274114326,3.12488143460448,0.51892635925671,0.600888888888889,0.600888888888889,0.0819625296321786,"Higher in TH2","nRPC","nPRC",1453,1125
"Igsf21","TH2",-0.562502603306036,765228.5,0.468137034488032,0.00165938956719176,0.0106802370225878,1.62262910074421,1.06012649743817,0.408121128699243,0.382222222222222,0.408121128699243,-0.0258989064770207,"Higher in TH1","nRPC","nPRC",1453,1125
"Enox1","TH2",-0.342669668614506,767697.5,0.469647472661926,0.00167707319275211,0.0107630689780594,1.27803109660475,0.935361427990245,0.355815554026153,0.314666666666667,0.355815554026153,-0.0411488873594861,"Higher in TH1","nRPC","nPRC",1453,1125
"Rps10","TH2",0.331359392154936,876022,0.535916188728302,0.00168830777166998,0.0107996313466418,4.19450419774083,4.52586358989577,0.794907088781831,0.872,0.872,0.0770929112181693,"Higher in TH2","nRPC","nPRC",1453,1125
"Zfp609","TH2",0.504538575720035,876051.5,0.535934235680967,0.00169522810007571,0.0108318056457159,5.13137786065832,5.63591643637836,0.834136269786648,0.873777777777778,0.873777777777778,0.0396415079911294,"Higher in TH2","nRPC","nPRC",1453,1125
"Rpl5","TH2",0.380163381839608,875723.5,0.535733578037776,0.00170324996207983,0.0108762387860709,3.31155064123455,3.69171402307415,0.730213351686167,0.802666666666667,0.802666666666667,0.0724533149805001,"Higher in TH2","nRPC","nPRC",1453,1125
"Kif15","TH2",-0.5192894302195,760678,0.46535321556932,0.00175324167958926,0.0111225467094451,3.25594010233553,2.73665067211603,0.606331727460427,0.575111111111111,0.606331727460427,-0.0312206163493156,"Higher in TH1","nRPC","nPRC",1453,1125
"Rps11","TH2",0.319263217966658,875310,0.535480614819913,0.00175405298962179,0.0111225467094451,2.83993426637876,3.15919748434541,0.686166551961459,0.762666666666667,0.762666666666667,0.0765001147052077,"Higher in TH2","nRPC","nPRC",1453,1125
"Ska2","TH2",-0.326225670213977,761508,0.465860977288369,0.00175836297458929,0.011130470414041,1.97754440934834,1.65131873913437,0.560220233998624,0.525333333333333,0.560220233998624,-0.0348869006652902,"Higher in TH1","nRPC","nPRC",1453,1125
"Slc8a3","TH2",-0.630891459505467,761165.5,0.465651449109123,0.00177132302567507,0.01119148416074,3.00754098015616,2.37664952065069,0.580178940123882,0.547555555555556,0.580178940123882,-0.032623384568326,"Higher in TH1","nRPC","nPRC",1453,1125
"Epb41","TH2",0.344349067875209,875869,0.535822589278887,0.00177659189010623,0.0112040795050972,7.74479593390885,8.08914500178406,0.901582931865107,0.921777777777778,0.921777777777778,0.0201948459126712,"Higher in TH2","nRPC","nPRC",1453,1125
"Xylt1","TH2",-0.433058208083456,774256.5,0.473660013764625,0.00178506646837609,0.0112375507546787,0.998743117820305,0.565684909736849,0.24776324845148,0.203555555555556,0.24776324845148,-0.0442076928959242,"Higher in TH1","nRPC","nPRC",1453,1125
"Hs3st5","TH2",-0.955608396987355,760011,0.464945170910759,0.00179863323247068,0.0113010977623158,4.42490811392128,3.46929971693393,0.662766689607708,0.646222222222222,0.662766689607708,-0.016544467385486,"Higher in TH1","nRPC","nPRC",1453,1125
"Cntln","TH2",-0.603201499993646,759776.5,0.4648017129311,0.0018599097793141,0.0116002333755751,3.91214807270269,3.30894657270905,0.703372333103923,0.696888888888889,0.703372333103923,-0.006483444215034,"Higher in TH1","nRPC","nPRC",1453,1125
"Rps4x","TH2",0.275183064116016,874796,0.535166169610767,0.00186932544587504,0.0116518235411489,2.69578420073752,2.97096726485353,0.665519614590502,0.738666666666667,0.738666666666667,0.0731470520761642,"Higher in TH2","nRPC","nPRC",1453,1125
"Ptk2","TH2",-0.404867030972792,760088.5,0.464992582396574,0.0019096505136368,0.0118583802912979,2.92702130715336,2.52215427618056,0.69511355815554,0.662222222222222,0.69511355815554,-0.0328913359333179,"Higher in TH1","nRPC","nPRC",1453,1125
"Adgrl2","TH2",0.368473720566506,874808,0.535173510744054,0.00191513730580281,0.0118719862809504,3.56873538542778,3.93720910599428,0.684101858224363,0.758222222222222,0.758222222222222,0.0741203639978588,"Higher in TH2","nRPC","nPRC",1453,1125
"Reln","TH2",-0.291129041201284,769905,0.470997935306263,0.00192010113342004,0.0118882857409624,1.31815884365843,1.02702980245714,0.326909841706813,0.277333333333333,0.326909841706813,-0.0495765083734802,"Higher in TH1","nRPC","nPRC",1453,1125
"Mphosph9","TH2",-0.301228604329417,762674.5,0.46657459662002,0.00193021447766154,0.0119146875484744,1.88532506281736,1.58409645848794,0.526496902959394,0.493333333333333,0.526496902959394,-0.033163569626061,"Higher in TH1","nRPC","nPRC",1453,1125
"Hmgb2","TH2",-0.442122523670562,759401,0.464571996635314,0.00198312824502204,0.0121762836689749,6.50292149402359,6.06079897035302,0.874053682037164,0.875555555555556,0.875555555555556,0.00150187351839104,"Higher in TH1","nRPC","nPRC",1453,1125
"Nisch","TH2",-0.347648599106273,761885.5,0.46609191710637,0.00203101680048794,0.0124389092681718,1.95836943785568,1.6107208387494,0.57604955264969,0.553777777777778,0.57604955264969,-0.0222717748719125,"Higher in TH1","nRPC","nPRC",1453,1125
"Gnas","TH2",0.356312671206211,874540,0.535009558767301,0.0020453349556915,0.0125115534676984,2.96596997808416,3.32228264929037,0.708189951823813,0.759111111111111,0.759111111111111,0.0509211592872982,"Higher in TH2","nRPC","nPRC",1453,1125
"Rif1","TH2",0.300858404286963,874724,0.535122122811042,0.00207743240020676,0.0126774409802911,3.71058013760821,4.01143854189517,0.754989676531315,0.817777777777778,0.817777777777778,0.0627881012464633,"Higher in TH2","nRPC","nPRC",1453,1125
"Cbx1","TH2",-0.402590237125154,761055,0.465583849506768,0.00212911174530978,0.0129275824464792,2.49946009610487,2.09686985897972,0.656572608396421,0.627555555555556,0.656572608396421,-0.0290170528408656,"Higher in TH1","nRPC","nPRC",1453,1125
"Robo2","TH2",1.13486507987856,874692,0.535102546455609,0.00215455609115896,0.0130464647969405,13.7913720761715,14.92623715605,0.822436338609773,0.854222222222222,0.854222222222222,0.0317858836124494,"Higher in TH2","nRPC","nPRC",1453,1125
"Pkn2","TH2",-0.419238676298529,760096.5,0.464997476485432,0.00216646899084276,0.0131030205889154,4.08956347655106,3.67032480025253,0.807295251204405,0.772444444444444,0.807295251204405,-0.0348508067599602,"Higher in TH1","nRPC","nPRC",1453,1125
"Lockd","TH2",-0.449647929754646,762061,0.466199281180699,0.00218987522380034,0.0132131985511887,3.3171734295401,2.86752549978546,0.602202339986235,0.552,0.602202339986235,-0.0502023399862354,"Higher in TH1","nRPC","nPRC",1453,1125
"Zfp536","TH2",0.57496180443717,874501.5,0.534986005964671,0.00226448155973546,0.0135908925668271,7.99959385193249,8.57455565636966,0.865106675843083,0.923555555555556,0.923555555555556,0.0584488797124723,"Higher in TH2","nRPC","nPRC",1453,1125
"Ankhd1","TH2",0.391281795858603,874117,0.534750783818919,0.002282182318947,0.0136890617894436,3.7471626609404,4.138444456799,0.741913282863042,0.792,0.792,0.050086717136958,"Higher in TH2","nRPC","nPRC",1453,1125
"Tmtc2","TH2",0.972796975302327,874313,0.534870688995947,0.00233158374608608,0.0139426390630527,13.6192831216078,14.5920800969101,0.858912594631796,0.886222222222222,0.886222222222222,0.027309627590426,"Higher in TH2","nRPC","nPRC",1453,1125
"Fau","TH2",0.364182335116423,873991.5,0.534674007799954,0.00236585655929116,0.014050290994974,3.69066097116918,4.0548433062856,0.74260151410874,0.830222222222222,0.830222222222222,0.0876207081134817,"Higher in TH2","nRPC","nPRC",1453,1125
"Arhgap5","TH2",0.265453466237265,872128.5,0.533534296857077,0.00247925492255293,0.0145744398705026,2.22269801468734,2.48815148092461,0.567102546455609,0.633777777777778,0.633777777777778,0.0666752313221687,"Higher in TH2","nRPC","nPRC",1453,1125
"Bltp1","TH2",0.250888231959376,872482.5,0.533750860289057,0.00247673554156714,0.0145744398705026,2.20146036785794,2.45234859981732,0.59532002752925,0.656888888888889,0.656888888888889,0.061568861359639,"Higher in TH2","nRPC","nPRC",1453,1125
"Scd2","TH2",-0.297588792492059,761494,0.465852412632867,0.00250110339281443,0.0146569263842434,2.76431916199232,2.46673036950026,0.693048864418445,0.687111111111111,0.693048864418445,-0.00593775330733348,"Higher in TH1","nRPC","nPRC",1453,1125
"Grid1","TH2",-0.460155007299938,769216.5,0.470576737783895,0.00252462082221473,0.0147777373989983,1.55257990746019,1.09242490016026,0.363386097728837,0.326222222222222,0.363386097728837,-0.0371638755066147,"Higher in TH1","nRPC","nPRC",1453,1125
"Phkb","TH2",0.333843075648696,872441,0.533725472203105,0.00258650455194953,0.0150350859888748,2.41346254399851,2.7473056196472,0.613214039917412,0.672,0.672,0.0587859600825877,"Higher in TH2","nRPC","nPRC",1453,1125
"Cep290","TH2",-0.297577570869201,768806.5,0.470325915729907,0.00261330813194319,0.0151488578963241,1.20647485919632,0.90889728832712,0.375774260151411,0.342222222222222,0.375774260151411,-0.0335520379291886,"Higher in TH1","nRPC","nPRC",1453,1125
"Ect2","TH2",-0.494640301191594,764566.5,0.467732048635008,0.00280124549652212,0.0160645751025213,2.64449009399191,2.14984979280032,0.532690984170681,0.494222222222222,0.532690984170681,-0.0384687619484592,"Higher in TH1","nRPC","nPRC",1453,1125
"Top2b","TH2",0.34385703293121,873018.5,0.534078764242563,0.0028114533123154,0.0161084545561432,3.79214786465838,4.13600489758959,0.757742601514109,0.812444444444444,0.812444444444444,0.0547018429303356,"Higher in TH2","nRPC","nPRC",1453,1125
"Rps8","TH2",0.562728303956116,873194,0.534186128316892,0.0028610257069442,0.0163521587122484,6.69235031419972,7.25507861815584,0.896765313145217,0.940444444444444,0.940444444444444,0.0436791312992276,"Higher in TH2","nRPC","nPRC",1453,1125
"Polq","TH2",-0.287646450675705,767217,0.469353521449874,0.00289276999906705,0.016459699687429,1.4566412185382,1.1689947678625,0.437026841018582,0.398222222222222,0.437026841018582,-0.03880461879636,"Higher in TH1","nRPC","nPRC",1453,1125
"Rps23","TH2",0.421560817538288,872967,0.534047258545538,0.00291079258346307,0.0165345356734921,4.14677065286835,4.56833147040664,0.805918788713008,0.854222222222222,0.854222222222222,0.0483034335092146,"Higher in TH2","nRPC","nPRC",1453,1125
"Dgkh","TH2",0.352668529578436,871488,0.53314246386786,0.00295224424662458,0.0167326698118371,2.77285149430952,3.12552002388795,0.596008258774948,0.652444444444444,0.652444444444444,0.0564361856694962,"Higher in TH2","nRPC","nPRC",1453,1125
"Bard1","TH2",-0.295858448824621,767276,0.469389615355204,0.00298127753775008,0.0168670527860355,1.4935078391282,1.19764939030358,0.438403303509979,0.403555555555556,0.438403303509979,-0.0348477479544238,"Higher in TH1","nRPC","nPRC",1453,1125
"Atp9b","TH2",0.279346987290358,872092,0.533511967576661,0.00299778707939569,0.0169436522772725,2.63978209040301,2.91912907769337,0.660013764624914,0.724444444444444,0.724444444444444,0.0644306798195304,"Higher in TH2","nRPC","nPRC",1453,1125
"Nectin3","TH2",0.336514286457491,872030.5,0.533474344268563,0.00308311135153488,0.0173573148317007,3.01972590482385,3.35624019128134,0.677219545767378,0.730666666666667,0.730666666666667,0.0534471208992888,"Higher in TH2","nRPC","nPRC",1453,1125
"Itgb1","TH2",0.292075623489327,872025,0.533470979582473,0.00315678910189553,0.0176950451308783,2.92261721236817,3.2146928358575,0.701307639366827,0.741333333333333,0.741333333333333,0.040025693966506,"Higher in TH2","nRPC","nPRC",1453,1125
"Kif11","TH2",-0.347306718959473,765383,0.468231551579108,0.00317936046109506,0.0177844884872907,2.43341048331602,2.08610376435655,0.527185134205093,0.487111111111111,0.527185134205093,-0.0400740230939818,"Higher in TH1","nRPC","nPRC",1453,1125
"Zeb1","TH2",-0.644568519972931,762361,0.466382809512885,0.0031955898733331,0.0178535835764661,4.58300458602718,3.93843606605425,0.787336545079147,0.762666666666667,0.787336545079147,-0.0246698784124799,"Higher in TH1","nRPC","nPRC",1453,1125
"Mtdh","TH2",0.286623088565494,872206,0.533581708342892,0.00322970715101093,0.0180244204564637,3.60065221113037,3.88727529969587,0.756366139022712,0.804444444444444,0.804444444444444,0.0480783054217327,"Higher in TH2","nRPC","nPRC",1453,1125
"Cdk19","TH2",-0.701441820063436,763136.5,0.466857230251587,0.00326576878133862,0.0181921943487025,3.65818770885008,2.95674588878664,0.675154852030282,0.673777777777778,0.675154852030282,-0.00137707425250433,"Higher in TH1","nRPC","nPRC",1453,1125
"Scai","TH2",0.272080824797591,870404,0.53247931482756,0.00333984631082321,0.0185274154007268,2.13287649182667,2.40495731662426,0.565037852718513,0.624888888888889,0.624888888888889,0.0598510361703756,"Higher in TH2","nRPC","nPRC",1453,1125
"Xpo7","TH2",-0.510311829384288,763306.5,0.466961229639826,0.00335013679466232,0.018564278157582,3.10322323519562,2.59291140581133,0.677219545767378,0.664888888888889,0.677219545767378,-0.012330656878489,"Higher in TH1","nRPC","nPRC",1453,1125
"Ddr1","TH2",-0.335601246211152,764099.5,0.467446356197905,0.00338521607869736,0.0186921495786042,2.19613766340599,1.86053641719484,0.615278733654508,0.592888888888889,0.615278733654508,-0.022389844765619,"Higher in TH1","nRPC","nPRC",1453,1125
"Mllt10","TH2",-0.607531510398595,762670,0.466571843695037,0.00353427693186433,0.0193659451791568,7.01464468277335,6.40711317237475,0.893324156916724,0.896888888888889,0.896888888888889,0.00356473197216478,"Higher in TH1","nRPC","nPRC",1453,1125
"Qki","TH2",-0.494786108843182,763092,0.466830006882312,0.00372127037001366,0.0201601801694623,5.06315446810401,4.56836835926083,0.816930488644184,0.830222222222222,0.830222222222222,0.0132917335780377,"Higher in TH1","nRPC","nPRC",1453,1125
"Arid1a","TH2",-0.329786913876145,763676,0.467187275368968,0.00373086795286707,0.0201638502081503,3.02025116281227,2.69046424893612,0.70956641431521,0.693333333333333,0.70956641431521,-0.0162330809818766,"Higher in TH1","nRPC","nPRC",1453,1125
"Hnrnpdl","TH2",0.29430851498923,871436.5,0.533110958170834,0.00372682192808405,0.0201638502081503,3.43481267588136,3.72912119087059,0.77632484514797,0.816,0.816,0.0396751548520302,"Higher in TH2","nRPC","nPRC",1453,1125
"Fam135a","TH2",0.300480213985549,870777,0.532707501720578,0.00374619497875021,0.0202306446758064,2.66152445688239,2.96200467086794,0.651066758430833,0.725333333333333,0.725333333333333,0.0742665749025007,"Higher in TH2","nRPC","nPRC",1453,1125
"Gmds","TH2",-0.436438839314489,769380,0.470676760724937,0.00383493666774395,0.020568104244851,1.6642185832231,1.22777974390861,0.412938747419133,0.379555555555556,0.412938747419133,-0.0333831918635773,"Higher in TH1","nRPC","nPRC",1453,1125
"Khdrbs1","TH2",-0.393747912595393,764022.5,0.467399250592644,0.0039619371430406,0.0211047750009773,3.01988062744746,2.62613271485206,0.711631108052306,0.691555555555556,0.711631108052306,-0.02007555249675,"Higher in TH1","nRPC","nPRC",1453,1125
"Zfp804b","TH2",0.286688432034265,838313.5,0.512847595014147,0.00407287001247226,0.0215940557402551,0.132683656916394,0.419372088950659,0.0426703372333104,0.0675555555555555,0.0675555555555555,0.0248852183222452,"Higher in TH2","nRPC","nPRC",1453,1125
"Peli1","TH2",-0.332776868466482,765527.5,0.468319951059111,0.00408342841784584,0.021616277773264,2.29067935940598,1.9579024909395,0.592567102546456,0.562666666666667,0.592567102546456,-0.029900435879789,"Higher in TH1","nRPC","nPRC",1453,1125
"Prdx4","TH2",0.397049236729272,870949,0.532812724631032,0.0040989581422712,0.0216534692318631,3.81018087609703,4.2072301128263,0.799036476256022,0.84,0.84,0.0409635237439779,"Higher in TH2","nRPC","nPRC",1453,1125
"Smc4","TH2",-0.413526777863464,764058.5,0.467421273992506,0.00425667521552098,0.0223245299022045,4.99803517105039,4.58450839318693,0.774260151410874,0.766222222222222,0.774260151410874,-0.00803792918865176,"Higher in TH1","nRPC","nPRC",1453,1125
"Bclaf1","TH2",0.251274487314042,870517,0.532548443832683,0.00437525669012492,0.0228171988678558,3.92539135571622,4.17666584303026,0.777013076393668,0.832888888888889,0.832888888888889,0.0558758124952207,"Higher in TH2","nRPC","nPRC",1453,1125
"Scfd2","TH2",-0.363250086615192,770531,0.471380897759425,0.00461434285265977,0.0237719180345674,1.52564166561702,1.16239157900183,0.40949759119064,0.371555555555556,0.40949759119064,-0.0379420356350845,"Higher in TH1","nRPC","nPRC",1453,1125
"Rap1a","TH2",-0.255940156025305,770523,0.471376003670567,0.004641202848307,0.0238763347539586,1.26847227793313,1.01253212190783,0.411562284927736,0.371555555555556,0.411562284927736,-0.0400067293721802,"Higher in TH1","nRPC","nPRC",1453,1125
"Mis18bp1","TH2",-0.512029909640964,767871.5,0.469753919094594,0.00466241651850659,0.0239589870035265,2.49902829781177,1.98699838817081,0.508602890571232,0.471111111111111,0.508602890571232,-0.0374917794601209,"Higher in TH1","nRPC","nPRC",1453,1125
"Luc7l3","TH2",0.385823507352997,870091,0.532287833600979,0.00476790232629305,0.0243536034068679,4.11745804112623,4.50328154847922,0.816930488644184,0.856,0.856,0.0390695113558155,"Higher in TH2","nRPC","nPRC",1453,1125
"E130308A19Rik","TH2",0.250673809210358,868379.5,0.531240804465856,0.00483578526303273,0.0246262364519942,2.27051864137138,2.52119245058173,0.567790777701308,0.636444444444444,0.636444444444444,0.0686536667431369,"Higher in TH2","nRPC","nPRC",1453,1125
"Pola1","TH2",-1.08472825158646,764711.5,0.467820753995565,0.00486962679080449,0.0247614322837462,7.70815554951366,6.6234272979272,0.813489332415692,0.813333333333333,0.813489332415692,-0.000155999082358305,"Higher in TH1","nRPC","nPRC",1453,1125
"Kif23","TH2",-0.331857604836401,768339,0.470039917412251,0.00486801637038601,0.0247614322837462,2.3968343225606,2.0649767177242,0.501032346868548,0.457777777777778,0.501032346868548,-0.04325456909077,"Higher in TH1","nRPC","nPRC",1453,1125
"Atp11c","TH2",-0.46781845106347,765581,0.468352680278351,0.00525342849077036,0.0262952306410817,3.71360510866325,3.24578665759978,0.720578114246387,0.717333333333333,0.720578114246387,-0.00324478091305336,"Higher in TH1","nRPC","nPRC",1453,1125
"E2f7","TH2",-0.324869196018047,769661.5,0.470848971476638,0.00525388260722643,0.0262952306410817,1.78294105687379,1.45807186085574,0.46180316586373,0.424888888888889,0.46180316586373,-0.0369142769748413,"Higher in TH1","nRPC","nPRC",1453,1125
"Gdpd1","TH2",0.450789568207582,869183.5,0.531732660396115,0.00526073102381591,0.0263036551190795,3.63191291735018,4.08270248555776,0.715760495526497,0.783111111111111,0.783111111111111,0.0673506155846142,"Higher in TH2","nRPC","nPRC",1453,1125
"Pard3","TH2",-0.5834673147765,765109.5,0.468064234916265,0.00532104723634192,0.0265573289881628,6.15858761031103,5.57512029553453,0.887130075705437,0.896888888888889,0.896888888888889,0.00975881318345184,"Higher in TH1","nRPC","nPRC",1453,1125
"Ubr5","TH2",-0.352917187266392,765358.5,0.46821656343198,0.00536506307524688,0.0267465332459077,4.16877445746666,3.81585727020027,0.794218857536132,0.791111111111111,0.794218857536132,-0.0031077464250211,"Higher in TH1","nRPC","nPRC",1453,1125
"Ube2e2","TH2",0.385604211043097,868771.5,0.531480614819913,0.00539460090755112,0.0268281300016642,3.80215998198852,4.18776419303162,0.683413626978665,0.726222222222222,0.726222222222222,0.0428085952435574,"Higher in TH2","nRPC","nPRC",1453,1125
"Stox2","TH2",0.285874830663523,868036.5,0.531030970406056,0.0054218281291344,0.026910974412882,2.43221342416968,2.7180882548332,0.599449415003441,0.656888888888889,0.656888888888889,0.0574394738854477,"Higher in TH2","nRPC","nPRC",1453,1125
"Pcnx","TH2",0.25870519202437,867169.5,0.530500573526038,0.00545411251272168,0.027044856836451,1.85224097703354,2.11094616905791,0.534067446662079,0.599111111111111,0.599111111111111,0.0650436644490326,"Higher in TH2","nRPC","nPRC",1453,1125
"Lrp12","TH2",-0.272311238727904,770974,0.471651907929953,0.00548728471357247,0.0271752974857111,1.37960487712002,1.10729363839212,0.425326909841707,0.385777777777778,0.425326909841707,-0.039549132063929,"Higher in TH1","nRPC","nPRC",1453,1125
"Hs3st4","TH2",0.267256898844259,868514,0.531323086334786,0.00549050067065894,0.0271752974857111,6.56452736697018,6.83178426581444,0.64762560220234,0.726222222222222,0.726222222222222,0.0785966200198822,"Higher in TH2","nRPC","nPRC",1453,1125
"Arih1","TH2",-0.599148601493694,765607.5,0.468368891947694,0.00570593068198227,0.0279936917129043,5.41600183651414,4.81685323502044,0.840330350997935,0.84,0.840330350997935,-0.000330350997935325,"Higher in TH1","nRPC","nPRC",1453,1125
"Tox","TH2",1.05631018734207,869116,0.531691366521373,0.00571172424779668,0.0279951450740179,20.7458986495408,21.8022088368829,0.954576737783895,0.977777777777778,0.977777777777778,0.0232010399938823,"Higher in TH2","nRPC","nPRC",1453,1125
"Chchd3","TH2",-0.370408095813307,766044.5,0.468636231551579,0.00574934795108107,0.0281494752666686,3.61144384006045,3.24103574424715,0.728148657949071,0.738666666666667,0.738666666666667,0.0105180087175958,"Higher in TH1","nRPC","nPRC",1453,1125
"Rpl13a","TH2",0.256289962214046,868443,0.531279651296169,0.0059414974142668,0.0289402922832651,3.03702013774499,3.29331009995904,0.726083964211975,0.768,0.768,0.0419160357880248,"Higher in TH2","nRPC","nPRC",1453,1125
"Canx","TH2",0.313378271394719,868456.5,0.531287910071117,0.00604688897224438,0.0294395622286372,3.53192067245619,3.84529894385091,0.745354439091535,0.803555555555556,0.803555555555556,0.0582011164640208,"Higher in TH2","nRPC","nPRC",1453,1125
"Zfand3","TH2",-0.501361496379984,766226,0.468747266192552,0.00620103884720965,0.0299751213378407,4.62439348670733,4.12303199032735,0.79972470750172,0.794666666666667,0.79972470750172,-0.0050580408350539,"Higher in TH1","nRPC","nPRC",1453,1125
"Clasp1","TH2",-0.398420282534285,766478.5,0.468901735872142,0.00628372935682212,0.0302742875559393,3.56905078154216,3.17063049900787,0.757742601514109,0.748444444444444,0.757742601514109,-0.0092981570696643,"Higher in TH1","nRPC","nPRC",1453,1125
"Rpl9","TH2",0.314333143565207,868148.5,0.531099487650073,0.00630188549679128,0.0303089708461864,3.25315154244959,3.5674846860148,0.737095664143152,0.784888888888889,0.784888888888889,0.0477932247457368,"Higher in TH2","nRPC","nPRC",1453,1125
"Aff4","TH2",0.251788203390103,866619.5,0.53016410491703,0.00677003960983139,0.0319522026997835,2.24201800260451,2.49380620599461,0.587749483826566,0.654222222222222,0.654222222222222,0.0664727383956565,"Higher in TH2","nRPC","nPRC",1453,1125
"Zcchc7","TH2",-0.597559874270702,766677,0.469023170451939,0.00685339357926873,0.032205330217303,6.67288539918854,6.07532552491784,0.881624225739849,0.876444444444444,0.881624225739849,-0.00517978129540408,"Higher in TH1","nRPC","nPRC",1453,1125
"Rmst","TH2",0.311696328374093,866196,0.529905024088094,0.00685129182172955,0.032205330217303,3.32418968716148,3.63588601553558,0.558843771507226,0.626666666666667,0.626666666666667,0.0678228951594403,"Higher in TH2","nRPC","nPRC",1453,1125
"Rps6ka5","TH2",-0.391992829433798,767991,0.469827024546914,0.00704766528278917,0.0329117243948683,2.86557992679141,2.47358709735762,0.64762560220234,0.632,0.64762560220234,-0.01562560220234,"Higher in TH1","nRPC","nPRC",1453,1125
"Tox3","TH2",-0.814622046582281,767055,0.469254416150493,0.00705938063771356,0.032951325295652,5.39574901746871,4.58112697088643,0.78596008258775,0.792888888888889,0.792888888888889,0.00692880630113935,"Higher in TH1","nRPC","nPRC",1453,1125
"Btg1","TH2",0.285187303356365,866864.5,0.530313986388315,0.00708276580784367,0.0330302059308094,2.55399575406747,2.83918305742384,0.650378527185134,0.693333333333333,0.693333333333333,0.0429548061481991,"Higher in TH2","nRPC","nPRC",1453,1125
"Gpm6a","TH2",0.383758061365243,867313,0.530588361244934,0.00734413978879246,0.0340774777899095,4.65914121268748,5.04289927405272,0.766001376462491,0.811555555555556,0.811555555555556,0.0455541790930641,"Higher in TH2","nRPC","nPRC",1453,1125
"Sfmbt1","TH2",-0.538416128345129,767733.5,0.469669496061788,0.00735044176271386,0.0340911882300732,3.53391697299785,2.99550084465272,0.706813489332416,0.697777777777778,0.706813489332416,-0.00903571155463789,"Higher in TH1","nRPC","nPRC",1453,1125
"Ppp2r5e","TH2",-0.360649645039518,767708,0.469653896153552,0.00737474796741903,0.0341727971101742,3.14949656736246,2.78884692232294,0.708189951823813,0.712,0.712,0.00381004817618713,"Higher in TH1","nRPC","nPRC",1453,1125
"Dph6","TH2",-0.324591214484143,770022.5,0.471069817236369,0.00759532737190974,0.0350388139008131,2.04669702557149,1.72210581108735,0.540261527873365,0.506666666666667,0.540261527873365,-0.0335948612066987,"Higher in TH1","nRPC","nPRC",1453,1125
"Cenpf","TH2",-0.541843602614828,769656,0.470845606790548,0.00770905923042199,0.0354637616358843,3.74214455189913,3.2003009492843,0.568479008947006,0.532444444444444,0.568479008947006,-0.0360345645025617,"Higher in TH1","nRPC","nPRC",1453,1125
"Tnrc6a","TH2",0.256680544263851,866215.5,0.529916953429686,0.0077848718111426,0.0357479348045479,2.53007730365309,2.78675784791694,0.635237439779766,0.695111111111111,0.695111111111111,0.0598736713313451,"Higher in TH2","nRPC","nPRC",1453,1125
"Atoh7","TH2",-0.315976407329067,775626.5,0.474498126481609,0.00791994125516423,0.0362091259354348,1.36126975119242,1.04529334386335,0.350309704060564,0.307555555555556,0.350309704060564,-0.0427541485050087,"Higher in TH1","nRPC","nPRC",1453,1125
"Zfp207","TH2",0.275659564910065,866611.5,0.530159210828172,0.00799822748226603,0.0364646136557205,2.98487674571207,3.26053631062214,0.721266345492085,0.776888888888889,0.776888888888889,0.0556225433968035,"Higher in TH2","nRPC","nPRC",1453,1125
"Peak1","TH2",-0.66555424415985,769640.5,0.470836124493385,0.00800800805422627,0.0364765483149797,3.18832166489362,2.52276742073377,0.58086717136958,0.553777777777778,0.58086717136958,-0.0270893935918024,"Higher in TH1","nRPC","nPRC",1453,1125
"Gnb1","TH2",-0.342144556067077,768893,0.470378833065688,0.00800688616456586,0.0364765483149797,2.54885388916415,2.20670933309707,0.639366827253957,0.616,0.639366827253957,-0.0233668272539573,"Higher in TH1","nRPC","nPRC",1453,1125
"Enox2","TH2",-0.476600701488964,772348.5,0.47249277357192,0.00809189315572466,0.0367764086528584,2.11728185570807,1.6406811542191,0.445973847212663,0.423111111111111,0.445973847212663,-0.0228627361015524,"Higher in TH1","nRPC","nPRC",1453,1125
"Fut8","TH2",-0.26074557749792,772086,0.472332186281257,0.0082082775564975,0.037139629903566,1.57505527802078,1.31430970052286,0.467309015829319,0.426666666666667,0.467309015829319,-0.040642349162652,"Higher in TH1","nRPC","nPRC",1453,1125
"Eif4a1","TH2",-0.331963707750153,769574.5,0.470795748260304,0.0085018500497767,0.0382893928371085,2.08418911846875,1.7522254107186,0.607708189951824,0.593777777777778,0.607708189951824,-0.0139304121740461,"Higher in TH1","nRPC","nPRC",1453,1125
"Psip1","TH2",-0.597787172120324,768207.5,0.469959470826642,0.00877821158331663,0.0392024118799104,8.64459692195754,8.04680974983722,0.913282863041982,0.924444444444444,0.924444444444444,0.0111615814024623,"Higher in TH1","nRPC","nPRC",1453,1125
"Smarcc1","TH2",-0.512786975289962,768364,0.470055211439933,0.00877964668611445,0.0392024118799104,4.51648349037132,4.00369651508136,0.810736407432897,0.808888888888889,0.810736407432897,-0.00184751854400855,"Higher in TH1","nRPC","nPRC",1453,1125
"Cep135","TH2",-0.256384699678717,773843.5,0.473407356427315,0.00888169885241311,0.0395022283021081,1.30955530861805,1.05317060893934,0.417068134893324,0.381333333333333,0.417068134893324,-0.0357348015599908,"Higher in TH1","nRPC","nPRC",1453,1125
"Tenm3","TH2",0.753657886348627,866174,0.529891565343733,0.00893200079943615,0.0396566818405655,9.45562567730152,10.2092835636501,0.801101169993118,0.841777777777778,0.841777777777778,0.0406766077846601,"Higher in TH2","nRPC","nPRC",1453,1125
"Mid1","TH2",0.326390015211528,864917,0.529122581631873,0.0089925377004195,0.0398733114840107,2.75520374717662,3.08159376238815,0.596696490020647,0.650666666666667,0.650666666666667,0.0539701766460197,"Higher in TH2","nRPC","nPRC",1453,1125
"Cep170","TH2",-0.376651882393505,768960,0.470419821059876,0.0090203875107826,0.0399446290423134,3.24283544717111,2.8661835647776,0.715760495526497,0.705777777777778,0.715760495526497,-0.00998271774871917,"Higher in TH1","nRPC","nPRC",1453,1125
"Nrip1","TH2",0.288584347400953,864498,0.528866253727919,0.00904527067084204,0.0399975126580945,2.17151501313771,2.46009936053866,0.562973158981418,0.620444444444444,0.620444444444444,0.0574712854630267,"Higher in TH2","nRPC","nPRC",1453,1125
"Huwe1","TH2",-0.48574106412921,768606,0.470203257627896,0.00919006391628288,0.0404847755135559,4.68614724589132,4.20040618176211,0.82863041982106,0.833777777777778,0.833777777777778,0.00514735795671784,"Higher in TH1","nRPC","nPRC",1453,1125
"Zfp397","TH2",-0.313701611699515,772457,0.472559149652061,0.00931173295803532,0.040932240042119,1.5803136359776,1.26661202427809,0.473503097040606,0.454222222222222,0.473503097040606,-0.0192808748183834,"Higher in TH1","nRPC","nPRC",1453,1125
"Eif4g3","TH2",-0.433433583885563,768855.5,0.470355892024165,0.00944124186080436,0.04137652682973,4.43047709196372,3.99704350807816,0.80454232622161,0.794666666666667,0.80454232622161,-0.00987565955494385,"Higher in TH1","nRPC","nPRC",1453,1125
"Gigyf2","TH2",0.25418593116427,864247,0.52871270168999,0.00947181400955941,0.0414926562096183,2.0490692072917,2.30325513845598,0.568479008947006,0.619555555555556,0.619555555555556,0.0510765466085493,"Higher in TH2","nRPC","nPRC",1453,1125
"Ogdh","TH2",-0.321201101590849,771403,0.47191435344498,0.00953146501913955,0.0415573506934659,1.90351401900194,1.58231291741109,0.536820371644873,0.509333333333333,0.536820371644873,-0.0274870383115394,"Higher in TH1","nRPC","nPRC",1453,1125
"Ckap5","TH2",-0.629825683596127,769323,0.470641890341822,0.00970594398658788,0.0421376979980382,4.88636286488948,4.25653718129336,0.7143840330351,0.748444444444444,0.748444444444444,0.0340604114093447,"Higher in TH1","nRPC","nPRC",1453,1125
"Btbd9","TH2",0.264854394909455,865035,0.529194769442533,0.0100618651963325,0.0433502948496811,3.57141157977774,3.83626597468719,0.701307639366827,0.750222222222222,0.750222222222222,0.048914582855395,"Higher in TH2","nRPC","nPRC",1453,1125
"Cst3","TH2",0.278523782928851,865206,0.529299380591879,0.0102667403068391,0.0441414809203166,3.71314286152485,3.9916666444537,0.76668960770819,0.825777777777778,0.825777777777778,0.0590881700695879,"Higher in TH2","nRPC","nPRC",1453,1125
"Kif20b","TH2",-0.266386351721453,774768.5,0.473973235451556,0.0105423106803303,0.0450302835352118,1.45362677168879,1.18724041996733,0.418444597384721,0.384,0.418444597384721,-0.0344445973847213,"Higher in TH1","nRPC","nPRC",1453,1125
"Smg6","TH2",-0.445553722287848,769753.5,0.470905253498509,0.010726278364853,0.0455576084845821,4.35601905049254,3.91046532820469,0.78114246386786,0.772444444444444,0.78114246386786,-0.00869801942341508,"Higher in TH1","nRPC","nPRC",1453,1125
"Kat6a","TH2",-0.315976120643316,771212,0.471797507073488,0.0108042088823628,0.0458312650840756,2.17451825827666,1.85854213763335,0.600825877494838,0.576,0.600825877494838,-0.0248258774948383,"Higher in TH1","nRPC","nPRC",1453,1125
"Ext1","TH2",-0.488658054253221,770554,0.471394968264893,0.0117423406529239,0.0489750023118755,4.31141107894669,3.82275302469347,0.732278045423262,0.725333333333333,0.732278045423262,-0.00694471208992886,"Higher in TH1","nRPC","nPRC",1453,1125
"Gm12610","TH2",-0.383181384941299,774208.5,0.473630649231475,0.0117402366728662,0.0489750023118755,2.44645342993249,2.06327204499119,0.46662078458362,0.426666666666667,0.46662078458362,-0.0399541179169534,"Higher in TH1","nRPC","nPRC",1453,1125
"Ccdc34","TH2",-0.518412317373154,770832.5,0.471565343733272,0.0118887306138734,0.049402987067442,3.81838860181944,3.29997628444629,0.697866483138334,0.693333333333333,0.697866483138334,-0.00453314980500108,"Higher in TH1","nRPC","nPRC",1453,1125
"Hsp90b1","TH2",0.39177643105313,863764.5,0.528417526955724,0.0120229574054663,0.0497093461054921,3.14150333726551,3.53327976831864,0.679972470750172,0.732444444444444,0.732444444444444,0.0524719736942724,"Higher in TH2","nRPC","nPRC",1453,1125
