"gene","group","log2FC_TH2_vs_TH1","statistic","auc","p_value","padj","mean_expression_TH1","mean_expression_TH2","pct_detected_TH1","pct_detected_TH2","max_pct_detected","delta_pct_detected_TH2_minus_TH1","direction","celltype_output_label","manual_celltype","n_cells_TH1","n_cells_TH2"
"Map2","TH2",2.72291639547184,37041674,0.676086069313942,0,0,2.10236635567849,4.82528275115033,0.418398876404494,0.694606887589344,0.694606887589344,0.276208011184849,"Higher in TH2","pRPC","pRPC",7120,7695
"Cd44","TH2",-0.927690268308741,20364512,0.371693862204408,0,0,1.00933237566105,0.0816421073523045,0.281460674157303,0.0256010396361274,0.281460674157303,-0.255859634521176,"Higher in TH1","pRPC","pRPC",7120,7695
"Gm56714","TH2",-0.486166964495044,23181718.5,0.423113624416847,8.5347897481772e-259,2.59286912549623e-255,0.503165721842686,0.0169987573476425,0.160112359550562,0.00649772579597141,0.160112359550562,-0.15361463375459,"Higher in TH1","pRPC","pRPC",7120,7695
"Slc15a2","TH2",-0.502045901923412,23577534.5,0.430338073387797,2.67215137919346e-216,6.0884969174923e-213,0.544050342037432,0.0420044401140203,0.15126404494382,0.0119558154645874,0.15126404494382,-0.139308229479233,"Higher in TH1","pRPC","pRPC",7120,7695
"Adcy2","TH2",-1.15301189272011,21229816,0.387487424345299,4.2120617081154e-192,7.67774608155275e-189,1.86686107457942,0.713849181859308,0.400421348314607,0.18856400259909,0.400421348314607,-0.211857345715516,"Higher in TH1","pRPC","pRPC",7120,7695
"Adamtsl1","TH2",-1.3963675424053,22072912.5,0.402875654335589,1.91769063150943e-182,2.91297206926283e-179,2.05138202445335,0.655014482048048,0.307303370786517,0.117478882391163,0.307303370786517,-0.189824488395354,"Higher in TH1","pRPC","pRPC",7120,7695
"Gm42047","TH2",-1.61958060081844,21342994.5,0.389553162713275,4.30527385470658e-177,4.9607312989311e-174,2.81242816929476,1.19284756847631,0.419101123595506,0.210266406757635,0.419101123595506,-0.208834716837871,"Higher in TH1","pRPC","pRPC",7120,7695
"Gm56626","TH2",-0.440116330906182,23702840.5,0.432625163355747,4.3543834092e-177,4.9607312989311e-174,0.519797192736808,0.0796808618306259,0.161376404494382,0.0269005847953216,0.161376404494382,-0.13447581969906,"Higher in TH1","pRPC","pRPC",7120,7695
"Rps18-ps6","TH2",0.476580104185761,31509907,0.575120043658877,1.74867612712027e-170,1.77082602473046e-167,0.123956909633666,0.600537013819427,0.0445224719101124,0.193762183235867,0.193762183235867,0.149239711325755,"Higher in TH2","pRPC","pRPC",7120,7695
"6820431F20Rik","TH2",-1.62407582784093,20389286.5,0.372146047338488,1.37391088424481e-164,1.25218237990072e-161,4.55872136023966,2.93464553239873,0.766994382022472,0.619753086419753,0.766994382022472,-0.147241295602719,"Higher in TH1","pRPC","pRPC",7120,7695
"Cfap54","TH2",-0.540484271071713,23515951.5,0.429214058085288,1.25092738086532e-155,1.03645019538241e-152,0.708859647607984,0.168375376536271,0.191713483146067,0.0505523066926576,0.191713483146067,-0.14116117645341,"Higher in TH1","pRPC","pRPC",7120,7695
"4833420G17Rik","TH2",1.22499229425244,33867708,0.618154718882099,5.94233898281588e-154,4.51320645744866e-151,1.57377897463774,2.79877126889019,0.422191011235955,0.603118908382066,0.603118908382066,0.180927897146111,"Higher in TH2","pRPC","pRPC",7120,7695
"Pawr","TH2",1.38053499821579,33553142.5,0.612413257185828,1.34232249849481e-153,9.41071327021666e-151,1.36032508773914,2.74086008595493,0.317977528089888,0.5137102014295,0.5137102014295,0.195732673339612,"Higher in TH2","pRPC","pRPC",7120,7695
"Plppr1","TH2",2.96565238470163,34170647.5,0.623683982375831,8.00268678163656e-152,5.2097490948454e-149,5.67789850849295,8.64355089319458,0.685814606741573,0.821052631578947,0.821052631578947,0.135238024837374,"Higher in TH2","pRPC","pRPC",7120,7695
"Ndufc2","TH2",1.00359238494716,33483475,0.611141683276022,7.76724628793224e-151,4.71937884454763e-148,1.08353750991506,2.08712989486221,0.31502808988764,0.509811565951917,0.509811565951917,0.194783476064276,"Higher in TH2","pRPC","pRPC",7120,7695
"Gnai2","TH2",1.26052592344992,33777896,0.616515466777639,1.29501465106276e-144,7.37672720611627e-142,1.85663274678565,3.11715867023557,0.478230337078652,0.648992852501624,0.648992852501624,0.170762515422973,"Higher in TH2","pRPC","pRPC",7120,7695
"H3f3b","TH2",-2.31413465991206,20777585,0.379233286608114,5.6731032950896e-143,3.0414507900851e-140,8.95257124343488,6.63843658352282,0.920224719101124,0.855360623781676,0.920224719101124,-0.0648640953194471,"Higher in TH1","pRPC","pRPC",7120,7695
"Mdga2","TH2",3.61378819162306,33831026,0.617485197596572,1.21815952739723e-137,6.16794774038795e-135,7.57503871552316,11.1888269071462,0.661938202247191,0.809746588693957,0.809746588693957,0.147808386446766,"Higher in TH2","pRPC","pRPC",7120,7695
"Gm35082","TH2",0.319720232658235,30041553,0.548319589548153,2.65667067172287e-134,1.2743629737938e-131,0.0287978383351716,0.348518070993406,0.010252808988764,0.106692657569851,0.106692657569851,0.0964398485810865,"Higher in TH2","pRPC","pRPC",7120,7695
"Chst11","TH2",-1.51708155611591,21537616,0.393105401873389,8.72208084938275e-131,3.97465224306372e-128,3.23490874030062,1.71782718418471,0.55941011235955,0.399350227420403,0.55941011235955,-0.160059884939148,"Higher in TH1","pRPC","pRPC",7120,7695
"Grb10","TH2",-1.96381307368571,21396726,0.390533872133517,8.877711040318e-120,3.85292659149801e-117,6.23114424977119,4.26733117608548,0.79311797752809,0.686549707602339,0.79311797752809,-0.106568269925751,"Higher in TH1","pRPC","pRPC",7120,7695
"Syt1","TH2",2.04391234726315,32934726.5,0.60112590438852,4.3919797673048e-109,1.819477436328e-106,3.17941495434605,5.2233273016092,0.494522471910112,0.644054580896686,0.644054580896686,0.149532108986574,"Higher in TH2","pRPC","pRPC",7120,7695
"Acyp2","TH2",0.811912922705951,31641052,0.577513707281103,2.14130578774906e-105,8.48515693458476e-103,0.624653269738473,1.43656619244442,0.163061797752809,0.310981156595192,0.310981156595192,0.147919358842383,"Higher in TH2","pRPC","pRPC",7120,7695
"Nedd4l","TH2",-0.701341434917102,23063681.5,0.420959208518592,6.825250277484e-102,2.59188879287455e-99,1.40315139043256,0.701809955515459,0.343539325842697,0.19311241065627,0.343539325842697,-0.150426915186426,"Higher in TH1","pRPC","pRPC",7120,7695
"Acsl3","TH2",2.39130419459206,32747938,0.597716633447956,3.46847247250989e-94,1.2644663245782e-91,8.98913521353453,11.3804394081266,0.904073033707865,0.945159194282001,0.945159194282001,0.0410861605741362,"Higher in TH2","pRPC","pRPC",7120,7695
"Zfp799","TH2",0.537652948237767,31316988,0.571598878594739,1.06668654869919e-92,3.73914661724785e-90,0.513116153516547,1.05076910175431,0.158567415730337,0.298245614035088,0.298245614035088,0.139678198304751,"Higher in TH2","pRPC","pRPC",7120,7695
"Fgf15","TH2",-2.28422975605394,22370576,0.408308620072862,1.00629724672532e-89,3.39681226172392e-87,5.98567921940251,3.70144946334857,0.64564606741573,0.515399610136452,0.64564606741573,-0.130246457279278,"Higher in TH1","pRPC","pRPC",7120,7695
"Rps27","TH2",1.1175070665492,32431047.5,0.591932735761585,8.75948915765726e-89,2.85121372081744e-86,2.38357810703419,3.50108517358338,0.542837078651685,0.668356075373619,0.668356075373619,0.125518996721934,"Higher in TH2","pRPC","pRPC",7120,7695
"Ndufa13","TH2",0.683589512344525,31833428.5,0.581024970614218,1.33903844398454e-88,4.20827461326726e-86,0.942031607616065,1.62562111996059,0.277387640449438,0.426640675763483,0.426640675763483,0.149253035314045,"Higher in TH2","pRPC","pRPC",7120,7695
"Celf2","TH2",-4.10083459694701,22208590.5,0.405352054449482,1.90667146751059e-88,5.79246791829718e-86,26.4916355401057,22.3908009431587,0.990449438202247,0.989603638726446,0.990449438202247,-0.000845799475801434,"Higher in TH1","pRPC","pRPC",7120,7695
"Abcd4","TH2",1.26221819755431,32454555,0.592361795562564,2.6437029278369e-86,7.77248660784049e-84,3.47053098273151,4.73274918028583,0.656460674157303,0.76595191682911,0.76595191682911,0.109491242671806,"Higher in TH2","pRPC","pRPC",7120,7695
"Rplp1","TH2",1.37386041114291,32414065,0.591622770513466,2.68640679428332e-84,7.65122235096818e-82,3.90902399661459,5.28288440775751,0.699016853932584,0.796231319038337,0.796231319038337,0.0972144651057523,"Higher in TH2","pRPC","pRPC",7120,7695
"2610035D17Rik","TH2",-1.28041526369777,22674599,0.413857659650583,4.0354690242961e-83,1.1145231723465e-80,3.39287332225271,2.11245805855495,0.578511235955056,0.447433398310591,0.578511235955056,-0.131077837644465,"Higher in TH1","pRPC","pRPC",7120,7695
"Unc13c","TH2",-0.624292939168626,24311214,0.44372922005388,7.48644485848378e-82,2.00680760118297e-79,0.999930625817047,0.37563768664842,0.205477528089888,0.0957764782326186,0.205477528089888,-0.109701049857269,"Higher in TH1","pRPC","pRPC",7120,7695
"Zfp868","TH2",-0.393313943153002,24176038.5,0.441261991589461,1.67862842369558e-81,4.3711484153033e-79,0.721833837167394,0.328519894014392,0.225421348314607,0.109941520467836,0.225421348314607,-0.11547982784677,"Higher in TH1","pRPC","pRPC",7120,7695
"Pttg1","TH2",-0.258135150698312,25054101,0.457288422366778,9.61504548652347e-80,2.43420901567153e-77,0.369476189761647,0.111341039063334,0.12626404494382,0.0410656270305393,0.12626404494382,-0.0851984179132809,"Higher in TH1","pRPC","pRPC",7120,7695
"Fgd6","TH2",-0.350681845173043,24681986,0.450496564966307,9.5462840132879e-76,2.35148195938124e-73,0.574020959423294,0.223339114250251,0.171769662921348,0.0738141650422352,0.171769662921348,-0.0979554978791131,"Higher in TH1","pRPC","pRPC",7120,7695
"Ccnd1","TH2",-2.45002527956075,22611930.5,0.412713831760008,1.6213095987337e-75,3.88858307443656e-73,13.7543876682796,11.3043623887188,0.958005617977528,0.935412605588044,0.958005617977528,-0.0225930123894839,"Higher in TH1","pRPC","pRPC",7120,7695
"Cdh2","TH2",-3.6299752053061,22622585,0.412908298106899,3.53709465801149e-75,8.26591813156838e-73,22.7974910657102,19.1675158604041,0.986797752808989,0.979337231968811,0.986797752808989,-0.00746052084017779,"Higher in TH1","pRPC","pRPC",7120,7695
"Sorcs1","TH2",-4.9296411545848,22726238.5,0.414800185805755,4.94409862816191e-72,1.12651287242669e-69,26.5529269372977,21.6232857827128,0.965589887640449,0.950487329434698,0.965589887640449,-0.0151025582057516,"Higher in TH1","pRPC","pRPC",7120,7695
"Itpr1","TH2",0.733382080376892,31164498.5,0.568815634331355,1.13279395017814e-70,2.51811806388379e-68,0.925605264584232,1.65898734496112,0.240449438202247,0.36595191682911,0.36595191682911,0.125502478626863,"Higher in TH2","pRPC","pRPC",7120,7695
"Luzp2","TH2",-1.54616921405174,23169847,0.422896945338794,1.44674057118102e-70,3.13942703946282e-68,4.18557340976294,2.6394041957112,0.522612359550562,0.38869395711501,0.522612359550562,-0.133918402435552,"Higher in TH1","pRPC","pRPC",7120,7695
"Frem1","TH2",-1.19285116436871,23032672,0.420393221922889,2.10218787905886e-69,4.45566054180056e-67,3.63479432966445,2.44194316529574,0.604213483146067,0.493697205977908,0.604213483146067,-0.11051627716816,"Higher in TH1","pRPC","pRPC",7120,7695
"Ndufb11","TH2",0.563191155778549,31205531.5,0.569564570237496,4.89074874811537e-69,1.01305191114371e-66,0.857421963408227,1.42061311918678,0.26123595505618,0.389473684210526,0.389473684210526,0.128237729154347,"Higher in TH2","pRPC","pRPC",7120,7695
"Ndufa4","TH2",0.727456436017926,31507168,0.575070051324733,1.12759549858123e-67,2.23410986392811e-65,1.46147455853115,2.18893099454908,0.375561797752809,0.506432748538012,0.506432748538012,0.130870950785203,"Higher in TH2","pRPC","pRPC",7120,7695
"Nlgn1","TH2",-15.0336981349133,22873660,0.41749092873674,1.15223593898515e-67,2.23435709530013e-65,140.678451786276,125.644753651362,0.994943820224719,0.995061728395062,0.995061728395062,0.000117908170342629,"Higher in TH1","pRPC","pRPC",7120,7695
"Fbxw11","TH2",-0.730846352857462,23408337,0.427249874060933,1.94403643359491e-65,3.69123917828833e-63,2.12143630060888,1.39058994775142,0.485112359550562,0.359324236517219,0.485112359550562,-0.125788123033343,"Higher in TH1","pRPC","pRPC",7120,7695
"Adam23","TH2",0.84852556785245,31544021,0.575742693708887,3.6146608193712e-65,6.72326912403044e-63,2.02876487668222,2.87729044453467,0.433286516853933,0.564132553606238,0.564132553606238,0.130846036752305,"Higher in TH2","pRPC","pRPC",7120,7695
"Adamts19","TH2",0.699912114052702,31171494,0.56894331646845,3.52385759256297e-64,6.42328761972378e-62,1.26032767801629,1.960239792069,0.29185393258427,0.422092267706303,0.422092267706303,0.130238335122033,"Higher in TH2","pRPC","pRPC",7120,7695
"1700019D03Rik","TH2",0.336670135699529,29828758,0.544435646961766,1.06294240662026e-63,1.89954060665432e-61,0.238002759854992,0.574672895554522,0.0699438202247191,0.158154645873944,0.158154645873944,0.088210825649225,"Higher in TH2","pRPC","pRPC",7120,7695
"Plcl1","TH2",0.685866488954893,30768958,0.561596213797081,3.11404374388258e-63,5.45796051572036e-61,0.940276021825809,1.6261425107807,0.199438202247191,0.319298245614035,0.319298245614035,0.119860043366844,"Higher in TH2","pRPC","pRPC",7120,7695
"Asah2","TH2",0.336083336728468,29817747,0.544234673763059,2.59626169335993e-60,4.46459039118537e-58,0.27382404418602,0.609907380914488,0.0764044943820225,0.164522417153996,0.164522417153996,0.0881179227719736,"Higher in TH2","pRPC","pRPC",7120,7695
"Id1","TH2",-0.530508050969154,24084677,0.439594457950953,3.47359956363236e-60,5.86266415239728e-58,1.23987305681135,0.709365005842197,0.324719101123596,0.211825860948668,0.324719101123596,-0.112893240174928,"Higher in TH1","pRPC","pRPC",7120,7695
"Fam184b","TH2",0.52849428483672,30809006,0.56232717144505,7.43576435429218e-60,1.23217375136398e-57,0.882343706387538,1.41083799122426,0.230758426966292,0.351656920077973,0.351656920077973,0.120898493111681,"Higher in TH2","pRPC","pRPC",7120,7695
"Cox4i2","TH2",0.414699323801474,30514975.5,0.556960515364566,2.09961601061044e-58,3.41712505726849e-56,0.55098336438324,0.965682688184714,0.17935393258427,0.289018843404808,0.289018843404808,0.109664910820539,"Higher in TH2","pRPC","pRPC",7120,7695
"Rps29","TH2",1.00324096798514,31536234,0.57560056508312,2.19841651086214e-58,3.45454622068924e-56,3.58091535327779,4.58415632126292,0.666432584269663,0.76374269005848,0.76374269005848,0.0973101057888166,"Higher in TH2","pRPC","pRPC",7120,7695
"Gas1","TH2",0.69719371807383,31217844,0.569789298464639,2.19488531001251e-58,3.45454622068924e-56,1.4319989976626,2.12919271573643,0.39002808988764,0.503833658219623,0.503833658219623,0.113805568331983,"Higher in TH2","pRPC","pRPC",7120,7695
"Adgrv1","TH2",-3.03951797038511,23253497,0.42442372838046,4.56625444216013e-57,7.05370220099109e-55,22.2305499708621,19.191032000477,0.979073033707865,0.977907732293697,0.979073033707865,-0.00116530141416793,"Higher in TH1","pRPC","pRPC",7120,7695
"Cp","TH2",1.60830025966839,31513038.5,0.575177199918231,1.15211252398085e-56,1.75005892392692e-54,7.01626310784641,8.62456336751479,0.819101123595506,0.880961663417804,0.880961663417804,0.0618605398222982,"Higher in TH2","pRPC","pRPC",7120,7695
"Piezo1","TH2",-0.556559032633588,24109371.5,0.440045182921932,1.66865216347396e-55,2.4931304619511e-53,1.38763955212744,0.831080519493853,0.350561797752809,0.241065627030539,0.350561797752809,-0.10949617072227,"Higher in TH1","pRPC","pRPC",7120,7695
"LTO1","TH2",-0.684552521034827,23605215.5,0.430843308072512,2.53781315691134e-55,3.73058534065967e-53,2.36098838005608,1.67643585902125,0.544101123595506,0.433268356075374,0.544101123595506,-0.110832767520132,"Higher in TH1","pRPC","pRPC",7120,7695
"Kcnq3","TH2",-0.384970114212231,25103600,0.458191880033,2.75305147654854e-55,3.98274780274023e-53,0.701115748033449,0.316145633821218,0.161797752808989,0.0794022092267706,0.161797752808989,-0.0823955435822181,"Higher in TH1","pRPC","pRPC",7120,7695
"Rps14","TH2",1.11774607167318,31428808,0.573639821568069,7.3725604397382e-55,1.04989868512147e-52,4.41695123637199,5.53469730804517,0.739466292134832,0.811825860948668,0.811825860948668,0.0723595688138364,"Higher in TH2","pRPC","pRPC",7120,7695
"Myo1b","TH2",0.598754602512662,30902153.5,0.56402730322477,8.95061407137705e-55,1.25501379456201e-52,1.20813892708869,1.80689352960135,0.307584269662921,0.425860948667966,0.425860948667966,0.118276679005045,"Higher in TH2","pRPC","pRPC",7120,7695
"Urgcp","TH2",0.442218381511374,30358841,0.554110742419928,1.15691986462084e-54,1.59760115850824e-52,0.581688534488368,1.02390691599974,0.172050561797753,0.275503573749188,0.275503573749188,0.103453011951435,"Higher in TH2","pRPC","pRPC",7120,7695
"Ubb","TH2",-1.02825403468428,23429875,0.427642986471589,8.03409198438853e-54,1.09287633351817e-51,4.50909089629469,3.48083686161041,0.753651685393258,0.656140350877193,0.753651685393258,-0.0975113345160654,"Higher in TH1","pRPC","pRPC",7120,7695
"Ndufa4l2","TH2",0.457604436029761,30577982.5,0.558110521570259,1.48698632759091e-53,1.99299902789169e-51,0.731099631965312,1.18870406799507,0.225983146067416,0.335672514619883,0.335672514619883,0.109689368552467,"Higher in TH2","pRPC","pRPC",7120,7695
"Arrdc3","TH2",-0.538816086494795,24259945.5,0.442793465405086,4.92896921138577e-53,6.51052541921303e-51,1.31582292245832,0.777006835963528,0.328932584269663,0.224041585445094,0.328932584269663,-0.104890998824569,"Higher in TH1","pRPC","pRPC",7120,7695
"Frmd4b","TH2",1.09054202089283,31270544.5,0.570751190032927,8.89517770314807e-52,1.15815213694988e-49,3.84122173139821,4.93176375229104,0.638483146067416,0.730604288499025,0.730604288499025,0.0921211424316096,"Higher in TH2","pRPC","pRPC",7120,7695
"Serpine2","TH2",0.545734359809051,30397351.5,0.554813637558315,1.0131113010706e-51,1.30049245041655e-49,0.715135321657001,1.26086968146605,0.198595505617978,0.302404158544509,0.302404158544509,0.103808652926532,"Higher in TH2","pRPC","pRPC",7120,7695
"Tpt1","TH2",1.28542449942092,31302395,0.57133252659322,4.1273772065611e-51,5.22457164730526e-49,6.84604912082937,8.13147362025029,0.861657303370786,0.904873294346979,0.904873294346979,0.0432159909761921,"Higher in TH2","pRPC","pRPC",7120,7695
"Ndufa3","TH2",0.330784322181416,29998987.5,0.547542682392623,4.38264692177113e-51,5.47170466370166e-49,0.384736495509982,0.715520817691398,0.129494382022472,0.222092267706303,0.222092267706303,0.0925978856838309,"Higher in TH2","pRPC","pRPC",7120,7695
"Dcc","TH2",-0.533848219518784,24998372,0.456271254499128,2.99409061913007e-50,3.68758674361506e-48,1.36457047499366,0.830722255474876,0.193398876404494,0.106302794022092,0.193398876404494,-0.0870960823824021,"Higher in TH1","pRPC","pRPC",7120,7695
"Mdm1","TH2",-0.396669081311413,24546991,0.448032630994882,5.28671134056923e-50,6.42441162105973e-48,0.932129434110287,0.535460352798874,0.280337078651685,0.181936322287199,0.280337078651685,-0.0984007563644859,"Higher in TH1","pRPC","pRPC",7120,7695
"Sorcs2","TH2",-1.01156849321751,23619746,0.431108519321608,6.17825967727662e-50,7.40903403930251e-48,4.03140161631636,3.01983312309885,0.682443820224719,0.604028589993502,0.682443820224719,-0.0784152302312168,"Higher in TH1","pRPC","pRPC",7120,7695
"Hnrnpa2b1","TH2",-1.46262723473481,23545866.5,0.429760067824576,1.49621011307476e-49,1.77096869747576e-47,10.6447420949445,9.18211486020967,0.944803370786517,0.921377517868746,0.944803370786517,-0.023425852917771,"Higher in TH1","pRPC","pRPC",7120,7695
"Selenok","TH2",0.493636951926968,30733911,0.560956534594914,2.18133942694462e-49,2.54881122271453e-47,1.07055346954658,1.56419042147355,0.316573033707865,0.428460038986355,0.428460038986355,0.11188700527849,"Higher in TH2","pRPC","pRPC",7120,7695
"Id2","TH2",-0.551013983093009,24352237.5,0.444477982565653,5.25099396678297e-49,5.98219487665749e-47,1.3742624187156,0.823248435622586,0.335814606741573,0.234697855750487,0.335814606741573,-0.101116750991086,"Higher in TH1","pRPC","pRPC",7120,7695
"Wdyhv1","TH2",0.258403854231387,29433190,0.537215724496426,5.76198012012979e-49,6.48329466850159e-47,0.199868005017165,0.458271859248552,0.0671348314606742,0.14087069525666,0.14087069525666,0.073735863795986,"Higher in TH2","pRPC","pRPC",7120,7695
"Erbb4","TH2",0.717487627623171,30249363,0.552112545721357,1.77547851284837e-48,1.97337941050001e-46,1.2528127584596,1.97030038608277,0.187921348314607,0.290318388564003,0.290318388564003,0.102397040249396,"Higher in TH2","pRPC","pRPC",7120,7695
"A630089N07Rik","TH2",-0.789831359004394,24006406.5,0.438165861751758,1.96015213479924e-46,2.15238874175425e-44,2.56223670093628,1.77240534193188,0.49873595505618,0.394801819363223,0.49873595505618,-0.103934135692957,"Higher in TH1","pRPC","pRPC",7120,7695
"Rdh10","TH2",0.43568205300351,30335855,0.553691201057158,1.63545919833091e-45,1.77447323018903e-43,0.810642314920972,1.24632436792448,0.234269662921348,0.3364522417154,0.3364522417154,0.102182578794051,"Higher in TH2","pRPC","pRPC",7120,7695
"Cox4i1","TH2",0.723623614187618,30935503.5,0.564636008717174,2.0175767806345e-45,2.16331703278857e-43,2.35154833389097,3.07517194807858,0.531179775280899,0.627810266406758,0.627810266406758,0.0966304911258588,"Higher in TH2","pRPC","pRPC",7120,7695
"Zfp536","TH2",-1.81821547374288,23730598,0.433131794321426,4.44546637113759e-45,4.71116052401721e-43,12.5255516637084,10.7073361899655,0.940308988764045,0.913060428849903,0.940308988764045,-0.0272485599141423,"Higher in TH1","pRPC","pRPC",7120,7695
"Mrps10","TH2",0.318853833586494,29920837.5,0.546116285564098,6.92684862159333e-45,7.25647107324156e-43,0.458600458117553,0.777454291704047,0.14747191011236,0.238206627680312,0.238206627680312,0.0907347175679523,"Higher in TH2","pRPC","pRPC",7120,7695
"Slc35f1","TH2",2.72660686351692,31037113.5,0.566490598374839,1.40797216247348e-44,1.45821116917992e-42,17.322843345811,20.0494502093279,0.935674157303371,0.969070825211176,0.969070825211176,0.0333966679078053,"Higher in TH2","pRPC","pRPC",7120,7695
"Pard3b","TH2",-2.63339036563123,23766840.5,0.433793293835921,3.23054979561328e-44,3.30822818395724e-42,17.9006398869191,15.2672495212879,0.946207865168539,0.936712150747238,0.946207865168539,-0.00949571442130082,"Higher in TH1","pRPC","pRPC",7120,7695
"Rps21","TH2",0.810715990291938,30923186,0.564411189229837,7.00242825983034e-44,7.09112568445485e-42,2.82396986233493,3.63468585262687,0.592977528089888,0.686029889538662,0.686029889538662,0.0930523614487738,"Higher in TH2","pRPC","pRPC",7120,7695
"Galntl6","TH2",-0.708351864278429,25458659,0.464672430660505,4.69684034614529e-43,4.70406625437013e-41,1.16789147503506,0.459539610756631,0.144803370786517,0.0758934372969461,0.144803370786517,-0.0689099334895708,"Higher in TH1","pRPC","pRPC",7120,7695
"Cracd","TH2",-1.19931544484052,23856936.5,0.435437729519387,8.38943763073646e-43,8.31101462679697e-41,5.92394580025832,4.7246303554178,0.774297752808989,0.718778427550357,0.774297752808989,-0.0555193252586313,"Higher in TH1","pRPC","pRPC",7120,7695
"Ccdc85c","TH2",-0.517018351570621,24257938,0.44275682443729,1.30326127393272e-42,1.27719604845407e-40,1.73072569125443,1.21370733968381,0.444662921348315,0.345938921377518,0.444662921348315,-0.0987239999707967,"Higher in TH1","pRPC","pRPC",7120,7695
"Tenm2","TH2",-1.72186013800775,23929062,0.436754166940447,1.89775591699796e-42,1.84001568377866e-40,6.68797657506372,4.96611643705597,0.67247191011236,0.603508771929825,0.67247191011236,-0.068963138182535,"Higher in TH1","pRPC","pRPC",7120,7695
"Rpl39","TH2",0.674897983681064,30775749.5,0.56172017251827,4.00434067304446e-42,3.80162092647158e-40,2.22304564493696,2.89794362861802,0.508848314606742,0.60441845354126,0.60441845354126,0.0955701389345189,"Higher in TH2","pRPC","pRPC",7120,7695
"Fbn2","TH2",0.726670201333987,30663385.5,0.559669300435859,5.20654666986613e-42,4.89200684011957e-40,2.19086102332479,2.91753122465878,0.420786516853933,0.528265107212476,0.528265107212476,0.107478590358543,"Higher in TH2","pRPC","pRPC",7120,7695
"Rpl37a","TH2",0.863484741234926,30866954.5,0.563384849712713,1.16721546161278e-41,1.07930160625766e-39,3.55756895174021,4.42105369297514,0.667556179775281,0.74554905782976,0.74554905782976,0.0779928780544786,"Higher in TH2","pRPC","pRPC",7120,7695
"Fth1","TH2",0.456759724462262,30330666,0.55359649122807,1.17238159995072e-41,1.07930160625766e-39,0.983927429784488,1.44068715424675,0.27626404494382,0.376868096166342,0.376868096166342,0.100604051222522,"Higher in TH2","pRPC","pRPC",7120,7695
"Bora","TH2",-0.575917702442748,24769441,0.452092797015427,9.98280718269677e-41,9.09833046630983e-39,1.27332073063641,0.697403028193665,0.288061797752809,0.205977907732294,0.288061797752809,-0.0820838900205153,"Higher in TH1","pRPC","pRPC",7120,7695
"Nav2","TH2",-2.1938848123853,23950546.5,0.43714630286703,4.91349268733244e-40,4.43381904478692e-38,15.1194331498981,12.9255483375128,0.925983146067416,0.916959064327485,0.925983146067416,-0.0090240817399303,"Higher in TH1","pRPC","pRPC",7120,7695
"Met","TH2",0.276927325015118,29387097.5,0.536374442400216,7.64206405249147e-40,6.82840899749091e-38,0.314265880146479,0.591193205161597,0.0901685393258427,0.162573099415205,0.162573099415205,0.072404560089362,"Higher in TH2","pRPC","pRPC",7120,7695
"Ddx5","TH2",0.977314513929253,30819786,0.562523928422805,8.39953487645143e-40,7.36090008307484e-38,5.20620257593102,6.18351708986027,0.807865168539326,0.850812215724496,0.850812215724496,0.0429470471851705,"Higher in TH2","pRPC","pRPC",7120,7695
"Hspa13","TH2",-0.298449921535805,25073124,0.457635630899972,1.98233848059907e-39,1.72066980115999e-37,0.717494008779629,0.419044087243823,0.228932584269663,0.146978557504873,0.228932584269663,-0.0819540267647896,"Higher in TH1","pRPC","pRPC",7120,7695
"Mir99ahg","TH2",0.78809565818552,30534468,0.557316293229954,2.36473338273515e-39,2.03322453304228e-37,2.64242017951695,3.43051583770248,0.410112359550562,0.514359974009097,0.514359974009097,0.104247614458535,"Higher in TH2","pRPC","pRPC",7120,7695
"Ccnjl","TH2",0.386366260085529,29912605.5,0.545966034781085,3.93709389243426e-39,3.35352090987344e-37,0.670029583092575,1.0563958431781,0.185955056179775,0.27511371020143,0.27511371020143,0.0891586540216542,"Higher in TH2","pRPC","pRPC",7120,7695
"1500004A13Rik","TH2",-0.338846185928496,24987081,0.45606517072957,4.33283545161894e-39,3.6564316950051e-37,0.883938257067592,0.545092071139096,0.250983146067416,0.165692007797271,0.250983146067416,-0.0852911382701448,"Higher in TH1","pRPC","pRPC",7120,7695
"Ext1","TH2",-1.09001651806379,24051595.5,0.438990653130955,5.63146060805506e-39,4.70872770475356e-37,5.21394760481102,4.12393108674723,0.717977528089888,0.652891487979207,0.717977528089888,-0.0650860401106804,"Higher in TH1","pRPC","pRPC",7120,7695
"Rps15a","TH2",0.86884770309671,30751942.5,0.561285646231684,1.26129200415767e-38,1.04503775689936e-36,4.16757258792035,5.03642029101706,0.729634831460674,0.792462638076673,0.792462638076673,0.062827806615999,"Higher in TH2","pRPC","pRPC",7120,7695
"Nhs","TH2",-2.13306398821661,24022036,0.438451131991443,1.59951716627144e-38,1.3133332840899e-36,13.2135958576072,11.0805318693906,0.889887640449438,0.853281351526966,0.889887640449438,-0.0366062889224726,"Higher in TH1","pRPC","pRPC",7120,7695
"Mpp7","TH2",-0.507571195373218,24454364.5,0.446342008527353,5.74082802581613e-38,4.67159880600788e-36,1.87024127320236,1.36267007782914,0.438483146067416,0.339961013645224,0.438483146067416,-0.0985221324221915,"Higher in TH1","pRPC","pRPC",7120,7695
"Arid1b","TH2",-1.13016043143707,24056271.5,0.439075999664162,7.10402096236363e-38,5.72973867707806e-36,6.93736822349304,5.80720779205596,0.852106741573034,0.812085769980507,0.852106741573034,-0.0400209715925268,"Higher in TH1","pRPC","pRPC",7120,7695
"Rpa3","TH2",0.325101614176048,29868110.5,0.545153910316782,7.61444590066447e-38,6.08754911742597e-36,0.570856697767723,0.895958311943771,0.1875,0.273294346978557,0.273294346978557,0.0857943469785575,"Higher in TH2","pRPC","pRPC",7120,7695
"BC031181","TH2",0.348428778058503,30007324,0.547694840513685,1.08213545622799e-37,8.57615873744517e-36,0.724994816422294,1.0734235944808,0.224016853932584,0.315009746588694,0.315009746588694,0.0909928926561097,"Higher in TH2","pRPC","pRPC",7120,7695
"Gpc6","TH2",-2.75227503645841,24063508,0.439208080542597,1.40156673470802e-37,1.10119648449387e-35,17.6815898681061,14.9293148316476,0.908005617977528,0.89551656920078,0.908005617977528,-0.0124890487767484,"Higher in TH1","pRPC","pRPC",7120,7695
"Tcf12","TH2",-1.7163988928896,24073285.5,0.439386539851501,2.4122430200055e-37,1.87907546019915e-35,12.9750041304589,11.2586052375693,0.949016853932584,0.927875243664717,0.949016853932584,-0.021141610267867,"Higher in TH1","pRPC","pRPC",7120,7695
"Mxra7","TH2",-0.760851585302583,24165466,0.441069021909747,2.60885326896919e-37,2.01500751638857e-35,3.38458264750968,2.6237310622071,0.661797752808989,0.584925276153346,0.661797752808989,-0.0768724766556425,"Higher in TH1","pRPC","pRPC",7120,7695
"ENSMUSG00000121513","TH2",-0.95296537503901,24132777,0.440472381014959,4.17122371257808e-37,3.19466663163333e-35,4.85351195099193,3.90054657595292,0.729073033707865,0.657439896036387,0.729073033707865,-0.0716331376714778,"Higher in TH1","pRPC","pRPC",7120,7695
"Vegfa","TH2",-0.350720395429387,24917767.5,0.454800058041483,4.76682343935711e-37,3.62040240219172e-35,0.949754965533694,0.599034570104307,0.284410112359551,0.198440545808967,0.284410112359551,-0.0859695665505837,"Higher in TH1","pRPC","pRPC",7120,7695
"Dennd1a","TH2",-2.35941483599263,24102147,0.439913321067963,1.01486438164396e-36,7.6441933671926e-35,20.5663421756265,18.2069273396338,0.976685393258427,0.964522417153996,0.976685393258427,-0.0121629761044308,"Higher in TH1","pRPC","pRPC",7120,7695
"Glo1","TH2",0.33812807068902,29932139,0.546322560980061,1.39466727167864e-36,1.04188504213763e-34,0.681567363307012,1.01969543399603,0.21502808988764,0.303833658219623,0.303833658219623,0.0888055683319827,"Higher in TH2","pRPC","pRPC",7120,7695
"Dnah7b","TH2",0.406025615000754,29946174,0.546578728343956,2.36988471266923e-36,1.74186526381188e-34,0.818803184874354,1.22482879987511,0.220786516853933,0.311111111111111,0.311111111111111,0.0903245942571785,"Higher in TH2","pRPC","pRPC",7120,7695
"Mgarp","TH2",0.42359162527077,30159810.5,0.550478030020953,4.69994465938203e-36,3.42682365004863e-34,0.996919640839172,1.42051126610994,0.298174157303371,0.388953866146849,0.388953866146849,0.0907797088434779,"Higher in TH2","pRPC","pRPC",7120,7695
"Trmt6","TH2",-0.261280373920334,25408073,0.463749133028159,6.32631423314833e-36,4.54000219849715e-34,0.596797454558433,0.335517080638099,0.180758426966292,0.109681611435997,0.180758426966292,-0.0710768155302947,"Higher in TH1","pRPC","pRPC",7120,7695
"Pbx1","TH2",-1.26658737882052,24182426,0.441378576486994,1.35225526118118e-35,9.62848003937913e-34,6.60769034114987,5.34110296232935,0.772191011235955,0.719558154645874,0.772191011235955,-0.0526328565900811,"Higher in TH1","pRPC","pRPC",7120,7695
"Btg2","TH2",0.324359273219202,29470273.5,0.537892573975513,2.81324913979695e-35,1.98759322946584e-33,0.400759820745447,0.725119093964649,0.125421348314607,0.198830409356725,0.198830409356725,0.0734090610421184,"Higher in TH2","pRPC","pRPC",7120,7695
"Six3os1","TH2",-1.01272210929277,24181248,0.441357075585343,3.0179233380266e-35,2.11579640790572e-33,6.47664047825401,5.46391836896125,0.845926966292135,0.799480181936322,0.845926966292135,-0.0464467843558125,"Higher in TH1","pRPC","pRPC",7120,7695
"Hs3st4","TH2",-2.84368037835812,24174941.5,0.441241969102949,3.25438707949649e-35,2.26415907194893e-33,18.0095548774323,15.1658744990742,0.917415730337079,0.899545159194282,0.917415730337079,-0.0178705711427967,"Higher in TH1","pRPC","pRPC",7120,7695
"Igf1r","TH2",-1.55380590907447,24179617,0.441327306510137,4.16684751064384e-35,2.87701880394e-33,11.1421485081815,9.58834259910707,0.934691011235955,0.910331384015595,0.934691011235955,-0.0243596272203606,"Higher in TH1","pRPC","pRPC",7120,7695
"Lrrc4","TH2",-0.260415162670907,25319819,0.462138317600076,4.72683631754528e-35,3.23912678181261e-33,0.666841722048874,0.406426559377967,0.203370786516854,0.128654970760234,0.203370786516854,-0.07471581575662,"Higher in TH1","pRPC","pRPC",7120,7695
"Apoe","TH2",0.622806076111671,30364258,0.554209613713852,5.78499942297803e-35,3.93466304037476e-33,1.76000557633291,2.38281165244458,0.430056179775281,0.52033788174139,0.52033788174139,0.0902817019661096,"Higher in TH2","pRPC","pRPC",7120,7695
"Rps12","TH2",0.819398168268035,30559498.5,0.557773150885954,1.15397757645278e-34,7.79063083836346e-33,3.88353601340481,4.70293418167284,0.701404494382022,0.77283950617284,0.77283950617284,0.071435011790817,"Higher in TH2","pRPC","pRPC",7120,7695
"Rps19","TH2",0.642900417738185,30483245.5,0.556381378174942,3.77761187959945e-34,2.49486628048329e-32,2.79218031107019,3.43508072880837,0.591573033707865,0.669655620532813,0.669655620532813,0.0780825868249483,"Higher in TH2","pRPC","pRPC",7120,7695
"Unc50","TH2",0.26304769027665,29658368,0.541325682078688,6.38950745130933e-34,4.18949431016066e-32,0.517381933903551,0.7804296241802,0.171348314606742,0.253151397011046,0.253151397011046,0.0818030824043045,"Higher in TH2","pRPC","pRPC",7120,7695
"Bach2","TH2",-0.614467740814353,24597234.5,0.448949677303955,3.31400357307014e-33,2.15741632606866e-31,2.30715802862578,1.69269028781143,0.463904494382022,0.374528914879792,0.463904494382022,-0.0893755795022304,"Higher in TH1","pRPC","pRPC",7120,7695
"Aim2","TH2",0.371581247397106,29443066.5,0.537395990757168,4.06821828000723e-33,2.62962704992808e-31,0.512183007619991,0.883764255017097,0.134129213483146,0.206497725795971,0.206497725795971,0.0723685123128253,"Higher in TH2","pRPC","pRPC",7120,7695
"Rit2","TH2",-0.281640470480781,25938424,0.473429120032708,4.12935596222234e-33,2.65034860842918e-31,0.500904269964483,0.219263799483701,0.106039325842697,0.053411306042885,0.106039325842697,-0.0526280197998116,"Higher in TH1","pRPC","pRPC",7120,7695
"Magi1","TH2",-1.60468565620465,24277253,0.443109362565799,4.22240650287396e-33,2.69111978092261e-31,13.1631939156996,11.558508259495,0.945084269662921,0.930214424951267,0.945084269662921,-0.0148698447116543,"Higher in TH1","pRPC","pRPC",7120,7695
"Chd9","TH2",0.903288393966817,30471485.5,0.55616673419921,4.77769215172274e-33,3.00302663936559e-31,4.01401327961562,4.91730167358244,0.682724719101124,0.739311241065627,0.739311241065627,0.0565865219645034,"Higher in TH2","pRPC","pRPC",7120,7695
"Ska1","TH2",-0.285832626508807,25236944.5,0.460625689014463,6.3634891463947e-33,3.97238630686584e-31,0.758427180659926,0.472594554151119,0.236095505617978,0.160233918128655,0.236095505617978,-0.0758615874893226,"Higher in TH1","pRPC","pRPC",7120,7695
"Tm9sf3","TH2",0.518388425719876,30314500.5,0.553301437895613,1.0845994936719e-32,6.67908093603087e-31,1.86188323397795,2.38027165969783,0.474859550561798,0.561143599740091,0.561143599740091,0.0862840491782932,"Higher in TH2","pRPC","pRPC",7120,7695
"Igfbp2","TH2",0.455317655037416,30056455.5,0.548591590555665,1.36498415368865e-32,8.34930575618679e-31,1.17820752550935,1.63352518054677,0.31685393258427,0.405458089668616,0.405458089668616,0.0886041570843463,"Higher in TH2","pRPC","pRPC",7120,7695
"Ano1","TH2",-0.975898189972253,24637095.5,0.449677221820677,3.32283282510611e-32,2.01895322453447e-30,3.13343306300536,2.15753487303311,0.460112359550562,0.383495776478233,0.460112359550562,-0.0766165830723292,"Higher in TH1","pRPC","pRPC",7120,7695
"Ssbp2","TH2",-0.917717602160938,24362064,0.444657336224456,4.32718531082691e-32,2.59757538860811e-30,5.19106185479595,4.27334425263501,0.74691011235955,0.6909681611436,0.74691011235955,-0.0559419512159508,"Higher in TH1","pRPC","pRPC",7120,7695
"4930447C04Rik","TH2",-0.558792058378911,24715099.5,0.451100953851545,4.33214240803635e-32,2.59757538860811e-30,2.04776458418724,1.48897252580832,0.427247191011236,0.338791423001949,0.427247191011236,-0.0884557680092867,"Higher in TH1","pRPC","pRPC",7120,7695
"Pde7b","TH2",-0.568631941650458,25022160.5,0.456705443122997,1.19841437171679e-31,7.1387899240698e-30,1.69801167339453,1.12937973174407,0.309691011235955,0.228589993502274,0.309691011235955,-0.0811010177336808,"Higher in TH1","pRPC","pRPC",7120,7695
"Ctsl","TH2",0.566395384212226,30286955.5,0.552798685488169,1.41392961467827e-31,8.36789253777777e-30,2.02376736397322,2.59016274818545,0.501685393258427,0.582716049382716,0.582716049382716,0.0810306561242891,"Higher in TH2","pRPC","pRPC",7120,7695
"Dpy19l1","TH2",0.428616013384812,30096126,0.549315658059005,3.17241792910161e-31,1.86538174231175e-29,1.34422789121766,1.77284390460247,0.369943820224719,0.455100714749838,0.455100714749838,0.0851568945251184,"Higher in TH2","pRPC","pRPC",7120,7695
"Prkch","TH2",-0.429092231384822,24972701.5,0.455802715538326,6.49724497555696e-31,3.79589042995039e-29,1.35714028984761,0.928048058462789,0.336376404494382,0.255360623781676,0.336376404494382,-0.0810157807127056,"Higher in TH1","pRPC","pRPC",7120,7695
"Tmsb10","TH2",-0.858504228712516,24436901,0.446023264048594,7.37970361393747e-31,4.28398845461313e-29,4.3241129838514,3.46560875513888,0.721348314606742,0.653931124106563,0.721348314606742,-0.0674171905001788,"Higher in TH1","pRPC","pRPC",7120,7695
"Ryk","TH2",0.296628899183511,29685709,0.541824711070227,9.34179265412734e-31,5.35478605344129e-29,0.664097826106918,0.96072672529043,0.211516853932584,0.292267706302794,0.292267706302794,0.0807508523702098,"Higher in TH2","pRPC","pRPC",7120,7695
"Tomm20","TH2",0.357673457308935,29778470.5,0.543517797562988,9.64982090325956e-31,5.49677923201923e-29,0.757437090046312,1.11511054735525,0.242977528089888,0.321377517868746,0.321377517868746,0.0783999897788583,"Higher in TH2","pRPC","pRPC",7120,7695
"Rpl35a","TH2",0.62828192779847,30298284.5,0.553005462835199,1.73257670713691e-30,9.68754853303423e-29,2.70662840241802,3.33491033021649,0.58441011235955,0.659519168291098,0.659519168291098,0.0751090559315476,"Higher in TH2","pRPC","pRPC",7120,7695
"Yipf4","TH2",0.306540385097687,29629126,0.540791955961481,2.09599825082582e-30,1.16481268646503e-28,0.643832291846108,0.950372676943795,0.199719101123596,0.278622482131254,0.278622482131254,0.0789033810076586,"Higher in TH2","pRPC","pRPC",7120,7695
"Mcph1","TH2",-0.478170577330219,24892943,0.454346960305466,3.71581733176209e-30,2.05248237343513e-28,1.60924653149256,1.13107595416234,0.379213483146067,0.300584795321637,0.379213483146067,-0.0786286878244299,"Higher in TH1","pRPC","pRPC",7120,7695
"Hycc1","TH2",0.515504030420596,30007167.5,0.547691984069621,1.71689429135727e-29,9.42637022375313e-28,1.43269590467146,1.94819993509206,0.367556179775281,0.44769330734243,0.44769330734243,0.0801371275671492,"Higher in TH2","pRPC","pRPC",7120,7695
"Rpl41","TH2",0.648698289346029,30272132,0.552528126391718,2.36497628590569e-29,1.29068226764937e-27,3.26534771734768,3.91404600669371,0.645926966292135,0.714749837556855,0.714749837556855,0.0688228712647202,"Higher in TH2","pRPC","pRPC",7120,7695
"Nkd1","TH2",-0.262052225740401,25328574,0.462298114199356,6.28907114208886e-29,3.41182109458321e-27,0.789029226445675,0.526977000705274,0.24747191011236,0.174658869395712,0.24747191011236,-0.072813040716648,"Higher in TH1","pRPC","pRPC",7120,7695
"Rmst","TH2",0.957728148095073,30229453,0.55174914762979,1.13216366827494e-28,6.06972921921047e-27,4.88379023732223,5.8415183854173,0.623174157303371,0.706562703053931,0.706562703053931,0.0833885457505603,"Higher in TH2","pRPC","pRPC",7120,7695
"Maged1","TH2",0.340787283047308,29835005,0.544549667447854,1.22469928668077e-28,6.52743233848452e-27,0.989071196602199,1.32985847964951,0.299297752808989,0.380636777128005,0.380636777128005,0.0813390243190165,"Higher in TH2","pRPC","pRPC",7120,7695
"Hhip","TH2",-0.588060773171229,24845928,0.453488840703507,1.52527616525917e-28,8.08219009893725e-27,2.23558407795296,1.64752330478173,0.439606741573034,0.35906432748538,0.439606741573034,-0.0805424140876536,"Higher in TH1","pRPC","pRPC",7120,7695
"Gm30382","TH2",-0.712897761135451,24811161,0.45285427207219,1.73482903237154e-28,9.13944034741862e-27,2.72052990476956,2.00763214363411,0.461797752808989,0.381026640675763,0.461797752808989,-0.0807711121332253,"Higher in TH1","pRPC","pRPC",7120,7695
"Il1rapl1","TH2",0.800177870096473,29629657.5,0.540801656920078,1.98187219330883e-28,1.03809098677107e-26,1.70004726229678,2.50022513239326,0.224719101123595,0.303573749187784,0.303573749187784,0.0788546480641888,"Higher in TH2","pRPC","pRPC",7120,7695
"Map4","TH2",-0.519916515748792,24802047.5,0.452687932117017,2.04718637657093e-28,1.06617466491814e-26,2.21214638678385,1.69222987103506,0.470224719101124,0.388434048083171,0.470224719101124,-0.0817906710179527,"Higher in TH1","pRPC","pRPC",7120,7695
"Auts2","TH2",-2.21973765867338,24524782.5,0.447627280592242,2.58796452728025e-28,1.33455026798869e-26,18.0021573648359,15.7824197061625,0.92191011235955,0.922936972059779,0.922936972059779,0.00102685970022853,"Higher in TH1","pRPC","pRPC",7120,7695
"Qki","TH2",-0.95581236406967,24542775,0.447955680399501,2.59178623473775e-28,1.33455026798869e-26,5.95354187031584,4.99772950624617,0.788483146067416,0.743729694606888,0.788483146067416,-0.0447534514605282,"Higher in TH1","pRPC","pRPC",7120,7695
"Rplp0","TH2",0.545819262351314,30140448.5,0.550124634046623,3.85621687730301e-28,1.96343914076758e-26,2.40783308096093,2.95365234331224,0.533848314606742,0.607147498375569,0.607147498375569,0.073299183768827,"Higher in TH2","pRPC","pRPC",7120,7695
"Arhgap26","TH2",-0.489086220078055,24833565,0.453263190748407,4.07703527463277e-28,2.06433886072239e-26,2.04872971591656,1.55964349583851,0.462640449438202,0.37491877842755,0.462640449438202,-0.0877216710106519,"Higher in TH1","pRPC","pRPC",7120,7695
"Gm20732","TH2",0.544753430234248,30060032.5,0.548656878098284,4.43280378748183e-28,2.23207589608339e-26,1.9231811873663,2.46793461760055,0.452668539325843,0.532033788174139,0.532033788174139,0.0793652488482963,"Higher in TH2","pRPC","pRPC",7120,7695
"Kbtbd11","TH2",-0.278530021887156,25310143.5,0.461961719999124,4.4861436875162e-28,2.24652272351773e-26,0.844542295770732,0.566012273883576,0.261797752808989,0.188304093567251,0.261797752808989,-0.0734936592417373,"Higher in TH1","pRPC","pRPC",7120,7695
"Foxp2","TH2",1.26705057449655,30215473,0.551493984128027,6.56266482810322e-28,3.26842225373403e-26,6.43826508887014,7.70531566336669,0.695786516853933,0.769070825211176,0.769070825211176,0.0732843083572435,"Higher in TH2","pRPC","pRPC",7120,7695
"Lama1","TH2",-0.538946066213686,24790478,0.452476765154668,6.79058814967233e-28,3.36355545631052e-26,2.27512139901881,1.73617533280512,0.493679775280899,0.414944769330734,0.493679775280899,-0.0787350059501646,"Higher in TH1","pRPC","pRPC",7120,7695
"Rps27a","TH2",0.682271287530187,30189845,0.551026220878872,9.25885724529637e-28,4.56136350992601e-26,3.38480360789593,4.06707489542612,0.656039325842697,0.712930474333983,0.712930474333983,0.0568911484912865,"Higher in TH2","pRPC","pRPC",7120,7695
"Minar2","TH2",0.365429126444806,29707841,0.542228665191902,1.41552804904658e-27,6.93608744032823e-26,0.96071869008771,1.32614781653252,0.26685393258427,0.345679012345679,0.345679012345679,0.0788250797614093,"Higher in TH2","pRPC","pRPC",7120,7695
"Mllt10","TH2",-1.04879124645647,24581866.5,0.448669179972403,2.46499899454695e-27,1.18867729292597e-25,7.84444923153875,6.79565798508228,0.869101123595506,0.836127355425601,0.869101123595506,-0.0329737681699046,"Higher in TH1","pRPC","pRPC",7120,7695
"Akt3","TH2",-1.41836503235991,24603807.5,0.449069647954677,7.19462592784899e-27,3.4511484582324e-25,11.902065378243,10.4837003458831,0.921769662921348,0.90669265756985,0.921769662921348,-0.0150770053514978,"Higher in TH1","pRPC","pRPC",7120,7695
"Igf2bp2","TH2",-0.435884203128373,24997692,0.456258843112776,1.02181757478478e-26,4.85044030030649e-25,1.76256218731775,1.32667798418938,0.404634831460674,0.324626380766732,0.404634831460674,-0.0800084506939425,"Higher in TH1","pRPC","pRPC",7120,7695
"Crim1","TH2",-0.411489784066725,25129831,0.458670649261523,1.11230692600596e-26,5.25262452000949e-25,1.41724596456953,1.00575618050281,0.34311797752809,0.26809616634178,0.34311797752809,-0.0750218111863095,"Higher in TH1","pRPC","pRPC",7120,7695
"Rpl18","TH2",0.559213467468795,30090723.5,0.549217051419644,1.42136422519015e-26,6.6774812105067e-25,2.7331126904619,3.29232615793069,0.580337078651685,0.653151397011046,0.653151397011046,0.0728143183593608,"Higher in TH2","pRPC","pRPC",7120,7695
"Rps23","TH2",0.692833524027594,30145252,0.550212307714772,1.58272388468646e-26,7.39740794104224e-25,4.11564338217439,4.80847690620198,0.723174157303371,0.778687459389214,0.778687459389214,0.055513302085843,"Higher in TH2","pRPC","pRPC",7120,7695
"Aff3","TH2",0.522061780056614,29853017.5,0.544878432295888,1.88612943037627e-26,8.77050185124965e-25,1.65616971415281,2.17823149420942,0.364185393258427,0.442235217673814,0.442235217673814,0.0780498244153872,"Higher in TH2","pRPC","pRPC",7120,7695
"Rpl23a","TH2",0.662650615273106,30114173,0.549645052602376,3.71675076868025e-26,1.71951606628182e-24,3.65158664606029,4.3142372613334,0.690870786516854,0.739961013645224,0.739961013645224,0.0490902271283702,"Higher in TH2","pRPC","pRPC",7120,7695
"Zfp532","TH2",-0.70566922890416,24729817,0.451369578231889,4.89186600859273e-26,2.24042546745297e-24,3.64895129528429,2.94328206638013,0.646769662921348,0.582586094866797,0.646769662921348,-0.0641835680545517,"Higher in TH1","pRPC","pRPC",7120,7695
"Wwtr1","TH2",0.464673463132748,29733151.5,0.542690633418753,5.80494842158903e-26,2.64531499571812e-24,1.29446928182814,1.75914274496089,0.311938202247191,0.389733593242365,0.389733593242365,0.0777953909951742,"Higher in TH2","pRPC","pRPC",7120,7695
"Pmepa1","TH2",1.52371070116052,30125623,0.549854038446094,8.34320764463446e-26,3.78308430214918e-24,11.3558553073242,12.8795660084847,0.928230337078652,0.944509421702404,0.944509421702404,0.0162790846237525,"Higher in TH2","pRPC","pRPC",7120,7695
"Cdin1","TH2",-0.425949860032258,25107488.5,0.45826285308569,9.41675204846209e-26,4.24872664206354e-24,1.67110595366289,1.24515609363063,0.372191011235955,0.295256660168941,0.372191011235955,-0.0769343510670142,"Higher in TH1","pRPC","pRPC",7120,7695
"Basp1","TH2",0.528049729042118,29954621,0.5467329033153,2.62176179463676e-25,1.17131063707448e-23,2.3046373337464,2.83268706278852,0.492134831460674,0.567251461988304,0.567251461988304,0.07511663052763,"Higher in TH2","pRPC","pRPC",7120,7695
"Nckap5","TH2",0.735820753825177,30006315.5,0.547676433332603,2.71216463085497e-25,1.20578870466401e-23,3.29710230172352,4.0329230555487,0.561376404494382,0.628200129954516,0.628200129954516,0.0668237254601339,"Higher in TH2","pRPC","pRPC",7120,7695
"Rere","TH2",-1.06705750053762,24701886.5,0.450859789663505,3.43570274132687e-25,1.51270506205087e-23,7.91242963800445,6.84537213746682,0.86685393258427,0.835607537361923,0.86685393258427,-0.0312463952223464,"Higher in TH1","pRPC","pRPC",7120,7695
"Ptchd1","TH2",0.384298449254171,29490206.5,0.538256391863971,3.4248677840974e-25,1.51270506205087e-23,0.970073784983703,1.35437223423787,0.227808988764045,0.300714749837557,0.300714749837557,0.0729057610735119,"Higher in TH2","pRPC","pRPC",7120,7695
"Rdm1","TH2",-0.272594616086028,25468934,0.464859970358689,3.45683254457459e-25,1.51469095246408e-23,0.868488475045586,0.595893858959558,0.246769662921348,0.178817413905133,0.246769662921348,-0.0679522490162151,"Higher in TH1","pRPC","pRPC",7120,7695
"Bpnt2","TH2",0.364137718479624,29712737,0.542318027173635,6.22502544641782e-25,2.71458765161014e-23,1.1434807544661,1.50761847294572,0.328370786516854,0.404288499025341,0.404288499025341,0.0759177125084872,"Higher in TH2","pRPC","pRPC",7120,7695
"Rasal2","TH2",-0.76837608588935,24796411,0.452585054500588,6.2772445783528e-25,2.72432414700512e-23,4.04785008073476,3.27947399484541,0.636797752808989,0.575438596491228,0.636797752808989,-0.0613591563177607,"Higher in TH1","pRPC","pRPC",7120,7695
"Cep290","TH2",-0.323796963439842,25252464,0.460908951529886,8.37004143558612e-25,3.61538187885933e-23,1.25191237273795,0.928115409298109,0.328651685393258,0.253151397011046,0.328651685393258,-0.0755002883822123,"Higher in TH1","pRPC","pRPC",7120,7695
"Tspan3","TH2",0.620323970920218,30052448,0.548518445510364,8.4176788499817e-25,3.61880778484591e-23,4.08973685838531,4.71006082930553,0.747612359550562,0.791812865497076,0.791812865497076,0.0442005059465141,"Higher in TH2","pRPC","pRPC",7120,7695
"Erlec1","TH2",0.30706507231196,29575936.5,0.539821139146243,1.08997990240878e-24,4.64209197689421e-23,0.914237330516923,1.22130240282888,0.268539325842697,0.344639376218324,0.344639376218324,0.076100050375627,"Higher in TH2","pRPC","pRPC",7120,7695
"Rps13","TH2",0.553508833319939,29992890,0.547431390586329,1.16006418982707e-24,4.91759303538786e-23,2.83455808970721,3.38806692302715,0.597191011235955,0.662768031189084,0.662768031189084,0.0655770199531287,"Higher in TH2","pRPC","pRPC",7120,7695
"Actb","TH2",0.611548053114605,29998132.5,0.54752707689949,1.42459958398458e-24,6.01101880020161e-23,3.21067064509839,3.822218698213,0.620505617977528,0.678752436647173,0.678752436647173,0.0582468186696453,"Higher in TH2","pRPC","pRPC",7120,7695
"Eml5","TH2",0.526972906638512,29886835,0.545495670616408,1.7569913966191e-24,7.3793638658002e-23,2.07796126644612,2.60493417308464,0.471207865168539,0.541780376868096,0.541780376868096,0.0705725116995569,"Higher in TH2","pRPC","pRPC",7120,7695
"Tll1","TH2",0.387365306105711,29336948.5,0.535459120908806,3.48013198789373e-24,1.4549505934708e-22,0.920692453541562,1.30805775964727,0.193820224719101,0.261988304093567,0.261988304093567,0.0681680793744661,"Higher in TH2","pRPC","pRPC",7120,7695
"Rpl34","TH2",0.513421041334865,29966229,0.546944772981142,3.82881588153414e-24,1.59341680110969e-22,2.93443905263649,3.44786009397136,0.597191011235955,0.672514619883041,0.672514619883041,0.0753236086470859,"Higher in TH2","pRPC","pRPC",7120,7695
"Ddx39b","TH2",0.439896241870585,29888690,0.545529528148294,8.13819759668802e-24,3.35617795910473e-22,2.03519158073139,2.47508782260197,0.514466292134831,0.5819363222872,0.5819363222872,0.0674700301523681,"Higher in TH2","pRPC","pRPC",7120,7695
"Rps15","TH2",0.61589225595722,29960075,0.546832449934658,1.14358683562525e-23,4.69488757652637e-22,3.34648387892423,3.96237613488145,0.654213483146067,0.707212475633528,0.707212475633528,0.0529989924874609,"Higher in TH2","pRPC","pRPC",7120,7695
"Pcmt1","TH2",0.365447235943723,29683582,0.5417858889838,1.21017287963825e-23,4.94597113229732e-22,1.26830408682925,1.63375132277297,0.350702247191011,0.423391812865497,0.423391812865497,0.0726895656744859,"Higher in TH2","pRPC","pRPC",7120,7695
"H1f4","TH2",-0.626519800563198,24830637.5,0.453209757904958,1.22505091206949e-23,4.98442589848275e-22,4.25941797156487,3.63289817100167,0.707724719101124,0.654970760233918,0.707724719101124,-0.0527539588672055,"Higher in TH1","pRPC","pRPC",7120,7695
"Unc5c","TH2",0.801947619928209,29688660,0.541878572836586,1.33148139421953e-23,5.39338730085192e-22,2.70949785603939,3.5114454759676,0.353511235955056,0.429239766081871,0.429239766081871,0.0757285301268152,"Higher in TH2","pRPC","pRPC",7120,7695
"Malat1","TH2",-11.608679192147,24794303.5,0.452546588328916,1.58288713771382e-23,6.38337759872734e-22,188.6108238509,177.002144658753,1,1,1,0,"Higher in TH1","pRPC","pRPC",7120,7695
"Ncam1","TH2",-2.03775013164001,24798787,0.452628421344664,1.88345044746745e-23,7.56201206088912e-22,27.8445483862487,25.8067982546087,0.993539325842697,0.995321637426901,0.995321637426901,0.00178231158420394,"Higher in TH1","pRPC","pRPC",7120,7695
"Tcf7l2","TH2",-0.887748296368557,24818236.5,0.452983414372385,1.92140985446962e-23,7.68058307615618e-22,5.70776105345277,4.82001275708421,0.778089887640449,0.735412605588044,0.778089887640449,-0.0426772820524052,"Higher in TH1","pRPC","pRPC",7120,7695
"Rfx3","TH2",-0.759613318319561,24834056,0.453272152499434,3.02644718776313e-23,1.20449954887656e-21,5.51554694682829,4.75593362850873,0.764466292134831,0.71591942820013,0.764466292134831,-0.0485468639347014,"Higher in TH1","pRPC","pRPC",7120,7695
"Thsd4","TH2",-0.547584191003209,25206946,0.460078155229939,4.03655519412081e-23,1.59952887127031e-21,2.07012649439338,1.52254230339017,0.383005617977528,0.313060428849903,0.383005617977528,-0.0699451891276255,"Higher in TH1","pRPC","pRPC",7120,7695
"Rps8","TH2",0.863578344806094,29960077,0.546832486438735,5.31212193798398e-23,2.09587356462277e-21,6.74670988080235,7.61028822560845,0.857865168539326,0.886809616634178,0.886809616634178,0.0289444480948522,"Higher in TH2","pRPC","pRPC",7120,7695
"Gnaq","TH2",-0.783243700054166,24847848,0.453523884617912,6.41232089744039e-23,2.5190470973824e-21,5.50799122208505,4.72474752203088,0.78497191011236,0.741520467836257,0.78497191011236,-0.0434514422761022,"Higher in TH1","pRPC","pRPC",7120,7695
"Srsf2","TH2",-0.690182645451817,24858735,0.453722594563813,7.15104134838879e-23,2.79719274030967e-21,4.49502340589694,3.80484076044512,0.755898876404494,0.706302794022092,0.755898876404494,-0.0495960823824021,"Higher in TH1","pRPC","pRPC",7120,7695
"Pard3bos1","TH2",-0.356083118840576,25214256.5,0.460211586759241,9.50509033138281e-23,3.68635716086055e-21,1.51245901966627,1.1563759008257,0.390168539325843,0.31825860948668,0.390168539325843,-0.071909929839163,"Higher in TH1","pRPC","pRPC",7120,7695
"Slc2a1","TH2",-0.635260314576641,24899147.5,0.454460205079907,1.2966113242781e-22,5.00733712265705e-21,3.74477741211797,3.10951709754133,0.687219101123596,0.636647173489279,0.687219101123596,-0.0505719276343167,"Higher in TH1","pRPC","pRPC",7120,7695
"Cux1","TH2",-1.01568296703092,24851848,0.453596892772923,1.35482188663428e-22,5.21006188809487e-21,8.84405745153001,7.82837448449909,0.901825842696629,0.881481481481482,0.901825842696629,-0.0203443612151477,"Higher in TH1","pRPC","pRPC",7120,7695
"Cdk6","TH2",-0.703504688178757,24929063,0.455006223945215,1.7081761016192e-22,6.54130965972998e-21,3.97162080652513,3.26811611834638,0.645926966292135,0.588823911630929,0.645926966292135,-0.0571030546612057,"Higher in TH1","pRPC","pRPC",7120,7695
"Erbin","TH2",-0.60646786900845,24911456,0.454684860298895,2.2079599660794e-22,8.41981051499902e-21,3.92844015778983,3.32197228878138,0.692275280898876,0.638336582196231,0.692275280898876,-0.053938698702645,"Higher in TH1","pRPC","pRPC",7120,7695
"Rps16","TH2",0.61150374705446,29891225.5,0.545575806192552,2.88061581004697e-22,1.08040874455836e-20,3.87015855890742,4.48166230596188,0.693820224719101,0.749577647823262,0.749577647823262,0.0557574231041608,"Higher in TH2","pRPC","pRPC",7120,7695
"Rpl17","TH2",0.573190459955844,29886310.5,0.545486097422082,2.88006659805881e-22,1.08040874455836e-20,3.49643794774308,4.06962840769892,0.677106741573034,0.734632878492528,0.734632878492528,0.0575261369194938,"Higher in TH2","pRPC","pRPC",7120,7695
"Sipa1l1","TH2",-0.792465679457021,24899531.5,0.454467213862788,3.91804523983403e-22,1.45751282921826e-20,5.42333815699907,4.63087247754205,0.768820224719101,0.720857699805068,0.768820224719101,-0.047962524914033,"Higher in TH1","pRPC","pRPC",7120,7695
"Jarid2","TH2",-0.414501908725674,25113801,0.458378069080316,5.21468510384399e-22,1.91639677566267e-20,2.11916990193636,1.70466799321068,0.481039325842697,0.406497725795971,0.481039325842697,-0.0745416000467252,"Higher in TH1","pRPC","pRPC",7120,7695
"Pde3a","TH2",0.384970706766624,29584489.5,0.539977248833695,6.74219364880764e-22,2.44814155040768e-20,1.82758054572038,2.21255125248701,0.34311797752809,0.42261208576998,0.42261208576998,0.0794941082418906,"Higher in TH2","pRPC","pRPC",7120,7695
"Pkp4","TH2",0.829189669547852,29877335,0.545322276248257,7.03891709646682e-22,2.54574168322217e-20,5.33351845230683,6.16270812185468,0.73061797752809,0.789213775178687,0.789213775178687,0.0585957976505975,"Higher in TH2","pRPC","pRPC",7120,7695
"Rorb","TH2",-5.12974565893322,24895659,0.454396532842719,7.50240659406399e-22,2.70264560072329e-20,65.2488850775798,60.1191394186465,0.996769662921348,0.997270955165692,0.997270955165692,0.000501292244343698,"Higher in TH1","pRPC","pRPC",7120,7695
"Hnrnph1","TH2",-0.781983981923623,24912565.5,0.454705110935892,1.31211364598386e-21,4.67510928800109e-20,7.39475549716673,6.6127715152431,0.89747191011236,0.873554256010396,0.89747191011236,-0.0239176541019632,"Higher in TH1","pRPC","pRPC",7120,7695
"Selenof","TH2",0.39631348830708,29698446.5,0.542057196413839,1.31317531021317e-21,4.67510928800109e-20,1.63516476136963,2.03147824967671,0.448595505617978,0.512540610786225,0.512540610786225,0.0639451051682473,"Higher in TH2","pRPC","pRPC",7120,7695
"Rpl27a","TH2",0.496897752104479,29831218,0.544480546977097,1.36516942837154e-21,4.84130512458296e-20,3.28454808633792,3.7814458384424,0.639466292134831,0.696296296296296,0.696296296296296,0.0568300041614649,"Higher in TH2","pRPC","pRPC",7120,7695
"Ndfip1","TH2",0.512081890147614,29821290,0.54429934073636,1.38421916780548e-21,4.88983468813144e-20,3.00301471160307,3.51509660175069,0.614606741573034,0.677842755035738,0.677842755035738,0.0632360134627038,"Higher in TH2","pRPC","pRPC",7120,7695
"Frmd5","TH2",-0.785257184552425,25019330.5,0.456653789853327,1.67974916837245e-21,5.91090112762415e-20,4.06839012484216,3.28313294028974,0.59873595505618,0.539441195581546,0.59873595505618,-0.0592947594746334,"Higher in TH1","pRPC","pRPC",7120,7695
"Yeats2","TH2",0.366624638305238,29688352,0.54187295120865,1.76435089262476e-21,6.16103219746439e-20,1.77001782803971,2.13664246634495,0.442134831460674,0.5137102014295,0.5137102014295,0.0715753699688255,"Higher in TH2","pRPC","pRPC",7120,7695
"Rps20","TH2",0.599954850967515,29824972.5,0.544366553869067,1.9759852816057e-21,6.87371368570777e-20,3.250173037941,3.85012788890852,0.651685393258427,0.702014294996751,0.702014294996751,0.0503289017383242,"Higher in TH2","pRPC","pRPC",7120,7695
"Nrxn1","TH2",0.257032931416775,28786011,0.525403388308474,2.14702178051358e-21,7.44028764547557e-20,0.457940713442453,0.714973644859228,0.0932584269662921,0.143859649122807,0.143859649122807,0.0506012221565149,"Higher in TH2","pRPC","pRPC",7120,7695
"Astn1","TH2",-0.373198049959394,25488690.5,0.465220566762307,2.15876740969076e-21,7.45265385300061e-20,1.26220188988132,0.889003839921921,0.294241573033708,0.228719948018194,0.294241573033708,-0.0655216250155142,"Higher in TH1","pRPC","pRPC",7120,7695
"Fat3","TH2",-1.36411319976157,24928796.5,0.455001359776887,2.21575163868248e-21,7.62051337168005e-20,10.1758952391309,8.81178203936932,0.864466292134832,0.841585445094217,0.864466292134832,-0.0228808470406144,"Higher in TH1","pRPC","pRPC",7120,7695
"Atf7ip","TH2",0.553596656411318,29771940,0.543398602623913,2.66139465396927e-21,9.11877852491578e-20,2.82629955266638,3.3798962090777,0.55688202247191,0.620012995451592,0.620012995451592,0.0631309729796818,"Higher in TH2","pRPC","pRPC",7120,7695
"Ano3","TH2",0.449995164055136,28456841.5,0.519395373838258,3.77434098837747e-21,1.28355760328628e-19,0.328181393936498,0.778176557991634,0.0470505617977528,0.0851202079272255,0.0851202079272255,0.0380696461294727,"Higher in TH2","pRPC","pRPC",7120,7695
"Spast","TH2",0.306887924841086,29425706,0.537079126238401,3.92206640170485e-21,1.3288369213806e-19,0.998040999319208,1.30492892416029,0.28497191011236,0.35217673814165,0.35217673814165,0.0672048280292908,"Higher in TH2","pRPC","pRPC",7120,7695
"Galnt13","TH2",2.15468412729102,29845905.5,0.544748623796278,4.23948492546644e-21,1.42578101884506e-19,23.9634679723792,26.1181520996703,0.977808988764045,0.979987004548408,0.979987004548408,0.00217801578436305,"Higher in TH2","pRPC","pRPC",7120,7695
"Khdrbs2","TH2",-0.718445139037808,25194646,0.459853655153281,5.30905742789432e-21,1.77316404875569e-19,2.85245257388705,2.13400743484925,0.455758426966292,0.394671864847303,0.455758426966292,-0.0610865621189887,"Higher in TH1","pRPC","pRPC",7120,7695
"Kifc1","TH2",-0.309058536650847,25623821,0.467686973884983,5.31132088336959e-21,1.77316404875569e-19,0.897381556959245,0.588323020308398,0.249578651685393,0.191163092917479,0.249578651685393,-0.0584155587679144,"Higher in TH1","pRPC","pRPC",7120,7695
"Fto","TH2",-0.626409053047593,25006161.5,0.456413428754992,5.95366194496822e-21,1.98035310096498e-19,3.7459620130093,3.11955295996171,0.673876404494382,0.621832358674464,0.673876404494382,-0.0520440458199181,"Higher in TH1","pRPC","pRPC",7120,7695
"Ctnnd2","TH2",-1.4319568189346,24957484,0.455524965138606,7.3096015485057e-21,2.41375755482177e-19,15.839084398712,14.4071275797774,0.964466292134831,0.952046783625731,0.964466292134831,-0.0124195085091005,"Higher in TH1","pRPC","pRPC",7120,7695
"Slc25a3","TH2",0.295950485165017,29470602.5,0.537898578896263,7.29317512176618e-21,2.41375755482177e-19,1.07992486040212,1.37587534556713,0.313483146067416,0.384795321637427,0.384795321637427,0.0713121755700112,"Higher in TH2","pRPC","pRPC",7120,7695
"Zfp407","TH2",-0.599709025782859,25051476,0.457240510765052,9.71218771871263e-21,3.19555519380314e-19,3.56041654713541,2.96070752135255,0.618539325842697,0.560363872644574,0.618539325842697,-0.0581754531981222,"Higher in TH1","pRPC","pRPC",7120,7695
"Nisch","TH2",-0.370071380412711,25219983,0.460316107059158,1.272258145913e-20,4.17099307260831e-19,1.75507559446366,1.38500421405095,0.456601123595506,0.38856400259909,0.456601123595506,-0.0680371209964153,"Higher in TH1","pRPC","pRPC",7120,7695
"Rer1","TH2",0.275395023408564,29397064.5,0.536556360470465,1.37446442350674e-20,4.4899171167887e-19,0.913403190311417,1.18879821371998,0.283988764044944,0.352956465237167,0.352956465237167,0.0689677011922232,"Higher in TH2","pRPC","pRPC",7120,7695
"Gli1","TH2",-0.25006942728137,25649289,0.468151816807937,1.5499618848764e-20,5.00934490027074e-19,0.822809853805755,0.572740426524385,0.249578651685393,0.18856400259909,0.249578651685393,-0.0610146490863029,"Higher in TH1","pRPC","pRPC",7120,7695
"Nol4","TH2",0.72616705906795,29760736,0.543194106781728,1.77038181519532e-20,5.70150525218732e-19,4.1357239660008,4.86189102506875,0.633988764044944,0.69330734243015,0.69330734243015,0.0593185783852056,"Higher in TH2","pRPC","pRPC",7120,7695
"Abca5","TH2",0.404225325418667,29674334.5,0.541617103255434,1.86947079253538e-20,5.99942140956601e-19,2.18533550507445,2.58956083049312,0.490308988764045,0.561793372319688,0.561793372319688,0.0714843835556431,"Higher in TH2","pRPC","pRPC",7120,7695
"Rpl23","TH2",0.559077668601815,29773758.5,0.543431793956385,2.27854159826355e-20,7.28653618476279e-19,3.98072344788244,4.53980111648426,0.70126404494382,0.742170240415854,0.742170240415854,0.0409061954720342,"Higher in TH2","pRPC","pRPC",7120,7695
"Kif3a","TH2",0.402747219870755,29553157,0.539405366829475,2.34040057840963e-20,7.45818561944942e-19,1.47655031423043,1.87929753410118,0.3875,0.45237166991553,0.45237166991553,0.0648716699155296,"Higher in TH2","pRPC","pRPC",7120,7695
"Depdc1b","TH2",0.31581822238568,29140765,0.53187837206416,3.60778349621201e-20,1.14569124684586e-18,0.653239989370785,0.969058211756465,0.193960674157303,0.251981806367771,0.251981806367771,0.0580211322104679,"Higher in TH2","pRPC","pRPC",7120,7695
"Rpl9","TH2",0.497570676556932,29738550,0.54278916704996,3.66503595528883e-20,1.15983117001745e-18,3.20645211056922,3.70402278712616,0.626404494382023,0.689668615984405,0.689668615984405,0.0632641216023829,"Higher in TH2","pRPC","pRPC",7120,7695
"Timm23","TH2",0.314215601583816,29460813.5,0.537719909688912,4.3481389522756e-20,1.37124354363459e-18,1.22715114450436,1.54136674608818,0.332724719101124,0.403508771929825,0.403508771929825,0.0707840528287009,"Higher in TH2","pRPC","pRPC",7120,7695
"Tshr","TH2",0.424734982346262,29395289.5,0.536523963101678,4.54534868297912e-20,1.42358446380315e-18,1.36144693764721,1.78618191999347,0.297752808988764,0.365692007797271,0.365692007797271,0.0679391988085069,"Higher in TH2","pRPC","pRPC",7120,7695
"Egfr","TH2",0.269086927185096,28928468.5,0.528003528119091,5.36554928511311e-20,1.66332027838506e-18,0.505176128620571,0.774263055805666,0.135393258426966,0.189863547758285,0.189863547758285,0.0544702893313183,"Higher in TH2","pRPC","pRPC",7120,7695
"Rps28","TH2",0.474615664175841,29687742.5,0.54186182659103,8.07439202992109e-20,2.47777807948487e-18,2.62880569624671,3.10342136042256,0.569943820224719,0.630019493177388,0.630019493177388,0.0600756729526688,"Higher in TH2","pRPC","pRPC",7120,7695
"Syt11","TH2",-0.344855341486803,25388151.5,0.463385525038147,8.39852700656747e-20,2.5685964811361e-18,1.46072974573004,1.11587440424324,0.378511235955056,0.31124106562703,0.378511235955056,-0.0672701703280257,"Higher in TH1","pRPC","pRPC",7120,7695
"Tspan15","TH2",0.44442208650559,29678464.5,0.541692484175482,8.4743844672821e-20,2.58312842925783e-18,2.41359078769733,2.85801287420292,0.55814606741573,0.615594541910331,0.615594541910331,0.057448474494601,"Higher in TH2","pRPC","pRPC",7120,7695
"Itgb3bp","TH2",-0.400881628896731,25269791.5,0.461225213731374,8.88341788013947e-20,2.68981629766084e-18,2.00506187792225,1.60418024902552,0.455898876404494,0.387654320987654,0.455898876404494,-0.06824455541684,"Higher in TH1","pRPC","pRPC",7120,7695
"Pdia6","TH2",-0.409911895182422,25135157,0.45876785961992,1.2215918075063e-19,3.66236438605671e-18,2.67631488499791,2.26640298981549,0.599297752808989,0.533073424301495,0.599297752808989,-0.0662243285074943,"Higher in TH1","pRPC","pRPC",7120,7695
"Srpk2","TH2",0.480656363300915,29639773,0.540986285418081,1.30030655556646e-19,3.88557178604353e-18,2.33630818131087,2.81696454461179,0.516151685393258,0.578817413905133,0.578817413905133,0.0626657285118748,"Higher in TH2","pRPC","pRPC",7120,7695
"Slc4a7","TH2",-0.55804915465282,25115359,0.458406505756693,1.46980458507878e-19,4.36345243922085e-18,3.42033579606368,2.86228664141086,0.634550561797753,0.575958414554906,0.634550561797753,-0.058592147242847,"Higher in TH1","pRPC","pRPC",7120,7695
"Rps26","TH2",0.466679664305589,29703376.5,0.54214717896489,1.50333963183332e-19,4.44851863783405e-18,3.38768476813081,3.8543644324364,0.639185393258427,0.695906432748538,0.695906432748538,0.0567210394901111,"Higher in TH2","pRPC","pRPC",7120,7695
"Gpc4","TH2",0.319967130624803,29185369,0.532692486000686,2.49681284542061e-19,7.29357444652674e-18,0.848721918293859,1.16868904891866,0.223595505617978,0.284600389863548,0.284600389863548,0.0610048842455702,"Higher in TH2","pRPC","pRPC",7120,7695
"Hif1a","TH2",0.555431683553687,29682672.5,0.541769288754554,3.15056187059551e-19,9.14465633395143e-18,3.3609215339669,3.91635321752059,0.640449438202247,0.694866796621183,0.694866796621183,0.0544173584189354,"Higher in TH2","pRPC","pRPC",7120,7695
"Cox6a1","TH2",0.259218075305978,29366585.5,0.53600005658132,3.29592178999682e-19,9.53620037905748e-18,1.11933048367104,1.37854855897702,0.305898876404494,0.377647823261858,0.377647823261858,0.071748946857364,"Higher in TH2","pRPC","pRPC",7120,7695
"Gpm6a","TH2",0.843115144272154,29716445.5,0.54238571485935,3.70827718303993e-19,1.06953285589322e-17,6.67775361873858,7.52086876301073,0.829213483146067,0.859909031838856,0.859909031838856,0.0306955486927889,"Higher in TH2","pRPC","pRPC",7120,7695
"Tle4","TH2",0.565504793395713,29674146.5,0.541613671872148,3.92892089962277e-19,1.12959574382214e-17,3.67017315620358,4.2356779495993,0.630477528089888,0.692917478882391,0.692917478882391,0.0624399507925035,"Higher in TH2","pRPC","pRPC",7120,7695
"Mpped2","TH2",0.382631436236244,29296935.5,0.534728802082193,4.69854379001809e-19,1.34662038057311e-17,1.21096829858674,1.59359973482298,0.277106741573034,0.342170240415854,0.342170240415854,0.0650634988428208,"Higher in TH2","pRPC","pRPC",7120,7695
"Rxylt1","TH2",0.277114399433936,29283838.5,0.534489755130648,5.13803558943912e-19,1.46796414928364e-17,0.948863844750687,1.22597824418462,0.272331460674157,0.336192332683561,0.336192332683561,0.0638608720094034,"Higher in TH2","pRPC","pRPC",7120,7695
"Ercc6l2","TH2",-0.319308922456065,25408899,0.463764209212169,5.23624599330219e-19,1.48670236707029e-17,1.63292266618945,1.31361374373339,0.39311797752809,0.323976608187135,0.39311797752809,-0.0691413693409554,"Higher in TH1","pRPC","pRPC",7120,7695
"Mbnl2","TH2",0.65577904077962,29695661,0.542006355359894,5.25707734175545e-19,1.48798145629687e-17,4.88223621010386,5.53801525088348,0.737921348314607,0.790253411306043,0.790253411306043,0.0523320629914361,"Higher in TH2","pRPC","pRPC",7120,7695
"Gnas","TH2",0.455681536811209,29648991.5,0.541154541837323,5.78904807811225e-19,1.63347938649892e-17,2.97034740738658,3.42602894419779,0.600421348314607,0.65899935022742,0.65899935022742,0.0585780019128137,"Higher in TH2","pRPC","pRPC",7120,7695
"Cadps2","TH2",0.327069979246825,29247747.5,0.533831020800023,8.42708063823109e-19,2.36321270574887e-17,1.13703906318474,1.46410904243157,0.261095505617978,0.324106562703054,0.324106562703054,0.0630110570850764,"Higher in TH2","pRPC","pRPC",7120,7695
"Rpl13","TH2",0.613028725115424,29681463.5,0.541747222039702,1.20261039620462e-18,3.36214452484935e-17,5.67021071576255,6.28323944087797,0.816432584269663,0.84990253411306,0.84990253411306,0.0334699498433975,"Higher in TH2","pRPC","pRPC",7120,7695
"Rpl32","TH2",0.500109420650739,29646852,0.541115491600412,1.25924878223391e-18,3.50972275268498e-17,3.35151021087569,3.85161963152643,0.650280898876405,0.703833658219623,0.703833658219623,0.0535527593432187,"Higher in TH2","pRPC","pRPC",7120,7695
"Tafa1","TH2",-2.42358120731011,25106974,0.458253462411751,1.37932085410107e-18,3.82101223838211e-17,18.6311959284193,16.2076147211091,0.904073033707865,0.887589343729695,0.904073033707865,-0.0164836899781706,"Higher in TH1","pRPC","pRPC",7120,7695
"Spc25","TH2",0.442857192382186,29455011.5,0.537614011360069,1.63171990355585e-18,4.49289885226828e-17,1.7259803466473,2.16883753902949,0.398174157303371,0.458609486679662,0.458609486679662,0.0604353293762913,"Higher in TH2","pRPC","pRPC",7120,7695
"Camkmt","TH2",-0.445822874490543,25441986,0.464368114418381,2.35401735797254e-18,6.46220307245836e-17,2.03154449234868,1.58572161785813,0.39311797752809,0.329174788823912,0.39311797752809,-0.0639431887041783,"Higher in TH1","pRPC","pRPC",7120,7695
"Rims2","TH2",-0.358862508443451,25761053.5,0.470191746793117,2.40995029736304e-18,6.59148381583275e-17,1.13511498176945,0.776252473325996,0.243960674157303,0.18856400259909,0.243960674157303,-0.0553966715582131,"Higher in TH1","pRPC","pRPC",7120,7695
"Rps10","TH2",0.56373487612546,29636244,0.540921873973323,3.22593160006343e-18,8.776459881486e-17,4.04879715215106,4.61253202827652,0.711657303370786,0.753476283300845,0.753476283300845,0.0418189799300582,"Higher in TH2","pRPC","pRPC",7120,7695
"Gsk3b","TH2",-0.690508829947007,25158720.5,0.45919794153507,4.59225100007121e-18,1.23906654331199e-16,5.21207413239394,4.52156530244693,0.766994382022472,0.734243014944769,0.766994382022472,-0.0327513670777027,"Higher in TH1","pRPC","pRPC",7120,7695
"Golm2","TH2",0.289951655182897,29324202,0.535226471296844,4.59517765678576e-18,1.23906654331199e-16,1.25242119566188,1.54237285084478,0.321769662921348,0.388953866146849,0.388953866146849,0.0671842032255003,"Higher in TH2","pRPC","pRPC",7120,7695
"Ptbp2","TH2",0.776872103840174,29638997,0.540972121836009,5.84107802548918e-18,1.57037124260497e-16,7.45382692175351,8.23069902559368,0.888202247191011,0.905653021442495,0.905653021442495,0.0174507742514839,"Higher in TH2","pRPC","pRPC",7120,7695
"Ppm1d","TH2",0.296157148012026,29234209,0.53358391557337,6.64795751842206e-18,1.78204367126172e-16,1.00269396145121,1.29885110946324,0.279634831460674,0.340740740740741,0.340740740740741,0.0611059092800666,"Higher in TH2","pRPC","pRPC",7120,7695
"Akap13","TH2",-0.6816797133535,25176867.5,0.459529161282315,8.71558851740843e-18,2.32262788735849e-16,5.40780612508557,4.72612641173207,0.771769662921348,0.736972059779077,0.771769662921348,-0.034797603142271,"Higher in TH1","pRPC","pRPC",7120,7695
"Rplp2","TH2",0.485227546685489,29579829.5,0.539892194333107,9.93821787807991e-18,2.64072646474695e-16,3.13928013631461,3.6245076830001,0.631039325842697,0.685510071474984,0.685510071474984,0.0544707456322872,"Higher in TH2","pRPC","pRPC",7120,7695
"Gm16599","TH2",-0.483677144193018,25307556.5,0.461914501974871,1.07518546045685e-17,2.8403595033634e-16,2.5248854418707,2.04120829767769,0.532162921348315,0.476153346328785,0.532162921348315,-0.0560095750195296,"Higher in TH1","pRPC","pRPC",7120,7695
"Rpl18a","TH2",0.472074539739816,29531665.5,0.539013103138621,1.34196190888673e-17,3.51455196482577e-16,2.51593164325934,2.98800618299915,0.550140449438202,0.608187134502924,0.608187134502924,0.0580466850647217,"Higher in TH2","pRPC","pRPC",7120,7695
"Sorbs2","TH2",1.29212684002839,29613722,0.540510801556534,1.39990690785676e-17,3.65580273874111e-16,12.4000446208595,13.6921714608879,0.921629213483146,0.940350877192982,0.940350877192982,0.0187216637098364,"Higher in TH2","pRPC","pRPC",7120,7695
"Pbx3","TH2",-0.853699101826413,25295592.5,0.461696134583233,1.59791683758141e-17,4.160975445062e-16,4.56676729378792,3.71306819196151,0.55941011235955,0.505003248862898,0.55941011235955,-0.0544068634966526,"Higher in TH1","pRPC","pRPC",7120,7695
"Rps25","TH2",0.448447727192301,29508832,0.53859634521176,2.4331971792274e-17,6.28219804291176e-16,2.38698462905955,2.83543235625185,0.540168539325843,0.60012995451592,0.60012995451592,0.0599614151900767,"Higher in TH2","pRPC","pRPC",7120,7695
"Pde3b","TH2",-0.516558242600191,25323240.5,0.462200766950668,2.68159516983713e-17,6.86518493761112e-16,2.95538866116344,2.43883041856325,0.544662921348315,0.487589343729695,0.544662921348315,-0.05707357761862,"Higher in TH1","pRPC","pRPC",7120,7695
"Top1","TH2",-0.401816883395516,25344167.5,0.462582727365647,2.70567476049186e-17,6.90742850619688e-16,2.5865641534895,2.18474727009399,0.525421348314607,0.459649122807018,0.525421348314607,-0.0657722255075892,"Higher in TH1","pRPC","pRPC",7120,7695
"Col9a1","TH2",0.822457666397035,29552299,0.539389706580225,2.92828130489764e-17,7.44776832491371e-16,4.43707298621315,5.25953065261019,0.648174157303371,0.692137751786875,0.692137751786875,0.0439635944835038,"Higher in TH2","pRPC","pRPC",7120,7695
"Rpl30","TH2",0.510178016969022,29536016,0.539092508633214,2.93367218416066e-17,7.44776832491371e-16,2.88748600047702,3.39766401744604,0.605056179775281,0.655880441845354,0.655880441845354,0.0508242620700732,"Higher in TH2","pRPC","pRPC",7120,7695
"Phlpp1","TH2",-0.740648012973849,25205079,0.460044078673588,3.03184069812511e-17,7.67561003408674e-16,6.60373371629661,5.86308570332276,0.826825842696629,0.796751137102014,0.826825842696629,-0.0300747055946149,"Higher in TH1","pRPC","pRPC",7120,7695
"Gm29266","TH2",-0.898657775275397,25340096.5,0.462508423315884,3.18006126929057e-17,8.02855357571032e-16,3.89118380902911,2.99252603375371,0.525702247191011,0.477972709551657,0.525702247191011,-0.0477295376393543,"Higher in TH1","pRPC","pRPC",7120,7695
"Pitpnc1","TH2",-0.405914114453781,25633552.5,0.467864593600105,3.27756384271218e-17,8.24277426252003e-16,1.53126527316205,1.12535115870826,0.321348314606742,0.263287849252762,0.321348314606742,-0.05806046535398,"Higher in TH1","pRPC","pRPC",7120,7695
"Rpl31","TH2",0.323141121964232,29417460,0.536928619926846,4.59610048092266e-17,1.14763999405833e-15,1.81274195775764,2.13588307972188,0.445505617977528,0.509421702404159,0.509421702404159,0.0639160844266304,"Higher in TH2","pRPC","pRPC",7120,7695
"Mb21d2","TH2",-0.403458566916664,25528224.5,0.465942142862358,4.62493178008372e-17,1.15168383179462e-15,1.70273459567589,1.29927602875922,0.383988764044944,0.325925925925926,0.383988764044944,-0.0580628381190179,"Higher in TH1","pRPC","pRPC",7120,7695
"Nf1","TH2",-0.761825079722347,25227114.5,0.460446271473524,5.79706425220817e-17,1.43963061565736e-15,6.1490061586919,5.38718107896955,0.809831460674157,0.777647823261858,0.809831460674157,-0.032183637412299,"Higher in TH1","pRPC","pRPC",7120,7695
"Dst","TH2",0.395346035617263,29411048.5,0.536811596980383,5.85488601030559e-17,1.45003888853058e-15,1.88162690889735,2.27697294451462,0.445365168539326,0.510461338531514,0.510461338531514,0.0650961699921881,"Higher in TH2","pRPC","pRPC",7120,7695
"Xist","TH2",-2.81752016495312,25748365.5,0.469960164925422,8.38891845635484e-17,2.05528502180694e-15,12.763493039058,9.94597287410486,0.280196629213483,0.221572449642625,0.280196629213483,-0.0586241795708581,"Higher in TH1","pRPC","pRPC",7120,7695
"Plekha1","TH2",0.415705339009267,29321200.5,0.535171687802528,8.6226943016407e-17,2.10689640389151e-15,1.57605351355003,1.9917588525593,0.377387640449438,0.43638726445744,0.43638726445744,0.0589996240080017,"Higher in TH2","pRPC","pRPC",7120,7695
"Tox2","TH2",-0.640529819890386,25255004,0.460955311708318,1.30716932474564e-16,3.14341457143317e-15,5.31082632843544,4.67029650854506,0.792837078651685,0.756205328135153,0.792837078651685,-0.0366317505165327,"Higher in TH1","pRPC","pRPC",7120,7695
"Tgfb2","TH2",-0.619303730147993,25307258,0.461909053741303,1.76899290157153e-16,4.18768865062934e-15,3.96277235271103,3.34346862256304,0.652387640449438,0.607667316439246,0.652387640449438,-0.0447203240101919,"Higher in TH1","pRPC","pRPC",7120,7695
"Fbxl7","TH2",-0.503508350935409,25618663.5,0.467592838995116,2.11708755637101e-16,4.96018920019675e-15,2.05017419836842,1.54666584743302,0.353370786516854,0.296036387264457,0.353370786516854,-0.0573343992523965,"Higher in TH1","pRPC","pRPC",7120,7695
"Ywhaq","TH2",-0.485151844167127,25340945.5,0.462523919296785,2.17490536720901e-16,5.08258654275459e-15,3.01872942721198,2.53357758304485,0.601123595505618,0.554126055880442,0.601123595505618,-0.0469975396251762,"Higher in TH1","pRPC","pRPC",7120,7695
"Eef1b2","TH2",0.295976572940164,29352811,0.535748643873521,2.32243991666461e-16,5.41348271112053e-15,1.69941059840066,1.99538717134082,0.426404494382022,0.491098115659519,0.491098115659519,0.0646936212774967,"Higher in TH2","pRPC","pRPC",7120,7695
"Dpm3","TH2",0.266922663269698,29148364,0.532017069306641,3.63943623600588e-16,8.46168924871368e-15,0.986017960767329,1.25294062403703,0.289466292134831,0.347238466536712,0.347238466536712,0.0577721744018807,"Higher in TH2","pRPC","pRPC",7120,7695
"Igf2bp3","TH2",-0.367256726331433,25487873.5,0.465205654846646,3.93317301283402e-16,9.12135848319827e-15,2.03079897258016,1.66354224624872,0.457443820224719,0.396491228070175,0.457443820224719,-0.0609525921545436,"Higher in TH1","pRPC","pRPC",7120,7695
"Colgalt2","TH2",-0.260201870858725,25725022,0.469534098458798,5.17339394952322e-16,1.19066445595845e-14,1.21097535523339,0.950773484374666,0.310252808988764,0.251851851851852,0.310252808988764,-0.0584009571369122,"Higher in TH1","pRPC","pRPC",7120,7695
"Setd5","TH2",-0.636492083284223,25294289,0.461672343050719,5.44720368327667e-16,1.24738227058753e-14,6.33873751564699,5.70224543236277,0.826685393258427,0.797270955165692,0.826685393258427,-0.0294144380927349,"Higher in TH1","pRPC","pRPC",7120,7695
"Mast2","TH2",-0.490005967519693,25425745,0.464071683056997,5.66619634260476e-16,1.29427853299498e-14,2.68381604621546,2.19381007869577,0.525842696629213,0.473164392462638,0.525842696629213,-0.0526783041665754,"Higher in TH1","pRPC","pRPC",7120,7695
"Rad51b","TH2",-0.943360172404692,25321719.5,0.462173005599725,7.01389191255481e-16,1.59246121143722e-14,7.53630676924723,6.59294659684254,0.738623595505618,0.678232618583496,0.738623595505618,-0.0603909769221221,"Higher in TH1","pRPC","pRPC",7120,7695
"Thrb","TH2",0.340364447914365,28992192,0.52916661191055,7.02402245992717e-16,1.59246121143722e-14,0.936642084424969,1.27700653233933,0.222893258426966,0.276803118908382,0.276803118908382,0.0539098604814158,"Higher in TH2","pRPC","pRPC",7120,7695
"Supt3","TH2",-0.351251113884231,25631668.5,0.467830206759095,7.46863914066164e-16,1.68488062197996e-14,1.71360313415459,1.36235202027036,0.365449438202247,0.307602339181287,0.365449438202247,-0.0578470990209606,"Higher in TH1","pRPC","pRPC",7120,7695
"Rpl14","TH2",0.356435540370369,29382563.5,0.536291687656511,7.94077229968817e-16,1.78256647141276e-14,2.17206227826407,2.52849781863444,0.507162921348315,0.564652371669916,0.564652371669916,0.0574894503216009,"Higher in TH2","pRPC","pRPC",7120,7695
"Cnep1r1","TH2",0.253175223617907,29060929.5,0.530421211424316,8.36756585470319e-16,1.87375909581732e-14,0.846844471440099,1.10001969505801,0.255337078651685,0.311760883690708,0.311760883690708,0.0564238050390229,"Higher in TH2","pRPC","pRPC",7120,7695
"Tead1","TH2",-0.520348932922927,25365395.5,0.46297018164429,8.43495326726686e-16,1.88421970779093e-14,3.57895084426912,3.0586019113462,0.634269662921348,0.582586094866797,0.634269662921348,-0.0516835680545518,"Higher in TH1","pRPC","pRPC",7120,7695
"Rpl37","TH2",0.412979977410354,29408968,0.536773623613758,8.66644217271263e-16,1.93119691838882e-14,2.60256690387308,3.01554688128344,0.550421348314607,0.612475633528265,0.612475633528265,0.0620542852136583,"Higher in TH2","pRPC","pRPC",7120,7695
"Xrn2","TH2",-0.429952088191918,25379671,0.463230738623504,8.92100369057747e-16,1.98307384477861e-14,2.91479137332879,2.48483928513688,0.610112359550562,0.559454191033138,0.610112359550562,-0.0506581685174233,"Higher in TH1","pRPC","pRPC",7120,7695
"Magi2","TH2",-1.03001360822178,25346513,0.462625537522541,9.52010253183717e-16,2.11110010888477e-14,7.03379745061561,6.00378384239384,0.680056179775281,0.64093567251462,0.680056179775281,-0.039120507260661,"Higher in TH1","pRPC","pRPC",7120,7695
"Numb","TH2",-0.334130563133878,25530991,0.465992637127567,1.16906385376022e-15,2.5674332441375e-14,1.95631252631423,1.62218196318035,0.446910112359551,0.386484730344379,0.446910112359551,-0.0604253820151711,"Higher in TH1","pRPC","pRPC",7120,7695
"Ubxn4","TH2",0.313270008072465,29260563.5,0.534064938928678,1.33272047639032e-15,2.89890558993351e-14,1.60719176224059,1.92046177031306,0.390870786516854,0.449642625081222,0.449642625081222,0.0587718385643676,"Higher in TH2","pRPC","pRPC",7120,7695
"Slc12a6","TH2",0.427092681841039,29373092.5,0.536118822597484,1.43551426827761e-15,3.11506596216241e-14,2.6516263894485,3.07871907128954,0.517134831460674,0.579337231968811,0.579337231968811,0.0622024005081367,"Higher in TH2","pRPC","pRPC",7120,7695
"Rpl36a","TH2",0.347896978388831,29262507.5,0.534100420892014,1.55268934081418e-15,3.35336745312332e-14,1.5542810972828,1.90217807567163,0.399016853932584,0.452761533463288,0.452761533463288,0.0537446795307036,"Higher in TH2","pRPC","pRPC",7120,7695
"ENSMUSG00000121307","TH2",0.25822206195304,29037032.5,0.529985042454242,2.07883425453053e-15,4.43711835967008e-14,0.868233632070579,1.12645569402362,0.256460674157303,0.310071474983756,0.310071474983756,0.0536108008264523,"Higher in TH2","pRPC","pRPC",7120,7695
"Rpl6","TH2",0.463432742767215,29413002.5,0.536847261464106,2.24416390602232e-15,4.75658368360173e-14,3.16136370482125,3.62479644758847,0.626544943820225,0.680571799870045,0.680571799870045,0.0540268560498207,"Higher in TH2","pRPC","pRPC",7120,7695
"Sh3rf3","TH2",0.485214132301339,29375722,0.536166816333384,2.48484184514788e-15,5.24232605941615e-14,3.41730953423015,3.90252366653149,0.546629213483146,0.61364522417154,0.61364522417154,0.0670160106883939,"Higher in TH2","pRPC","pRPC",7120,7695
"Pcdh7","TH2",0.404747228025414,29094524.5,0.531034388666214,2.48179433844842e-15,5.24232605941615e-14,1.8326830382998,2.23743026632522,0.285674157303371,0.347238466536712,0.347238466536712,0.0615643092333413,"Higher in TH2","pRPC","pRPC",7120,7695
"Erc1","TH2",-0.401852933660542,25521663,0.465822382110082,2.62227461907031e-15,5.51949442914708e-14,2.2030573150892,1.80120438142866,0.474859550561798,0.417153996101364,0.474859550561798,-0.0577055544604332,"Higher in TH1","pRPC","pRPC",7120,7695
"Atp1b3","TH2",-0.356522610881014,25547880,0.466300895810062,2.728777649977e-15,5.71725965560698e-14,1.76559166170295,1.40906905082194,0.449157303370787,0.396881091617934,0.449157303370787,-0.0522762117528528,"Higher in TH1","pRPC","pRPC",7120,7695
"Prr5l","TH2",-0.521205247005707,25559130,0.46650623124603,3.47560202737016e-15,7.19923565396629e-14,2.42301031875278,1.90180507174707,0.445084269662921,0.393632228719948,0.445084269662921,-0.0514520409429733,"Higher in TH1","pRPC","pRPC",7120,7695
"Rpl36","TH2",0.3399625047878,29290999.5,0.534620457980156,3.47519416044988e-15,7.19923565396629e-14,1.82182529629382,2.16178780108162,0.44747191011236,0.507212475633528,0.507212475633528,0.0597405655211687,"Higher in TH2","pRPC","pRPC",7120,7695
"Tbx2","TH2",-0.322781717613121,25590131.5,0.467072071825423,3.72653665739422e-15,7.70150909194806e-14,1.69349581153634,1.37071409392322,0.424438202247191,0.366861598440546,0.424438202247191,-0.0575766038066452,"Higher in TH1","pRPC","pRPC",7120,7695
"Hspa5","TH2",-0.466587148320681,25433868,0.464219944367786,4.65911432109453e-15,9.60705156616642e-14,3.04637645542983,2.57978930710915,0.604213483146067,0.555165692007797,0.604213483146067,-0.0490477911382701,"Higher in TH1","pRPC","pRPC",7120,7695
"Sparc","TH2",-0.321340614708471,25524652,0.465876937453914,5.27479324412222e-15,1.08520238435508e-13,2.06511754332634,1.74377692861787,0.494101123595506,0.433658219623132,0.494101123595506,-0.0604429039723737,"Higher in TH1","pRPC","pRPC",7120,7695
"Rps4x","TH2",0.393336824117144,29355024,0.53578903563528,6.49545529026506e-15,1.32734483218556e-13,2.72801408500283,3.12135090911997,0.571488764044944,0.62508122157245,0.62508122157245,0.0535924575275057,"Higher in TH2","pRPC","pRPC",7120,7695
"Rps5","TH2",0.407966878038745,29358606.5,0.535854423564112,7.34819051367348e-15,1.49824179735168e-13,2.81567792854602,3.22364480658476,0.5875,0.640155945419103,0.640155945419103,0.0526559454191033,"Higher in TH2","pRPC","pRPC",7120,7695
"Ptch1","TH2",-0.394523100976366,25530806,0.465989260500398,7.94416727298313e-15,1.61614152959751e-13,2.29546746206382,1.90094436108746,0.497612359550562,0.44314489928525,0.497612359550562,-0.0544674602653117,"Higher in TH1","pRPC","pRPC",7120,7695
"Enah","TH2",-0.453166072717343,25458614.5,0.46467161844478,8.84515870343571e-15,1.78351275272374e-13,3.19573045790647,2.74256438518913,0.599297752808989,0.544509421702404,0.599297752808989,-0.0547883311065847,"Higher in TH1","pRPC","pRPC",7120,7695
"Flrt2","TH2",0.262568978241444,28831957.5,0.526242005607026,1.4700592162166e-14,2.91898032605623e-13,0.699268028218594,0.961837006460038,0.189747191011236,0.238856400259909,0.238856400259909,0.0491092092486731,"Higher in TH2","pRPC","pRPC",7120,7695
"Stag1","TH2",-1.0201206061993,25394673.5,0.463504564834892,1.48247367396347e-14,2.93723153576153e-13,12.1335065272845,11.1133859210852,0.94002808988764,0.92735542560104,0.94002808988764,-0.0126726642866007,"Higher in TH1","pRPC","pRPC",7120,7695
"Btg1","TH2",0.399612846020704,29322833,0.535201484255791,1.65040546154491e-14,3.26286233763998e-13,2.64743112222286,3.04704396824356,0.566151685393258,0.621052631578947,0.621052631578947,0.054900946185689,"Higher in TH2","pRPC","pRPC",7120,7695
"Pde10a","TH2",-0.655037444575869,25443040,0.464387352067226,1.70525506479569e-14,3.34950315960084e-13,4.27992695730989,3.62488951273402,0.666994382022472,0.630409356725146,0.666994382022472,-0.0365850252973258,"Higher in TH1","pRPC","pRPC",7120,7695
"Cers6","TH2",0.425477562247675,29125933.5,0.531607666951398,1.70388211511906e-14,3.34950315960084e-13,1.53511996808428,1.96059753033195,0.344241573033708,0.399350227420403,0.399350227420403,0.055108654386695,"Higher in TH2","pRPC","pRPC",7120,7695
"Slc3a2","TH2",-0.284057616637598,25770286,0.470360258740901,1.73562084698455e-14,3.40181686008973e-13,1.19843519726284,0.91437758062524,0.330337078651685,0.279662118258609,0.330337078651685,-0.0506749603930759,"Higher in TH1","pRPC","pRPC",7120,7695
"Plcb1","TH2",-0.266536675979686,26148860,0.477270006059677,1.82777640140117e-14,3.5670993838052e-13,0.860318814907195,0.593782138927509,0.175280898876404,0.130734243014945,0.175280898876404,-0.0445466558614597,"Higher in TH1","pRPC","pRPC",7120,7695
"Rpl24","TH2",0.37637116507321,29306101.5,0.5348961002694,2.00748426249851e-14,3.89281097200243e-13,2.47264012588632,2.84901129095953,0.547752808988764,0.600519818063678,0.600519818063678,0.0527670090749137,"Higher in TH2","pRPC","pRPC",7120,7695
"Agbl4","TH2",-0.715787519583508,25502437,0.465471468413022,2.0533668213283e-14,3.96491212067502e-13,4.28074714919236,3.56495962960885,0.569101123595506,0.519168291098116,0.569101123595506,-0.0499328324973899,"Higher in TH1","pRPC","pRPC",7120,7695
"Fgf9","TH2",-0.536221925533376,25447308,0.464465251768623,2.69835702581542e-14,5.17743703858563e-13,4.09303544736338,3.55681352183,0.700421348314607,0.659909031838856,0.700421348314607,-0.0405123164757504,"Higher in TH1","pRPC","pRPC",7120,7695
"Atp6v0c","TH2",0.306406414133921,29265767,0.534159913412328,3.58468641629917e-14,6.77818091247938e-13,2.11618367992747,2.4225900940614,0.511797752808989,0.565172189733593,0.565172189733593,0.0533744369246045,"Higher in TH2","pRPC","pRPC",7120,7695
"Rpl27","TH2",0.335376225373487,29275410,0.534335917822021,4.22702874971858e-14,7.95973967457338e-13,2.41614454435998,2.75152076973346,0.53497191011236,0.589993502274204,0.589993502274204,0.0550215921618444,"Higher in TH2","pRPC","pRPC",7120,7695
"Cnksr2","TH2",0.317341884544469,29093152,0.531009337743026,5.20045996601642e-14,9.71249838735116e-13,1.86592965806075,2.18327154260522,0.340730337078652,0.40233918128655,0.40233918128655,0.061608844207898,"Higher in TH2","pRPC","pRPC",7120,7695
"Smc3","TH2",0.355282165350091,29230486.5,0.533515972359113,6.15765096672952e-14,1.14299044624792e-12,2.02735139775094,2.38263356310103,0.486516853932584,0.539051332033788,0.539051332033788,0.0525344781012039,"Higher in TH2","pRPC","pRPC",7120,7695
"Casz1","TH2",-0.498603905767066,25475343,0.464976947675055,6.31177317691001e-14,1.16921749460077e-12,4.06662773971043,3.56802383394336,0.700983146067416,0.660948667966212,0.700983146067416,-0.0400344781012039,"Higher in TH1","pRPC","pRPC",7120,7695
"Fgf13","TH2",-0.868243328133119,25564992,0.466613224697199,6.64681421362527e-14,1.22878427470549e-12,4.49894244976063,3.63069912162751,0.532022471910112,0.484990253411306,0.532022471910112,-0.0470322184988063,"Higher in TH1","pRPC","pRPC",7120,7695
"Mybl1","TH2",0.317456046417684,29028195.5,0.529823749187784,9.28243955993077e-14,1.69200308298418e-12,1.27978967723935,1.59724572365704,0.310674157303371,0.364912280701754,0.364912280701754,0.0542381233983836,"Higher in TH2","pRPC","pRPC",7120,7695
"Rps18","TH2",-0.437805645679588,25524831,0.46588020456885,1.0995469394843e-13,1.99230035913716e-12,3.04833849848303,2.61053285280344,0.625842696629213,0.576868096166342,0.625842696629213,-0.0489746004628716,"Higher in TH1","pRPC","pRPC",7120,7695
"Tmeff2","TH2",0.356845129172157,29096327.5,0.531067297092085,1.28715555327942e-13,2.30022268874287e-12,2.06508148250808,2.42192661168023,0.367275280898876,0.424171539961014,0.424171539961014,0.0568962590621372,"Higher in TH2","pRPC","pRPC",7120,7695
"Lsamp","TH2",-2.43880298712514,25468356,0.46484942068029,1.31500216760675e-13,2.3453874277041e-12,36.6212950080503,34.1824920209251,0.97808988764045,0.976738141650422,0.97808988764045,-0.00135174599002708,"Higher in TH1","pRPC","pRPC",7120,7695
"Rps7","TH2",0.396896363091361,29290587.5,0.53461293814019,1.42608761234097e-13,2.53359892765607e-12,3.61276647150347,4.00966283459483,0.672612359550562,0.721507472384665,0.721507472384665,0.0488951128341036,"Higher in TH2","pRPC","pRPC",7120,7695
"Asph","TH2",0.275793880241579,29084712,0.530855290535953,1.45488320681953e-13,2.57972870563293e-12,1.33947426492994,1.61526814517151,0.362640449438202,0.41585445094217,0.41585445094217,0.053214001503968,"Higher in TH2","pRPC","pRPC",7120,7695
"Thada","TH2",-0.299705502933845,25652013,0.4682015353615,1.50031898094249e-13,2.65512761015725e-12,1.97122207244644,1.6715165695126,0.467415730337079,0.410266406757635,0.467415730337079,-0.0571493235794439,"Higher in TH1","pRPC","pRPC",7120,7695
"Slf1","TH2",0.44802537256739,29260675,0.534066974030999,1.72718303798185e-13,3.03305321929992e-12,3.17971753357272,3.62774290614011,0.60435393258427,0.65003248862898,0.65003248862898,0.0456785560447103,"Higher in TH2","pRPC","pRPC",7120,7695
"Tbl1x","TH2",-0.453594522624827,25555888.5,0.466447067262413,1.94743336959279e-13,3.40670014020513e-12,3.27566797993472,2.82207345730989,0.602247191011236,0.553086419753086,0.602247191011236,-0.0491607712581495,"Higher in TH1","pRPC","pRPC",7120,7695
"Gm55122","TH2",0.427054077238403,29056687,0.530343777149908,1.94592050197887e-13,3.40670014020513e-12,1.89648215488941,2.32353623212782,0.346348314606742,0.401429499675114,0.401429499675114,0.0550811850683721,"Higher in TH2","pRPC","pRPC",7120,7695
"Camk1d","TH2",0.441483928853075,29216905.5,0.533268091420812,1.96212659130986e-13,3.4258279220686e-12,2.47493565902156,2.91641958787464,0.525702247191011,0.572189733593242,0.572189733593242,0.0464874864022311,"Higher in TH2","pRPC","pRPC",7120,7695
"Metap1d","TH2",0.353193308026819,29167481,0.532365993531478,2.02323921300134e-13,3.52577479680578e-12,1.94000531467453,2.29319862270135,0.455056179775281,0.507212475633528,0.507212475633528,0.0521562958582473,"Higher in TH2","pRPC","pRPC",7120,7695
"Sesn1","TH2",0.250294674380302,28992252.5,0.529167716158895,2.11022799480859e-13,3.67034693600868e-12,1.2400245353503,1.4903192097306,0.302387640449438,0.357244964262508,0.357244964262508,0.0548573238130699,"Higher in TH2","pRPC","pRPC",7120,7695
"Tfdp2","TH2",0.465916696328577,29273045,0.53429275175037,2.2449779227959e-13,3.88249123118821e-12,3.84447864480021,4.31039534112879,0.66938202247191,0.710201429499675,0.710201429499675,0.040819407027765,"Higher in TH2","pRPC","pRPC",7120,7695
"Naa20","TH2",0.281229063866471,29019660,0.52966795891101,2.90017160975259e-13,4.99662836508226e-12,1.18006044300644,1.46128950687291,0.330898876404494,0.37959714100065,0.37959714100065,0.0486982645961554,"Higher in TH2","pRPC","pRPC",7120,7695
"Etl4","TH2",0.289543319132577,29037117.5,0.529986593877536,3.66378714803503e-13,6.27664587729159e-12,1.62441356888956,1.91395688802213,0.344522471910112,0.402599090318389,0.402599090318389,0.0580766184082762,"Higher in TH2","pRPC","pRPC",7120,7695
"Dip2c","TH2",-0.693913054112563,25535082.5,0.466067315344124,4.4048682809635e-13,7.53207683165128e-12,5.18065619517332,4.48674314106076,0.719241573033708,0.690058479532164,0.719241573033708,-0.0291830935015441,"Higher in TH1","pRPC","pRPC",7120,7695
"Slc38a2","TH2",0.36299708752279,29176846.5,0.532536933000416,4.42194752971615e-13,7.54712168274026e-12,2.08622868269201,2.4492257702148,0.503932584269663,0.552826510721248,0.552826510721248,0.0488939264515846,"Higher in TH2","pRPC","pRPC",7120,7695
"Rpl5","TH2",0.412711925379569,29242889,0.533742343269743,4.50152282647149e-13,7.65426847769798e-12,3.30249464469504,3.71520657007461,0.649719101123596,0.688239116309292,0.688239116309292,0.0385200151856963,"Higher in TH2","pRPC","pRPC",7120,7695
"H1f10","TH2",-0.297385477126922,25754041.5,0.470063763497383,5.33640175439233e-13,9.04014230288694e-12,1.60956688031075,1.31218140318383,0.408988764044944,0.356465237166992,0.408988764044944,-0.0525235268779523,"Higher in TH1","pRPC","pRPC",7120,7695
"Zfp521","TH2",0.427017690928711,29211906.5,0.533176849479087,6.50596765705846e-13,1.09199611835048e-11,3.16432313006472,3.59134082099343,0.59438202247191,0.643014944769331,0.643014944769331,0.0486329222974207,"Higher in TH2","pRPC","pRPC",7120,7695
"Slc25a27","TH2",-0.327984272795721,25727979,0.46958806973739,6.82015329836046e-13,1.14262641840546e-11,1.74651083208688,1.41852655929116,0.436095505617978,0.387394411955815,0.436095505617978,-0.0487010936621621,"Higher in TH1","pRPC","pRPC",7120,7695
"Plpp3","TH2",-0.414625565859866,25627228,0.467749158581014,7.26464551776693e-13,1.21486200456748e-11,2.7201930612488,2.30556749538893,0.558707865168539,0.505003248862898,0.558707865168539,-0.0537046163056414,"Higher in TH1","pRPC","pRPC",7120,7695
"Fgf14","TH2",-0.563303806384937,25981056,0.474207240948814,7.58744298883939e-13,1.2665193296755e-11,2.18968081245258,1.62637700606764,0.273314606741573,0.224301494476933,0.273314606741573,-0.04901311226464,"Higher in TH1","pRPC","pRPC",7120,7695
"Adarb2","TH2",-0.600492076586971,25743594.5,0.469873084448533,7.60247215666473e-13,1.26670806646878e-11,2.92571317946536,2.32522110287839,0.424157303370786,0.37738791423002,0.424157303370786,-0.046769389140767,"Higher in TH1","pRPC","pRPC",7120,7695
"Chd7","TH2",-0.684721309389952,25534032,0.466048141577414,8.00460975186183e-13,1.32885270088285e-11,7.61299641423517,6.92827510484522,0.87808988764045,0.851202079272255,0.87808988764045,-0.0268878083681948,"Higher in TH1","pRPC","pRPC",7120,7695
"Kif24","TH2",-0.388289179631754,25715253,0.469355794292222,9.02473175377284e-13,1.49276597466217e-11,2.26656210323097,1.87827292359922,0.457724719101124,0.407407407407407,0.457724719101124,-0.0503173116937162,"Higher in TH1","pRPC","pRPC",7120,7695
"Epb41","TH2",0.510868278353102,29197220,0.532908790911945,1.1136684151635e-12,1.83543832473782e-11,3.19427236788452,3.70514064623762,0.606320224719101,0.650942170240416,0.650942170240416,0.0446219455213148,"Higher in TH2","pRPC","pRPC",7120,7695
"Stxbp6","TH2",0.309335796163537,29005373,0.52940719203335,1.42341099175641e-12,2.3374716718681e-11,1.59279704883116,1.9021328449947,0.354775280898876,0.409226770630279,0.409226770630279,0.054451489731403,"Higher in TH2","pRPC","pRPC",7120,7695
"Nova1","TH2",0.494285435767611,29187019,0.532722601864628,1.44138015838833e-12,2.36272279919987e-11,3.31792242912003,3.81220786488764,0.601123595505618,0.65003248862898,0.65003248862898,0.0489088931233619,"Higher in TH2","pRPC","pRPC",7120,7695
"Adgrl3","TH2",0.781159267927817,29227237,0.533456662359186,1.49302296869772e-12,2.43860418220627e-11,7.45634147543238,8.23750074336019,0.783286516853933,0.820012995451592,0.820012995451592,0.0367264785976593,"Higher in TH2","pRPC","pRPC",7120,7695
"B3galt1","TH2",-1.19671118838639,25560208,0.466525906943806,1.5236936278556e-12,2.48424753564865e-11,10.3993266155249,9.20261542713848,0.829213483146067,0.810266406757635,0.829213483146067,-0.0189470763884326,"Higher in TH1","pRPC","pRPC",7120,7695
"Rab11fip4","TH2",-0.275027073827455,25887319.5,0.472496358718269,1.84099068965306e-12,2.98024673987531e-11,1.29401216432329,1.01898509049584,0.338342696629213,0.290058479532164,0.338342696629213,-0.0482842170970497,"Higher in TH1","pRPC","pRPC",7120,7695
"Ppm1h","TH2",-0.71024068209252,25575109.5,0.466797889699279,2.11193134685377e-12,3.37686706933777e-11,6.79402635337854,6.08378567128602,0.805758426966292,0.77491877842755,0.805758426966292,-0.0308396485387419,"Higher in TH1","pRPC","pRPC",7120,7695
"Cpe","TH2",0.280930382566623,29033679,0.529923834242285,2.32792627295831e-12,3.69629269194112e-11,1.58699288206599,1.86792326463261,0.396488764044944,0.447433398310591,0.447433398310591,0.0509446342656475,"Higher in TH2","pRPC","pRPC",7120,7695
"Lrrc4c","TH2",0.893591831654248,29195307.5,0.53287388388783,3.12546112129453e-12,4.87764600333533e-11,8.04353704184,8.93712887349424,0.739185393258427,0.783755685510071,0.783755685510071,0.0445702922516445,"Higher in TH2","pRPC","pRPC",7120,7695
"Fstl4","TH2",-0.359481828294431,25925559.5,0.473194316680173,3.30470776020199e-12,5.14856521820187e-11,1.66822148562019,1.30873965732576,0.326123595505618,0.276413255360624,0.326123595505618,-0.0497103401449942,"Higher in TH1","pRPC","pRPC",7120,7695
"Ctnna2","TH2",-0.735371986942429,25705350,0.469175044352454,3.44313141387481e-12,5.3550682092244e-11,4.00754040110793,3.27216841416551,0.51811797752809,0.47264457439896,0.51811797752809,-0.0454734031291295,"Higher in TH1","pRPC","pRPC",7120,7695
"Srgap1","TH2",-0.278909720158608,26047855,0.475426458885457,4.41884581764612e-12,6.84921101735148e-11,1.14263902555621,0.863729305397604,0.262359550561798,0.217153996101365,0.262359550561798,-0.0452055544604333,"Higher in TH1","pRPC","pRPC",7120,7695
"Cst3","TH2",-0.517055213687028,25610781.5,0.467448976425667,5.07397653094768e-12,7.81152400389479e-11,4.87647041168527,4.35941519799824,0.777949438202247,0.747888239116309,0.777949438202247,-0.0300611990859379,"Higher in TH1","pRPC","pRPC",7120,7695
"Lin7a","TH2",0.253327511492785,28764180,0.525004928050463,5.48592433385999e-12,8.36098902655517e-11,0.930742913471179,1.18407042496396,0.22935393258427,0.275893437296946,0.275893437296946,0.0465395047126764,"Higher in TH2","pRPC","pRPC",7120,7695
"Spata5","TH2",-0.282153511605798,25787392.5,0.470672487241825,6.08919704628937e-12,9.24949031331356e-11,1.95746777707953,1.67531426547373,0.448876404494382,0.397141000649773,0.448876404494382,-0.0517354038446095,"Higher in TH1","pRPC","pRPC",7120,7695
"Gm11149","TH2",-0.387666113798709,25687224,0.468844207898022,6.67633713958044e-12,1.00909016069878e-10,2.92459605831738,2.53692994451867,0.583005617977528,0.5364522417154,0.583005617977528,-0.0465533762621284,"Higher in TH1","pRPC","pRPC",7120,7695
"Upf2","TH2",0.283040784976389,28982649.5,0.528992441830752,7.08481422777889e-12,1.06552800118774e-10,1.48711587195479,1.77015665693118,0.383005617977528,0.433008447043535,0.433008447043535,0.0500028290660067,"Higher in TH2","pRPC","pRPC",7120,7695
"Ldb2","TH2",0.393820857055534,29106404,0.531251213760577,7.68813943469271e-12,1.1490269811965e-10,3.23035998804053,3.62418084509607,0.550983146067416,0.604158544509422,0.604158544509422,0.053175398442006,"Higher in TH2","pRPC","pRPC",7120,7695
"Pnisr","TH2",-0.437883463806395,25657012.5,0.468292786429244,1.13192794617487e-11,1.65326783676887e-10,3.7816356551801,3.34375219137371,0.700983146067416,0.665627030539311,0.700983146067416,-0.0353561155281045,"Higher in TH1","pRPC","pRPC",7120,7695
"Chchd3","TH2",-0.386162126519903,25686606.5,0.468832937264092,1.16056420568628e-11,1.69238114729996e-10,3.20310483863606,2.81694271211616,0.62247191011236,0.580506822612086,0.62247191011236,-0.0419650875002738,"Higher in TH1","pRPC","pRPC",7120,7695
"Dapl1","TH2",0.379047595302573,29101808.5,0.531167336516489,1.27164538651724e-11,1.84550574087869e-10,2.84545358285715,3.22450117815972,0.586516853932584,0.628849902534113,0.628849902534113,0.0423330486015289,"Higher in TH2","pRPC","pRPC",7120,7695
"Rps3a1","TH2",0.359302858629799,29123404.5,0.531561507545393,1.28757357114309e-11,1.8597378014894e-10,3.37164121240655,3.73094407103635,0.64873595505618,0.691877842755036,0.691877842755036,0.043141887698856,"Higher in TH2","pRPC","pRPC",7120,7695
"Rps11","TH2",0.364389674167461,29098182,0.531101145497952,1.37646723583443e-11,1.97872592861119e-10,2.77645708328188,3.14084675744934,0.586095505617978,0.625860948667966,0.625860948667966,0.0397654430499887,"Higher in TH2","pRPC","pRPC",7120,7695
"Cspg5","TH2",0.443117275581948,29141887.5,0.53189885997766,1.38386133186181e-11,1.9862223903289e-10,4.37664951314011,4.81976678872206,0.753651685393258,0.789733593242365,0.789733593242365,0.0360819078491067,"Higher in TH2","pRPC","pRPC",7120,7695
"Dennd4a","TH2",-0.475427050482057,25695699,0.468998893926452,1.41996155601283e-11,2.03483170149386e-10,3.48997067384867,3.01454362336661,0.61502808988764,0.579727095516569,0.61502808988764,-0.0353009943710713,"Higher in TH1","pRPC","pRPC",7120,7695
"Hook1","TH2",0.37596124721134,29101136.5,0.531155071146447,1.70159465634624e-11,2.43077330688709e-10,3.15827653255646,3.5342377797678,0.613342696629213,0.653671215074724,0.653671215074724,0.0403285184455103,"Higher in TH2","pRPC","pRPC",7120,7695
"Naaladl2","TH2",-0.65418382340009,25786535,0.470656836118594,1.74781870653407e-11,2.49289823025846e-10,3.73361036445793,3.07942654105784,0.48623595505618,0.440415854450942,0.48623595505618,-0.0458201006052376,"Higher in TH1","pRPC","pRPC",7120,7695
"Rtn4","TH2",0.578819339058433,29125833,0.531605832621504,2.1279815363954e-11,3.0068873988694e-10,4.98548232124892,5.56430166030735,0.758848314606742,0.786874593892138,0.786874593892138,0.0280262792853961,"Higher in TH2","pRPC","pRPC",7120,7695
"Rbm39","TH2",0.769001972042965,29135757,0.531786965854086,2.13873087150296e-11,3.01739832242693e-10,11.4793734670553,12.2483754390982,0.957865168539326,0.966471734892787,0.966471734892787,0.00860656635346169,"Higher in TH2","pRPC","pRPC",7120,7695
"Ckap4","TH2",0.251912614097071,28986247,0.529058103540165,2.1905350993359e-11,3.08570894827626e-10,1.61313718831264,1.86504980240971,0.42935393258427,0.475243664717349,0.475243664717349,0.0458897321330792,"Higher in TH2","pRPC","pRPC",7120,7695
"Rbfox2","TH2",-0.372354721544077,25736038.5,0.469735172043717,2.32342668741578e-11,3.25279736238209e-10,2.78263213270369,2.41027741115962,0.573033707865168,0.531513970110461,0.573033707865168,-0.0415197377547072,"Higher in TH1","pRPC","pRPC",7120,7695
"Rpl15","TH2",0.378776799398445,29093005.5,0.531006663819349,2.40221304913751e-11,3.35794014261339e-10,3.0997571393101,3.47853393870854,0.623876404494382,0.669915529564652,0.669915529564652,0.0460391250702704,"Higher in TH2","pRPC","pRPC",7120,7695
"Snd1","TH2",-0.292791975572172,25771244.5,0.470377753320046,2.57123485526289e-11,3.58870359431332e-10,2.23575126099118,1.94295928541901,0.52626404494382,0.476803118908382,0.52626404494382,-0.0494609260354381,"Higher in TH1","pRPC","pRPC",7120,7695
"Pam","TH2",0.264682218155721,28892304.5,0.527343461389637,2.95106558365978e-11,4.10000178802977e-10,1.46126584854101,1.72594806669673,0.344241573033708,0.394671864847303,0.394671864847303,0.0504302918135955,"Higher in TH2","pRPC","pRPC",7120,7695
"Kcnq1ot1","TH2",0.560841069904562,29074219.5,0.53066378101934,3.40869549363037e-11,4.71424138527272e-10,4.03832503668916,4.59916610659372,0.613061797752809,0.648083170890188,0.648083170890188,0.0350213731373794,"Higher in TH2","pRPC","pRPC",7120,7695
"Pard3","TH2",-0.493987253747292,25685837.5,0.468818901446292,3.50629419179476e-11,4.83454845143986e-10,5.11066788110402,4.61668062735673,0.761657303370787,0.72956465237167,0.761657303370787,-0.0320926509991166,"Higher in TH1","pRPC","pRPC",7120,7695
"Reck","TH2",-0.329677983649275,25776110.5,0.470466567740617,3.9059115563872e-11,5.36930285443634e-10,2.55555919322814,2.22588120957887,0.541573033707865,0.492007797270955,0.541573033707865,-0.04956523643691,"Higher in TH1","pRPC","pRPC",7120,7695
"Mdk","TH2",0.677059287566088,29107060,0.531263187097999,4.38651387035053e-11,6.00280591807429e-10,8.28013671796186,8.95719600552795,0.877387640449438,0.896946068875893,0.896946068875893,0.0195584284264553,"Higher in TH2","pRPC","pRPC",7120,7695
"Arhgap21","TH2",-0.436427093664613,25714705,0.469345792174986,4.92745370766602e-11,6.71282706900869e-10,4.01696536133473,3.58053826767012,0.690730337078652,0.657050032488629,0.690730337078652,-0.0336803045900227,"Higher in TH1","pRPC","pRPC",7120,7695
"Xrcc4","TH2",-0.350096456206653,25893513,0.472609402720284,6.40679142747432e-11,8.68921087351205e-10,2.0839556206603,1.73385916445365,0.420224719101124,0.373879142300195,0.420224719101124,-0.0463455768009287,"Higher in TH1","pRPC","pRPC",7120,7695
"Sptbn1","TH2",0.405228545171668,29014302,0.529570164487373,6.85155838581544e-11,9.22379662161328e-10,2.47316944590099,2.87839799107266,0.533426966292135,0.574269005847953,0.574269005847953,0.0408420395558184,"Higher in TH2","pRPC","pRPC",7120,7695
"Kcnc2","TH2",-0.556963897898725,25815367,0.471183078899913,7.08969840509071e-11,9.516275591163e-10,3.96628577150235,3.40932187360362,0.513483146067416,0.467836257309941,0.513483146067416,-0.0456468887574742,"Higher in TH1","pRPC","pRPC",7120,7695
"Rpl12","TH2",0.278170598082214,28984374.5,0.529023926597601,7.11531077715027e-11,9.53660917984522e-10,2.04344731506115,2.32161791314337,0.482162921348315,0.529044834307992,0.529044834307992,0.0468819129596776,"Higher in TH2","pRPC","pRPC",7120,7695
"Tsix","TH2",-0.395591607829328,26167252.5,0.477605706682436,7.72527934207021e-11,1.03086670459192e-09,2.1642065961215,1.76861498829217,0.24311797752809,0.198960363872645,0.24311797752809,-0.0441576136554453,"Higher in TH1","pRPC","pRPC",7120,7695
"Pcm1","TH2",-0.49548428643258,25716366.5,0.469376117937374,9.73254593083168e-11,1.28927941298837e-09,6.11916042000873,5.62367613357615,0.828792134831461,0.805198180636777,0.828792134831461,-0.0235939541946835,"Higher in TH1","pRPC","pRPC",7120,7695
"Rnf220","TH2",-0.344470719456051,26117633.5,0.476700058771565,1.05013557703288e-10,1.3810873952493e-09,1.28410300832052,0.93963228886447,0.270505617977528,0.230149447693307,0.270505617977528,-0.0403561702842208,"Higher in TH1","pRPC","pRPC",7120,7695
"Srgap2","TH2",-0.355562476707098,25816105.5,0.471196558030532,1.11201162546937e-10,1.45825524525581e-09,2.72855553428881,2.37299305758171,0.535393258426966,0.492787524366472,0.535393258426966,-0.0426057340604946,"Higher in TH1","pRPC","pRPC",7120,7695
"Dusp16","TH2",-0.341955614938835,25862950,0.472051565659884,1.16054999736615e-10,1.51753983873675e-09,2.22385040735454,1.88189479241571,0.474859550561798,0.429109811565952,0.474859550561798,-0.0457497389958458,"Higher in TH1","pRPC","pRPC",7120,7695
"Ptma","TH2",-0.527007840760554,25719956,0.469441633630477,1.17874329744702e-10,1.53912126259773e-09,7.99102789548708,7.46402005472652,0.897191011235955,0.87511371020143,0.897191011235955,-0.0220773010345255,"Higher in TH1","pRPC","pRPC",7120,7695
"Rpl28","TH2",0.333896152649742,29024370,0.529753926013536,1.19006876952282e-10,1.55168623253662e-09,2.95587261090121,3.28976876355095,0.602808988764045,0.644574398960364,0.644574398960364,0.0417654101963189,"Higher in TH2","pRPC","pRPC",7120,7695
"Cd63","TH2",0.303094415441982,28984568,0.5290274583671,1.2081782341106e-10,1.573048060812e-09,2.07857698642008,2.38167140186207,0.518398876404494,0.558024691358025,0.558024691358025,0.0396258149535303,"Higher in TH2","pRPC","pRPC",7120,7695
"Prox1","TH2",0.287274631552106,28903400.5,0.527545986011637,1.26702068995657e-10,1.64496104961029e-09,1.71573344896096,2.00300808051307,0.403792134831461,0.452891487979207,0.452891487979207,0.0490993531477466,"Higher in TH2","pRPC","pRPC",7120,7695
"Ssbp3","TH2",-0.295399741886081,25817203.5,0.471216598769083,1.39967328916733e-10,1.80688701947182e-09,2.40684591449102,2.11144617260494,0.551544943820225,0.501234567901235,0.551544943820225,-0.0503103759189901,"Higher in TH1","pRPC","pRPC",7120,7695
"Esf1","TH2",0.261336506186665,28834839.5,0.526294607982712,1.50756314554191e-10,1.94341308464908e-09,1.32822854483467,1.58956505102133,0.344803370786517,0.390123456790123,0.390123456790123,0.0453200860036066,"Higher in TH2","pRPC","pRPC",7120,7695
"Sema5a","TH2",-0.792806614920076,25736354,0.469740930561944,1.58183404857496e-10,2.03627620320794e-09,7.466474110141,6.67366749522092,0.813904494382023,0.800389863547758,0.813904494382023,-0.0135146308342642,"Higher in TH1","pRPC","pRPC",7120,7695
"Cdh20","TH2",-1.2880941643664,25734483,0.469706780997437,1.74576811925134e-10,2.23468126950235e-09,17.1258121519426,15.8377179875762,0.939606741573034,0.934243014944769,0.939606741573034,-0.00536372662826434,"Higher in TH1","pRPC","pRPC",7120,7695
"Srsf7","TH2",0.338483482460459,29021062.5,0.529693557395361,1.86523655114896e-10,2.3643624377151e-09,3.1015609004504,3.44004438291086,0.647893258426966,0.687849252761533,0.687849252761533,0.0399559943345671,"Higher in TH2","pRPC","pRPC",7120,7695
"Crebzf","TH2",-0.256250132938012,25851305,0.471839020668609,2.04751164957551e-10,2.58105410431967e-09,2.09438189263753,1.83813175969952,0.519241573033708,0.471085120207927,0.519241573033708,-0.0481564528257807,"Higher in TH1","pRPC","pRPC",7120,7695
"Msi2","TH2",-0.974129034055387,25746924,0.46993385461156,2.3891800491116e-10,2.98994149320371e-09,14.3601379483943,13.3860089143389,0.952247191011236,0.945159194282001,0.952247191011236,-0.00708799672923466,"Higher in TH1","pRPC","pRPC",7120,7695
"Setbp1","TH2",-0.505561459408514,25783816,0.470607208825226,2.462170158453e-10,3.06560366450009e-09,4.31578136045314,3.81021990104463,0.666573033707865,0.633918128654971,0.666573033707865,-0.0326549050528944,"Higher in TH1","pRPC","pRPC",7120,7695
"Mbtd1","TH2",0.364435484024424,28984728.5,0.529030387819319,2.5277975858749e-10,3.14302144579315e-09,3.03081862850857,3.39525411253299,0.574578651685393,0.618453541260559,0.618453541260559,0.0438748895751656,"Higher in TH2","pRPC","pRPC",7120,7695
"Arih1","TH2",-0.441045124649606,25785163,0.470631794321426,2.80061510562136e-10,3.46804430334689e-09,4.04058503901202,3.59953991436241,0.67752808988764,0.64782326185835,0.67752808988764,-0.0297048280292909,"Higher in TH1","pRPC","pRPC",7120,7695
"Kazn","TH2",-0.336461495364097,25896995,0.472672956319221,3.38454072529519e-10,4.17411423143983e-09,2.26742689002874,1.93096539466464,0.478651685393258,0.437686809616634,0.478651685393258,-0.0409648757766242,"Higher in TH1","pRPC","pRPC",7120,7695
"Cep192","TH2",-0.313957336161817,25921607,0.473122175497003,3.50587960516798e-10,4.30592332050234e-09,2.09885746845331,1.78490013229149,0.450702247191011,0.409746588693957,0.450702247191011,-0.0409556584970541,"Higher in TH1","pRPC","pRPC",7120,7695
"Prdx4","TH2",0.486659608464019,29021526,0.529702017215323,3.61615622973857e-10,4.41791526512564e-09,5.45386619117039,5.94052579963441,0.827668539325843,0.850942170240416,0.850942170240416,0.0232736309145731,"Higher in TH2","pRPC","pRPC",7120,7695
"Itm2b","TH2",0.303661503919524,28981702.5,0.528975157150054,3.63994541826094e-10,4.44102577537218e-09,2.64857405773018,2.95223556164971,0.608286516853933,0.644054580896686,0.644054580896686,0.0357680640427537,"Higher in TH2","pRPC","pRPC",7120,7695
"Ctdspl2","TH2",0.371262189374661,28975350.5,0.528859220199896,3.79131690491918e-10,4.60720830285778e-09,2.99775102901923,3.36901321839389,0.593679775280899,0.632358674463938,0.632358674463938,0.0386788991830388,"Higher in TH2","pRPC","pRPC",7120,7695
"Sec63","TH2",0.283479502617781,28949498.5,0.528387368494061,3.9613625359558e-10,4.80104496711452e-09,2.48704958695578,2.77052908957356,0.532865168539326,0.58180636777128,0.58180636777128,0.0489411992319542,"Higher in TH2","pRPC","pRPC",7120,7695
"Rpl38","TH2",0.2931992118675,28948181,0.528363321433004,4.11588156832105e-10,4.98169251177664e-09,2.39586144443766,2.68906065630516,0.534550561797753,0.580896686159844,0.580896686159844,0.0463461243620912,"Higher in TH2","pRPC","pRPC",7120,7695
"Slc1a3","TH2",-0.776391117645203,25781140,0.470558366369523,4.15531210666469e-10,5.01266748911032e-09,6.50602712884478,5.72963601119958,0.762921348314607,0.74775828460039,0.762921348314607,-0.0151630637142169,"Higher in TH1","pRPC","pRPC",7120,7695
"Gdpd1","TH2",0.255336866108349,28810150,0.525843974271926,4.37215198940312e-10,5.25696480625594e-09,1.42168530995945,1.6770221760678,0.356039325842697,0.401299545159194,0.401299545159194,0.0452602193164977,"Higher in TH2","pRPC","pRPC",7120,7695
"Rpl7","TH2",0.348462832345254,28966764,0.528702499069146,4.44257718490491e-10,5.33460454060914e-09,2.79035898289683,3.13882181524209,0.587078651685393,0.626640675763483,0.626640675763483,0.0395620240780895,"Higher in TH2","pRPC","pRPC",7120,7695
"Maml3","TH2",0.448454428241034,28989802.5,0.529122998663951,4.81068693588112e-10,5.75388461071135e-09,4.85813766129155,5.30659208953258,0.669101123595506,0.716049382716049,0.716049382716049,0.0469482591205437,"Higher in TH2","pRPC","pRPC",7120,7695
"Tle1","TH2",0.298201711401241,28915303.5,0.527763240028911,6.8562960697634e-10,8.07342149610124e-09,2.3517218823484,2.64992359374965,0.510814606741573,0.555035737491878,0.555035737491878,0.0442211307503048,"Higher in TH2","pRPC","pRPC",7120,7695
"Gm15283","TH2",0.287008078819828,28864870,0.526842725832475,7.10467925032296e-10,8.3551027983798e-09,1.83183743075765,2.11884550957748,0.436657303370787,0.47953216374269,0.47953216374269,0.0428748603719035,"Higher in TH2","pRPC","pRPC",7120,7695
"Tut4","TH2",-0.50410645757314,25801809.5,0.470935626884523,8.39253408805947e-10,9.81894167889269e-09,6.67464820293652,6.17054174536338,0.842696629213483,0.82040285899935,0.842696629213483,-0.0222937702141328,"Higher in TH1","pRPC","pRPC",7120,7695
"Trerf1","TH2",-0.292182620430589,25958957,0.473803889144417,1.00859310518488e-09,1.1680200204136e-08,1.98927479841535,1.69709217798476,0.453792134831461,0.410786224821313,0.453792134831461,-0.0430059100101481,"Higher in TH1","pRPC","pRPC",7120,7695
"Srsf10","TH2",0.375642951771332,28951517.5,0.528424219360303,1.24930273329799e-09,1.42683522697718e-08,3.43159443502059,3.80723738679193,0.681741573033708,0.708771929824561,0.708771929824561,0.0270303567908535,"Higher in TH2","pRPC","pRPC",7120,7695
"Rb1cc1","TH2",0.264322218745543,28815763.5,0.525946432091465,1.29698863512174e-09,1.47759430256244e-08,1.66639427542444,1.93071649416999,0.403932584269663,0.447433398310591,0.447433398310591,0.0435008140409284,"Higher in TH2","pRPC","pRPC",7120,7695
"Csnk1a1","TH2",0.368222889371028,28939499.5,0.528204866358572,1.38770762187174e-09,1.57897219297616e-08,3.22357433324322,3.59179722261425,0.647191011235955,0.680571799870045,0.680571799870045,0.0333807886340904,"Higher in TH2","pRPC","pRPC",7120,7695
"Psip1","TH2",0.435071498146595,28956527.5,0.528515662074454,1.41629809397492e-09,1.60549015279694e-08,4.27313534452161,4.7082068426682,0.737780898876405,0.764002599090318,0.764002599090318,0.0262217002139139,"Higher in TH2","pRPC","pRPC",7120,7695
"Itm2a","TH2",0.288432187492253,28778564,0.525267465375883,1.41411384857474e-09,1.60549015279694e-08,1.53619843172866,1.82463061922091,0.366151685393258,0.412085769980507,0.412085769980507,0.0459340845872484,"Higher in TH2","pRPC","pRPC",7120,7695
"Fau","TH2",0.295724084667496,28944624.5,0.52829840805718,1.46749667939529e-09,1.65940009131621e-08,3.72949183579433,4.02521592046183,0.67626404494382,0.711630929174789,0.711630929174789,0.0353668842309687,"Higher in TH2","pRPC","pRPC",7120,7695
"Rps17","TH2",0.27499616767491,28897852,0.527444714574618,1.56264111982925e-09,1.76043401311789e-08,2.41663764139417,2.69163380906907,0.539887640449438,0.585445094217024,0.585445094217024,0.0455574537675859,"Higher in TH2","pRPC","pRPC",7120,7695
"Frmd4a","TH2",-0.694115245820411,25826504,0.471386351855502,1.63432719584952e-09,1.83439138706558e-08,9.5179083063587,8.82379306053829,0.907865168539326,0.894217024041585,0.907865168539326,-0.0136481444977404,"Higher in TH1","pRPC","pRPC",7120,7695
"Lin52","TH2",0.297358103292488,28870704.5,0.526949217352578,1.70521581662875e-09,1.91160356122441e-08,2.33749184524381,2.6348499485363,0.495084269662921,0.539701104613385,0.539701104613385,0.0446168349504639,"Higher in TH2","pRPC","pRPC",7120,7695
"4632427E13Rik","TH2",-0.404944395777507,25857918.5,0.4719597305269,1.76176693824896e-09,1.9725729576414e-08,3.92908336955979,3.52413897378228,0.684269662921348,0.652111760883691,0.684269662921348,-0.0321579020376576,"Higher in TH1","pRPC","pRPC",7120,7695
"Zbtb20","TH2",0.89654106319141,28957220.5,0.528528310737309,1.81427763117579e-09,2.02608146725874e-08,10.4917436921008,11.3882847552922,0.884550561797753,0.894736842105263,0.894736842105263,0.0101862803075103,"Higher in TH2","pRPC","pRPC",7120,7695
"Klhl2","TH2",-0.259499095265859,26029842,0.475097684911405,1.89425326830304e-09,2.10796389344492e-08,1.67124049496543,1.41174139969957,0.403089887640449,0.360363872644574,0.403089887640449,-0.042726014995875,"Higher in TH1","pRPC","pRPC",7120,7695
"Trio","TH2",-0.272625422653894,25949697.5,0.473634884391587,1.94100591446523e-09,2.15472934280586e-08,2.09528238716355,1.82265696450966,0.498033707865169,0.455490578297596,0.498033707865169,-0.0425431295675727,"Higher in TH1","pRPC","pRPC",7120,7695
"Cmip","TH2",-0.276408491850824,25983991.5,0.474260819808573,2.01357718808072e-09,2.2298593550629e-08,1.8762456907638,1.59983719891298,0.453932584269663,0.413255360623782,0.453932584269663,-0.0406772236458813,"Higher in TH1","pRPC","pRPC",7120,7695
"Srgap3","TH2",0.823165970860702,28937364,0.528165889129816,2.9453657043869e-09,3.23422446141954e-08,10.5017746461476,11.3249406170083,0.919241573033708,0.926185834957765,0.926185834957765,0.00694426192405684,"Higher in TH2","pRPC","pRPC",7120,7695
"Gapdh","TH2",0.325014715451625,28831145,0.52622717582554,3.47486931738434e-09,3.76575017344124e-08,1.96850207569921,2.29351679115084,0.47935393258427,0.51825860948668,0.51825860948668,0.03890467690241,"Higher in TH2","pRPC","pRPC",7120,7695
"Zfp367","TH2",-0.291000128535112,26066729.5,0.475770956990896,3.66527846250924e-09,3.95213297919247e-08,1.75086384876659,1.45986372023148,0.390589887640449,0.348927875243665,0.390589887640449,-0.0416620123967847,"Higher in TH1","pRPC","pRPC",7120,7695
"Mettl15","TH2",-0.294192606861462,26004755,0.474639796015215,3.69179328243695e-09,3.97249161465529e-08,2.25499803983135,1.96080543296989,0.458988764044944,0.414684860298895,0.458988764044944,-0.0443039037460484,"Higher in TH1","pRPC","pRPC",7120,7695
"Fchsd2","TH2",-0.479021829476598,25890694,0.47255795022304,3.8192955635895e-09,4.09518350194761e-08,4.51904074186263,4.04001891238603,0.682303370786517,0.650422352176738,0.682303370786517,-0.0318810186097787,"Higher in TH1","pRPC","pRPC",7120,7695
"Nlk","TH2",-0.387997139737811,25958004.5,0.473786504077505,3.96324062222755e-09,4.24453290610833e-08,2.78748040606001,2.3994832663222,0.527668539325843,0.487979207277453,0.527668539325843,-0.0396893320483898,"Higher in TH1","pRPC","pRPC",7120,7695
"Smg7","TH2",-0.294478011851606,25977697.5,0.474145941476663,4.07361740558865e-09,4.34741791973477e-08,2.19314607545464,1.89866806360303,0.499297752808989,0.457829759584146,0.499297752808989,-0.0414679932248432,"Higher in TH1","pRPC","pRPC",7120,7695
"Gnb1","TH2",-0.303145800492846,25946045.5,0.473568227946062,4.37132796566716e-09,4.64880782719842e-08,2.62518280504866,2.32203700455581,0.557865168539326,0.515139701104613,0.557865168539326,-0.0427254674347125,"Higher in TH1","pRPC","pRPC",7120,7695
"Gabrg3","TH2",-0.31719383037029,26288667.5,0.479821777967599,4.5153182485895e-09,4.77408474682653e-08,1.32074198639063,1.00354815602034,0.239887640449438,0.201559454191033,0.239887640449438,-0.0383281862584051,"Higher in TH1","pRPC","pRPC",7120,7695
"AW554918","TH2",-0.400864338300421,25908137,0.472876320535004,4.96842158593542e-09,5.2168426652322e-08,3.99509748695616,3.59423314865574,0.659691011235955,0.627680311890838,0.659691011235955,-0.0320106993451169,"Higher in TH1","pRPC","pRPC",7120,7695
"H4c4","TH2",0.263138805875406,28790321.5,0.525482063721518,5.5342305560083e-09,5.8042551539079e-08,1.70557305462225,1.96871186049766,0.44564606741573,0.484730344379467,0.484730344379467,0.0390842769637368,"Higher in TH2","pRPC","pRPC",7120,7695
"Efcab11","TH2",-0.318754344227059,26127427.5,0.476878819239109,6.05700993307624e-09,6.3234351122631e-08,1.75572506992251,1.43697072569545,0.352106741573034,0.312800519818064,0.352106741573034,-0.0393062217549701,"Higher in TH1","pRPC","pRPC",7120,7695
"Atxn2","TH2",-0.391960414591011,25919757,0.47308840922531,6.26195652087743e-09,6.51500818850193e-08,3.65347223229052,3.26151181769951,0.658286516853933,0.617413905133203,0.658286516853933,-0.0408726117207292,"Higher in TH1","pRPC","pRPC",7120,7695
"Tmsb4x","TH2",-0.293132021419401,25996963.5,0.474497585255273,7.77842863249606e-09,7.97442053504714e-08,2.3024708990612,2.0093388776418,0.50997191011236,0.467966211825861,0.50997191011236,-0.0420056982864986,"Higher in TH1","pRPC","pRPC",7120,7695
"Kmt2c","TH2",-0.433965200476027,25910275.5,0.472915352519876,8.43459400015322e-09,8.60838630653936e-08,4.75080216683295,4.31683696635692,0.749438202247191,0.720987654320988,0.749438202247191,-0.0284505479262034,"Higher in TH1","pRPC","pRPC",7120,7695
"Ncapd2","TH2",-0.285229971493947,26057465.5,0.475601870103891,8.72917971204357e-09,8.89907649838536e-08,1.8151402897066,1.52991031821265,0.431741573033708,0.395971410006498,0.431741573033708,-0.0357701630272101,"Higher in TH1","pRPC","pRPC",7120,7695
"Ube2g1","TH2",-0.261736952918932,26157894.5,0.477434904103788,9.20484118879235e-09,9.36304939672472e-08,1.49606519552988,1.23432824261095,0.340730337078652,0.299545159194282,0.340730337078652,-0.0411851778843697,"Higher in TH1","pRPC","pRPC",7120,7695
"Rnf13","TH2",0.257287547520991,28774128,0.525186499331975,9.2513099005605e-09,9.39982591234208e-08,1.84329638607592,2.10058393359691,0.453089887640449,0.490448343079922,0.490448343079922,0.0373584554394726,"Higher in TH2","pRPC","pRPC",7120,7695
"Phactr1","TH2",0.286935632642364,28810824,0.525856276146045,9.66873700830175e-09,9.80209889807143e-08,2.84613060752591,3.13306624016828,0.514044943820225,0.560623781676413,0.560623781676413,0.0465788378561885,"Higher in TH2","pRPC","pRPC",7120,7695
"Tcf4","TH2",-0.794901077613904,25905317.5,0.47282485891174,1.03619793907044e-08,1.04815849241821e-07,14.4918013799085,13.6969003022946,0.966011235955056,0.959714100064977,0.966011235955056,-0.00629713589007896,"Higher in TH1","pRPC","pRPC",7120,7695
"Zhx2","TH2",-0.282187569578277,26104511,0.476460546393032,1.17004840065344e-08,1.17572448991791e-07,1.66297704712925,1.38078947755098,0.394662921348315,0.356595191682911,0.394662921348315,-0.0380677296654036,"Higher in TH1","pRPC","pRPC",7120,7695
"Pde4b","TH2",-0.36717990587036,26380574,0.481499258967227,1.35573880847711e-08,1.35931831688233e-07,1.24773355153506,0.880553645664696,0.208426966292135,0.175308641975309,0.208426966292135,-0.0331183243168262,"Higher in TH1","pRPC","pRPC",7120,7695
"Ckap5","TH2",-0.498291330095916,25982349.5,0.474230849960941,1.5633104854746e-08,1.55207099832413e-07,4.01701751347188,3.51872618337596,0.588342696629213,0.556985055230669,0.588342696629213,-0.0313576413985442,"Higher in TH1","pRPC","pRPC",7120,7695
"Dleu2","TH2",0.783448114937087,28860970,0.52677154288134,1.5785398058676e-08,1.56378389029102e-07,8.64682683027866,9.43027494521575,0.829494382022472,0.835477582846004,0.835477582846004,0.00598320082353199,"Higher in TH2","pRPC","pRPC",7120,7695
"Pdzd2","TH2",0.270904871557739,28700242.5,0.523837938322711,1.68507705216061e-08,1.66751273109575e-07,1.80255808787824,2.07346295943598,0.385533707865169,0.428330084470435,0.428330084470435,0.0427963766052668,"Higher in TH2","pRPC","pRPC",7120,7695
"Kdm5a","TH2",0.266595428680227,28763432.5,0.524991284651496,1.77619874360925e-08,1.74630802041583e-07,2.03941881446285,2.30601424314308,0.477387640449438,0.517348927875244,0.517348927875244,0.0399612874258055,"Higher in TH2","pRPC","pRPC",7120,7695
"Ankrd17","TH2",-0.449036783134477,25955226.5,0.47373579991385,2.01922726700545e-08,1.95987617800721e-07,4.45033630462793,4.00129952149345,0.706601123595506,0.690318388564003,0.706601123595506,-0.016282735031503,"Higher in TH1","pRPC","pRPC",7120,7695
"Ube2k","TH2",-0.342254525869569,26002856.5,0.474605144519643,2.70043756962451e-08,2.57176468229444e-07,3.12200865484909,2.77975412897952,0.600421348314607,0.560623781676413,0.600421348314607,-0.0397975666381934,"Higher in TH1","pRPC","pRPC",7120,7695
"Rps6ka5","TH2",0.286472585491505,28745202.5,0.524658549985033,2.86022118260035e-08,2.7154224852312e-07,2.34218899584479,2.6286615813363,0.479494382022472,0.521637426900585,0.521637426900585,0.0421430448781129,"Higher in TH2","pRPC","pRPC",7120,7695
"Zfand3","TH2",-0.38508176950263,25987161.5,0.474318678771419,3.34785622318897e-08,3.15210347294879e-07,3.9254578801037,3.54037611060107,0.670224719101124,0.645224171539961,0.670224719101124,-0.0250005475611625,"Higher in TH1","pRPC","pRPC",7120,7695
"Cyp26a1","TH2",-0.312952243214863,26325162.5,0.48048788612188,3.53139630442131e-08,3.30442976575933e-07,1.26935297907529,0.95640073586043,0.254634831460674,0.220792722547109,0.254634831460674,-0.0338421089135656,"Higher in TH1","pRPC","pRPC",7120,7695
"Clasp1","TH2",-0.321733373611502,25998523,0.474526049309708,3.61933141065848e-08,3.37977320458416e-07,3.29417712106099,2.97244374744949,0.647191011235955,0.612475633528265,0.647191011235955,-0.03471537770769,"Higher in TH1","pRPC","pRPC",7120,7695
"Spire1","TH2",-0.26660209130292,26095951,0.476304308941309,3.70107030931876e-08,3.44903423304e-07,1.95323004168455,1.68662795038163,0.459410112359551,0.417803768680962,0.459410112359551,-0.0416063436785889,"Higher in TH1","pRPC","pRPC",7120,7695
"Faf1","TH2",-0.338684519914019,26008066,0.474700228515525,4.57294121423852e-08,4.23124733264669e-07,3.61314358846485,3.27445906855083,0.648876404494382,0.616894087069526,0.648876404494382,-0.0319823174248564,"Higher in TH1","pRPC","pRPC",7120,7695
"Dlg1","TH2",-0.356991029161799,26001024,0.474571697658628,5.1975219397999e-08,4.78970828709164e-07,4.14264647663224,3.78565544747044,0.698033707865168,0.66809616634178,0.698033707865168,-0.0299375415233881,"Higher in TH1","pRPC","pRPC",7120,7695
"Ube2e2","TH2",-0.493424393441792,26013605,0.474801326558177,8.55791005392599e-08,7.77635017263026e-07,6.04598969235014,5.55256529890835,0.757303370786517,0.725795971410007,0.757303370786517,-0.0315073993765104,"Higher in TH1","pRPC","pRPC",7120,7695
"Cbx3","TH2",-0.292732316793583,26033596,0.475166203064882,8.73041550449804e-08,7.91731412019852e-07,3.42572718370995,3.13299486691637,0.66376404494382,0.62962962962963,0.66376404494382,-0.0341344153141906,"Higher in TH1","pRPC","pRPC",7120,7695
"Dyrk1a","TH2",-0.372167608390593,26025887,0.475025498098138,9.51689690813227e-08,8.57932724240529e-07,4.29512730908756,3.92295970069697,0.710393258426966,0.684600389863548,0.710393258426966,-0.0257928685634186,"Higher in TH1","pRPC","pRPC",7120,7695
"Scd2","TH2",-0.315529097980945,26034516,0.475182994940535,9.50805485590435e-08,8.57932724240529e-07,3.51680248296299,3.20127338498204,0.673595505617978,0.643014944769331,0.673595505617978,-0.0305805608486468,"Higher in TH1","pRPC","pRPC",7120,7695
"Gm4258","TH2",0.431011147505459,28774458.5,0.525192531630783,9.62886192271484e-08,8.66312414250968e-07,5.77320086301838,6.20421201052384,0.772191011235955,0.796231319038337,0.796231319038337,0.0240403078023815,"Higher in TH2","pRPC","pRPC",7120,7695
"Ppp1r12b","TH2",-0.261291848633336,26166315,0.477588595396106,9.85350410690209e-08,8.84237928645533e-07,1.78715281674937,1.52586096811604,0.420505617977528,0.382326185834958,0.420505617977528,-0.0381794321425704,"Higher in TH1","pRPC","pRPC",7120,7695
"Nusap1","TH2",-0.2686613867289,26207489,0.478340104839711,1.03939602740046e-07,9.30555539658922e-07,1.85645006861269,1.58778868188379,0.377387640449438,0.340480831708902,0.377387640449438,-0.0369068087405363,"Higher in TH1","pRPC","pRPC",7120,7695
"Cspp1","TH2",-0.374271076802615,26045657,0.475386340904279,1.07035260785626e-07,9.56391536078624e-07,3.82638969354787,3.45211861674525,0.651685393258427,0.622092267706303,0.651685393258427,-0.0295931255521242,"Higher in TH1","pRPC","pRPC",7120,7695
"Apbb2","TH2",-0.336136865995914,26087034,0.476141555511751,1.0957910927832e-07,9.76250246297763e-07,2.79825323049343,2.46211636449751,0.548314606741573,0.512020792722547,0.548314606741573,-0.036293814019026,"Higher in TH1","pRPC","pRPC",7120,7695
"Tuba1a","TH2",-0.447310553719136,26049137.5,0.475449867125158,1.10398049494385e-07,9.8258576473811e-07,3.75981238792501,3.31250183420587,0.645505617977528,0.614035087719298,0.645505617977528,-0.0314705302582298,"Higher in TH1","pRPC","pRPC",7120,7695
"Tiam1","TH2",-0.373172231975782,26036459,0.475218458651831,1.25279821345042e-07,1.1042556012947e-06,4.42340122501503,4.05022899303924,0.724719101123595,0.695126705653021,0.724719101123595,-0.029592395470574,"Higher in TH1","pRPC","pRPC",7120,7695
"Nxn","TH2",-0.31146341483706,26264762,0.479385453855196,1.50337063878917e-07,1.30120797739074e-06,1.66212692096632,1.35066350612926,0.338061797752809,0.300584795321637,0.338061797752809,-0.0374770024311715,"Higher in TH1","pRPC","pRPC",7120,7695
"Bcas3","TH2",-0.299726584526469,26151938.5,0.477326194960977,1.52095539008043e-07,1.31393245736427e-06,2.39833617841004,2.09860959388357,0.463623595505618,0.42495126705653,0.463623595505618,-0.0386723284490878,"Higher in TH1","pRPC","pRPC",7120,7695
"Myef2","TH2",-0.307688320947736,26079500.5,0.476004053777807,1.56307836739188e-07,1.34776691016174e-06,3.07622026844579,2.76853194749805,0.604073033707865,0.568421052631579,0.604073033707865,-0.0356519810762862,"Higher in TH1","pRPC","pRPC",7120,7695
"Pak3","TH2",-0.470998277411959,26098417,0.476349318468873,1.74501431529941e-07,1.4905398753176e-06,4.08372749944831,3.61272922203635,0.570224719101124,0.532683560753736,0.570224719101124,-0.0375411583473874,"Higher in TH1","pRPC","pRPC",7120,7695
"Tmpo","TH2",-0.384839610635447,26047785.5,0.475425190368764,1.75184591001914e-07,1.49357564302286e-06,4.82271684565602,4.43787723502057,0.751404494382023,0.725795971410007,0.751404494382023,-0.025608522972016,"Higher in TH1","pRPC","pRPC",7120,7695
"Ppm1e","TH2",-0.350147646108014,26201553.5,0.478231769863694,1.97803920340823e-07,1.67389501391482e-06,2.0313801022289,1.68123245612089,0.411516853932584,0.37738791423002,0.411516853932584,-0.0341289397025648,"Higher in TH1","pRPC","pRPC",7120,7695
"Rpl19","TH2",0.28675653332179,28699347.5,0.523821602748027,2.48932562555339e-07,2.0795337993853e-06,2.95864964591309,3.24540617923488,0.607443820224719,0.636907082521118,0.636907082521118,0.0294632622963985,"Higher in TH2","pRPC","pRPC",7120,7695
"Rpsa","TH2",0.276859130535635,28706535,0.523952789276562,2.62861211802288e-07,2.18587325215881e-06,3.32532426017592,3.60218339071155,0.646348314606742,0.671864847303444,0.671864847303444,0.0255165326967022,"Higher in TH2","pRPC","pRPC",7120,7695
"Bmpr1b","TH2",0.27281100910937,28549676.5,0.521089801855867,2.82253064619317e-07,2.33647087278879e-06,2.25526485926676,2.52807586837613,0.34564606741573,0.390253411306043,0.390253411306043,0.0446073438903126,"Higher in TH2","pRPC","pRPC",7120,7695
"Zfp644","TH2",0.274381232141444,28692755,0.52370127618255,2.92770359744807e-07,2.41694661115414e-06,2.96937746125553,3.24375869339698,0.610393258426966,0.641585445094217,0.641585445094217,0.0311921866672507,"Higher in TH2","pRPC","pRPC",7120,7695
"Adgrl2","TH2",-0.437331917448345,26078611.5,0.475987827715356,2.96654373661462e-07,2.44679453533987e-06,4.81520766013026,4.37787574268191,0.709269662921348,0.697985705003249,0.709269662921348,-0.0112839579180994,"Higher in TH1","pRPC","pRPC",7120,7695
"Alms1","TH2",0.345665887165108,28703553,0.523898361697002,3.12906612697908e-07,2.57178812263874e-06,3.78159913364215,4.12726502080726,0.668539325842697,0.698635477582846,0.698635477582846,0.0300961517401495,"Higher in TH2","pRPC","pRPC",7120,7695
"Lmnb1","TH2",-0.311798199537441,26106120.5,0.476489923049405,4.42298531666282e-07,3.56735293593495e-06,3.82084109980996,3.50904290027251,0.680056179775281,0.64782326185835,0.680056179775281,-0.0322329179169313,"Higher in TH1","pRPC","pRPC",7120,7695
"Rps9","TH2",0.266493408874886,28679107.5,0.523452181483672,4.44592022027291e-07,3.57635630075616e-06,3.21376320957015,3.48025661844504,0.634691011235955,0.66601689408707,0.66601689408707,0.0313258828511145,"Higher in TH2","pRPC","pRPC",7120,7695
"Nsd2","TH2",-0.458628589559306,26090258.5,0.476200409210709,4.54865306856627e-07,3.65254837593947e-06,6.1082891708373,5.64966058127799,0.781320224719101,0.758674463937622,0.781320224719101,-0.0226457607814793,"Higher in TH1","pRPC","pRPC",7120,7695
"Tenm3","TH2",-1.59027829509234,26084112,0.476088223054515,4.67896482588949e-07,3.75057919288978e-06,18.3013217921259,16.7110434970336,0.907865168539326,0.909291747888239,0.909291747888239,0.00142657934891322,"Higher in TH1","pRPC","pRPC",7120,7695
"Mid1","TH2",0.448487171463978,28680058.5,0.523469539172526,4.85072795218954e-07,3.87123770194881e-06,4.65295914341632,5.1014463148803,0.660252808988764,0.686159844054581,0.686159844054581,0.0259070350658168,"Higher in TH2","pRPC","pRPC",7120,7695
"Six3","TH2",-0.268081850208117,26165806.5,0.4775793142344,5.5596808356383e-07,4.40726349920711e-06,2.39592197728148,2.12784012707336,0.539325842696629,0.504223521767381,0.539325842696629,-0.0351023209292478,"Higher in TH1","pRPC","pRPC",7120,7695
"Sema4d","TH2",-0.257169799861348,26162298,0.477515276956436,6.33357307195171e-07,4.97622284291103e-06,2.50365155284922,2.24648175298787,0.556741573033708,0.52956465237167,0.556741573033708,-0.0271769206620379,"Higher in TH1","pRPC","pRPC",7120,7695
"Med12l","TH2",0.268792570337949,28617847.5,0.52233406158968,6.59511975208721e-07,5.17279874531178e-06,2.5831061261675,2.85189869650545,0.510955056179775,0.544379467186485,0.544379467186485,0.0334244110067095,"Higher in TH2","pRPC","pRPC",7120,7695
"Arl15","TH2",-0.35062355301731,26164318,0.477552146074717,6.72189091899633e-07,5.25414355366488e-06,3.22660221701231,2.875978663995,0.56123595505618,0.529174788823912,0.56123595505618,-0.0320611662322681,"Higher in TH1","pRPC","pRPC",7120,7695
"Ank3","TH2",-1.36878879733143,26108551.5,0.476534293755613,7.68699886518952e-07,5.96249426870956e-06,30.2682734934306,28.8994846960991,0.98314606741573,0.98414554905783,0.98414554905783,0.000999481642099509,"Higher in TH1","pRPC","pRPC",7120,7695
"Rpl11","TH2",0.283297357331718,28645899,0.522846058654752,8.34804996952492e-07,6.38825587088582e-06,3.14447647354534,3.42777383087705,0.626966292134831,0.655750487329435,0.655750487329435,0.0287841951946033,"Higher in TH2","pRPC","pRPC",7120,7695
"Sybu","TH2",0.250656486219989,28583106,0.521699958385352,9.32450921685678e-07,7.08196475020272e-06,2.28338391512217,2.53404040134216,0.470084269662921,0.510981156595192,0.510981156595192,0.0408968869322704,"Higher in TH2","pRPC","pRPC",7120,7695
"Tnik","TH2",-0.359450325717018,26184253.5,0.477916009593272,1.04212692115839e-06,7.84954112350212e-06,3.10573842088208,2.74628809516506,0.5625,0.53398310591293,0.5625,-0.0285168940870695,"Higher in TH1","pRPC","pRPC",7120,7695
"Gmds","TH2",-0.256847522487338,26314284,0.480289331318308,1.06321563383099e-06,8.00177315172228e-06,1.79767693998036,1.54082941749303,0.365870786516854,0.333333333333333,0.365870786516854,-0.0325374531835206,"Higher in TH1","pRPC","pRPC",7120,7695
"Nasp","TH2",-0.270936567561627,26144320,0.47718714180374,1.13965849885583e-06,8.53479667918823e-06,4.31759541625309,4.04665884869147,0.726966292134831,0.692657569850552,0.726966292134831,-0.0343087222842792,"Higher in TH1","pRPC","pRPC",7120,7695
"Calr","TH2",-0.340750140063986,26158927.5,0.47745375845982,1.15549892921849e-06,8.62139913606963e-06,3.62606017231574,3.28531003225175,0.656179775280899,0.62729044834308,0.656179775280899,-0.028889326937819,"Higher in TH1","pRPC","pRPC",7120,7695
"Lrrfip1","TH2",-0.262846494077234,26209170.5,0.478370795642873,1.23909333652794e-06,9.21948986737706e-06,2.40428782539728,2.14144133132005,0.52752808988764,0.494996751137102,0.52752808988764,-0.0325313387505384,"Higher in TH1","pRPC","pRPC",7120,7695
"Ptn","TH2",-0.473158278157716,26138920.5,0.477088589920494,1.24942846053632e-06,9.28059575332358e-06,6.82466732530482,6.3515090471471,0.80814606741573,0.780766731643925,0.80814606741573,-0.0273793357718057,"Higher in TH1","pRPC","pRPC",7120,7695
"Ankrd11","TH2",-0.324816313690098,26148059.5,0.477255395302655,1.29854862563974e-06,9.59851757832972e-06,4.49894990857584,4.17413359488574,0.741432584269663,0.716309291747888,0.741432584269663,-0.0251232925217747,"Higher in TH1","pRPC","pRPC",7120,7695
"Lcorl","TH2",-0.415912896720585,26156146.5,0.477402999540049,1.40259042388955e-06,1.03007325731905e-05,5.16613070087376,4.75021780415317,0.712359550561798,0.691747888239116,0.712359550561798,-0.0206116623226815,"Higher in TH1","pRPC","pRPC",7120,7695
"Sik3","TH2",-0.350987810562091,26175868.5,0.47776296624833,1.51664836687963e-06,1.10936863689735e-05,3.71885408048474,3.36786626992265,0.642134831460674,0.616244314489929,0.642134831460674,-0.0258905169707456,"Higher in TH1","pRPC","pRPC",7120,7695
"Rax","TH2",-0.280379624065113,26220568.5,0.478578832380577,1.52074833661651e-06,1.11141544503894e-05,2.27723616447096,1.99685654040585,0.524719101123596,0.491877842755036,0.524719101123596,-0.0328412583685598,"Higher in TH1","pRPC","pRPC",7120,7695
"Tnrc6b","TH2",0.376413286089361,28629275,0.522542636762526,1.64963666728737e-06,1.19703730777525e-05,4.40859941271848,4.78501269880784,0.728511235955056,0.745938921377518,0.745938921377518,0.0174276854224616,"Higher in TH2","pRPC","pRPC",7120,7695
"Cntn6","TH2",0.329247896163677,28604579.5,0.522091893539508,1.72080077544438e-06,1.24570121266085e-05,4.35151870003586,4.68076659619953,0.600561797752809,0.643664717348928,0.643664717348928,0.0431029195961189,"Higher in TH2","pRPC","pRPC",7120,7695
"Mbd5","TH2",-0.366805365378554,26177393.5,0.477790800607428,1.82638132302538e-06,1.31794452716178e-05,4.09922803064393,3.73242266526538,0.675983146067416,0.648473034437947,0.675983146067416,-0.027510111629469,"Higher in TH1","pRPC","pRPC",7120,7695
"Vti1a","TH2",-0.317844691652402,26186126,0.477950186535836,1.91744284645579e-06,1.37711379847109e-05,3.76330468530643,3.44545999365403,0.647050561797753,0.624171539961014,0.647050561797753,-0.0228790218367392,"Higher in TH1","pRPC","pRPC",7120,7695
"Pdia3","TH2",0.309179744450509,28610803,0.522205485102686,2.26063356450177e-06,1.59790105388474e-05,3.82038937742844,4.12956912187895,0.710955056179775,0.732683560753736,0.732683560753736,0.0217285045739609,"Higher in TH2","pRPC","pRPC",7120,7695
"Nfib","TH2",-0.681957093189494,26168731,0.477632692321732,2.39280687003741e-06,1.68271927573464e-05,9.19723012350645,8.51527303031696,0.869522471910112,0.868615984405458,0.869522471910112,-0.000906487504654274,"Higher in TH1","pRPC","pRPC",7120,7695
"Dkk3","TH2",-0.47124629105571,26172753,0.477706102021596,2.5697176855415e-06,1.7960434805234e-05,7.32463013179966,6.85338384074395,0.86811797752809,0.855750487329435,0.86811797752809,-0.0123674901986551,"Higher in TH1","pRPC","pRPC",7120,7695
"Grm7","TH2",0.87067221811812,28614969,0.52228152309613,2.65945238017202e-06,1.85591493054271e-05,19.4607989139863,20.3314711321045,0.900140449438202,0.915529564652372,0.915529564652372,0.0153891152141694,"Higher in TH2","pRPC","pRPC",7120,7695
"Afdn","TH2",-0.266444343733849,26221474,0.478595359601667,2.73739565902797e-06,1.90593002569755e-05,2.8493427377843,2.58289839405045,0.592696629213483,0.562962962962963,0.592696629213483,-0.0297336662505201,"Higher in TH1","pRPC","pRPC",7120,7695
"Adam12","TH2",-0.502044433435294,26245369.5,0.479031501193683,2.94936596924602e-06,2.03486157787344e-05,3.74928896297174,3.24724452953645,0.539325842696629,0.512150747238467,0.539325842696629,-0.0271750954581627,"Higher in TH1","pRPC","pRPC",7120,7695
"Rsrc1","TH2",-0.316032263380628,26203651.5,0.478270062640997,3.00843090713413e-06,2.06934636132985e-05,3.96467010289099,3.64863783951037,0.676123595505618,0.644964262508122,0.676123595505618,-0.0311593329974958,"Higher in TH1","pRPC","pRPC",7120,7695
"Atad2","TH2",0.433440713414472,28579973,0.521642774747939,3.05289629978118e-06,2.09518801778657e-05,4.50789364801947,4.94133436143394,0.629634831460674,0.653931124106563,0.653931124106563,0.0242962926458886,"Higher in TH2","pRPC","pRPC",7120,7695
"Nsd1","TH2",-0.328358019001953,26191112.5,0.478041200327077,3.13543572279718e-06,2.14698431086202e-05,4.99303548875548,4.66467746975353,0.762078651685393,0.741130604288499,0.762078651685393,-0.0209480473968943,"Higher in TH1","pRPC","pRPC",7120,7695
"Rbm26","TH2",-0.336901754082003,26190639.5,0.478032567112746,3.29009651053964e-06,2.24277783074482e-05,5.05990905838274,4.72300730430073,0.788061797752809,0.775568551007147,0.788061797752809,-0.0124932467456614,"Higher in TH1","pRPC","pRPC",7120,7695
"Hnrnpu","TH2",-0.320771726874074,26201440.5,0.478229707383315,4.16617473143378e-06,2.77157054761223e-05,5.42934852500741,5.10857679813333,0.818820224719101,0.793502274204029,0.818820224719101,-0.0253179505150725,"Higher in TH1","pRPC","pRPC",7120,7695
"Zfp638","TH2",0.348007233836991,28584622,0.521727628476101,4.35818623201452e-06,2.89086676263321e-05,5.64929051503192,5.99729774886891,0.796488764044944,0.816894087069526,0.816894087069526,0.0204053230245819,"Higher in TH2","pRPC","pRPC",7120,7695
"Serbp1","TH2",0.268038015206352,28566473.5,0.521396381350797,4.43138700329489e-06,2.93514979273471e-05,3.3453917367909,3.61342975199726,0.656179775280899,0.683820662768031,0.683820662768031,0.0276408874871323,"Higher in TH2","pRPC","pRPC",7120,7695
"Zcchc7","TH2",-0.450794009512194,26212287.5,0.478427687247666,4.9124879082108e-06,3.23968269142064e-05,6.2496294644631,5.79883545495091,0.789044943820225,0.77270955165692,0.789044943820225,-0.0163353921633046,"Higher in TH1","pRPC","pRPC",7120,7695
"Rif1","TH2",0.279741149050773,28557177,0.521226701272532,5.8397846520308e-06,3.79357072833989e-05,3.83330033542969,4.11304148448047,0.688904494382023,0.713320337881741,0.713320337881741,0.0244158434997189,"Higher in TH2","pRPC","pRPC",7120,7695
"Cdk14","TH2",-0.365892466674689,26236858.5,0.478876158091859,6.00992480926786e-06,3.89576491548132e-05,4.33600590464088,3.9701134379662,0.691011235955056,0.66588693957115,0.691011235955056,-0.0251242963839061,"Higher in TH1","pRPC","pRPC",7120,7695
"Eif4g3","TH2",-0.293149879224548,26237937.5,0.478895852041673,6.00598681983845e-06,3.89576491548132e-05,3.76428960796717,3.47113972874262,0.686376404494382,0.658869395711501,0.686376404494382,-0.027507008782881,"Higher in TH1","pRPC","pRPC",7120,7695
"Babam2","TH2",-0.255649302879567,26304278,0.480106701418548,7.03827257678055e-06,4.51420241131442e-05,2.48467611756225,2.22902681468268,0.510393258426966,0.477972709551657,0.510393258426966,-0.0324205488753093,"Higher in TH1","pRPC","pRPC",7120,7695
"Dach1","TH2",-1.20525161119913,26229869.5,0.478748594593016,7.5801494975479e-06,4.83115262382179e-05,25.1462937095121,23.9410420983129,0.980337078651685,0.976478232618583,0.980337078651685,-0.00385884603310194,"Higher in TH1","pRPC","pRPC",7120,7695
"2610307P16Rik","TH2",-0.476165638720481,26246882,0.479059107402297,7.94251451926295e-06,5.03394139976095e-05,5.2020238974177,4.72585825869722,0.718820224719101,0.699675113710201,0.718820224719101,-0.0191451110088997,"Higher in TH1","pRPC","pRPC",7120,7695
"Fgfr2","TH2",0.296331605078869,28520546,0.520558110840981,7.95347884845964e-06,5.03738750693962e-05,2.8311871761545,3.12751878123337,0.594662921348315,0.621832358674464,0.621832358674464,0.0271694373261494,"Higher in TH2","pRPC","pRPC",7120,7695
"Cntln","TH2",-0.286658101907444,26261866.5,0.479332605076987,8.76178986119668e-06,5.46203507489375e-05,4.20073565349455,3.9140775515871,0.666011235955056,0.64535412605588,0.666011235955056,-0.0206571098991757,"Higher in TH1","pRPC","pRPC",7120,7695
"Manf","TH2",0.28453499467101,28538926.5,0.520893592439275,9.08721814723744e-06,5.64559687756796e-05,4.31850320805738,4.60303820272839,0.733426966292135,0.757634827810266,0.757634827810266,0.0242078615181315,"Higher in TH2","pRPC","pRPC",7120,7695
"Khdrbs1","TH2",-0.258973872200864,26296242,0.479960028035132,9.38825221670377e-06,5.81280779232596e-05,2.60561230861119,2.34663843641033,0.563904494382023,0.533593242365172,0.563904494382023,-0.0303112520168504,"Higher in TH1","pRPC","pRPC",7120,7695
"Pum2","TH2",-0.298427480795245,26262510.5,0.479344359389944,1.04994777135675e-05,6.43809357966799e-05,4.14017031255336,3.84174283175812,0.716151685393258,0.699675113710201,0.716151685393258,-0.016476571683057,"Higher in TH1","pRPC","pRPC",7120,7695
"Spred1","TH2",0.325490574796818,28521113.5,0.520568468872973,1.15501028067925e-05,7.02721208151581e-05,4.31112884565879,4.63661942045561,0.700702247191011,0.721117608836907,0.721117608836907,0.0204153616458959,"Higher in TH2","pRPC","pRPC",7120,7695
"Ncor1","TH2",-0.331037971284507,26266795,0.47942256024998,1.32678794842531e-05,7.96597191169189e-05,5.49382264266338,5.16278467137887,0.79438202247191,0.781286549707602,0.79438202247191,-0.0130954727643078,"Higher in TH1","pRPC","pRPC",7120,7695
"Sbf2","TH2",-0.267944212036965,26280143.5,0.479666197589271,1.34677635563876e-05,8.06473042397613e-05,4.23086893970482,3.96292472766786,0.696629213483146,0.673034437946719,0.696629213483146,-0.0235947755364274,"Higher in TH1","pRPC","pRPC",7120,7695
"Zfp704","TH2",-0.490992829024822,26268247,0.479449062210249,1.34903834237756e-05,8.07297140671639e-05,6.37001217792646,5.87901934890164,0.782865168539326,0.77959714100065,0.782865168539326,-0.00326802753867605,"Higher in TH1","pRPC","pRPC",7120,7695
"Sntb1","TH2",-0.296252809734345,26358465,0.481095724642443,1.4004333793402e-05,8.34218942438338e-05,2.7245514790737,2.42829866933935,0.471910112359551,0.444444444444444,0.471910112359551,-0.0274656679151061,"Higher in TH1","pRPC","pRPC",7120,7695
"Ppp1r9a","TH2",-0.409629229298215,26272036,0.479518219185083,1.41959091347168e-05,8.43975967735219e-05,5.87846552173828,5.46883629244007,0.779915730337079,0.762183235867446,0.779915730337079,-0.0177324944696322,"Higher in TH1","pRPC","pRPC",7120,7695
"Pdss2","TH2",-0.264422266934722,26319593,0.480386231392047,1.55098256979466e-05,9.09630317960653e-05,2.91350014812721,2.64907788119249,0.571629213483146,0.547108512020793,0.571629213483146,-0.0245207014623534,"Higher in TH1","pRPC","pRPC",7120,7695
"Diaph3","TH2",-0.430717757392902,26333418.5,0.480638574953822,1.80459618944858e-05,0.000104227437709977,3.8338544025583,3.4031366451654,0.552247191011236,0.535152696556205,0.552247191011236,-0.0170944944550306,"Higher in TH1","pRPC","pRPC",7120,7695
"Ppp1r12a","TH2",0.263331122159881,28492605,0.520048130626191,1.85529450095688e-05,0.000106682360137041,3.94453776257753,4.20786888473741,0.690730337078652,0.707862248213125,0.707862248213125,0.0171319111344737,"Higher in TH2","pRPC","pRPC",7120,7695
"Cep112","TH2",-0.362788621561516,26312756,0.480261442203094,2.09602780874895e-05,0.000119320408800362,4.38185788749535,4.01906926593383,0.657162921348315,0.633398310591293,0.657162921348315,-0.0237646107570215,"Higher in TH1","pRPC","pRPC",7120,7695
"Nipbl","TH2",-0.426876846768954,26295483.5,0.479946183863738,2.34104343823202e-05,0.000131949721063987,7.61742878103414,7.19055193426519,0.870365168539326,0.860298895386615,0.870365168539326,-0.0100662731527112,"Higher in TH1","pRPC","pRPC",7120,7695
"Prpf4b","TH2",-0.263871483300591,26312999.5,0.48026588657453,2.35731570950849e-05,0.000132702750935518,3.6047665698319,3.34089508653131,0.692134831460674,0.665497076023392,0.692134831460674,-0.0266377554372823,"Higher in TH1","pRPC","pRPC",7120,7695
"Huwe1","TH2",-0.290366429063918,26313778,0.480280095786699,2.65001251936264e-05,0.0001479915079747,4.32337530303101,4.0330088739671,0.727387640449438,0.708641975308642,0.727387640449438,-0.0187456651407962,"Higher in TH1","pRPC","pRPC",7120,7695
"Baz2b","TH2",-0.648176427592958,26309278,0.480197961612312,3.02706857126359e-05,0.000166598447817007,15.5781848933398,14.9300084657469,0.971629213483146,0.972189733593242,0.972189733593242,0.00056052011009633,"Higher in TH1","pRPC","pRPC",7120,7695
"Sox4","TH2",0.291863063387674,28392783.5,0.518226184739835,3.27914690542093e-05,0.000179173530551597,2.2449761065563,2.53683916994397,0.458286516853933,0.488888888888889,0.488888888888889,0.0306023720349563,"Higher in TH2","pRPC","pRPC",7120,7695
"Map7","TH2",0.260913205245345,28447920.5,0.519232547400545,4.28575348203813e-05,0.000229093004312584,4.3683823123502,4.62929551759554,0.719943820224719,0.74087069525666,0.74087069525666,0.020926875031941,"Higher in TH2","pRPC","pRPC",7120,7695
"Xpo1","TH2",-0.272352907263211,26347052.5,0.480887423250177,4.45279936735119e-05,0.000236772540455302,4.20038791170978,3.92803500444657,0.712078651685393,0.685380116959064,0.712078651685393,-0.026698534726329,"Higher in TH1","pRPC","pRPC",7120,7695
"Lman1","TH2",0.266763553222923,28431581,0.518934318213344,6.05575035443006e-05,0.000312063061450742,4.69172920375826,4.95849275698118,0.76938202247191,0.785705003248863,0.785705003248863,0.0163229807769528,"Higher in TH2","pRPC","pRPC",7120,7695
"Nnat","TH2",0.276041335929615,28392658,0.518223894108972,7.2246201047014e-05,0.000366825557850967,3.19415025912121,3.47019159505082,0.586376404494382,0.611176088369071,0.611176088369071,0.0247996838746888,"Higher in TH2","pRPC","pRPC",7120,7695
"Mis18bp1","TH2",-0.301733355881833,26501751,0.483710986267166,7.28818199125095e-05,0.000369435431970307,2.20569644339095,1.90396308750912,0.381179775280899,0.356985055230669,0.381179775280899,-0.0241947200502296,"Higher in TH1","pRPC","pRPC",7120,7695
"Pds5a","TH2",-0.294519539619005,26385975.5,0.48159784735455,7.4137777638634e-05,0.000374759681308103,3.72202467027355,3.42750513065455,0.663202247191011,0.637166991552956,0.663202247191011,-0.0260352556380549,"Higher in TH1","pRPC","pRPC",7120,7695
"Top2a","TH2",-0.578937269676986,26392674,0.481720108636135,7.87339157585085e-05,0.000396453540454722,6.83419425799645,6.25525698831947,0.639185393258427,0.630409356725146,0.639185393258427,-0.00877603653328074,"Higher in TH1","pRPC","pRPC",7120,7695
"Ptprd","TH2",-0.749319059244847,26372101,0.481344609442875,8.43584870516846e-05,0.000423138828282363,11.6298862737003,10.8805672144554,0.901544943820225,0.902794022092268,0.902794022092268,0.0012490782720429,"Higher in TH1","pRPC","pRPC",7120,7695
"Matr3","TH2",0.275706934354423,28402273.5,0.518399396587599,9.63246696711923e-05,0.000477900402494963,4.70238937893461,4.97809631328904,0.765308988764045,0.774528914879792,0.774528914879792,0.00921992611574707,"Higher in TH2","pRPC","pRPC",7120,7695
"Ncoa2","TH2",-0.276299112353456,26400091.5,0.481855493133583,9.69325779428568e-05,0.000480132345310433,3.74341514347277,3.46711603111931,0.672050561797753,0.652891487979207,0.672050561797753,-0.0191590738185455,"Higher in TH1","pRPC","pRPC",7120,7695
"Ambra1","TH2",-0.266197806519592,26417242,0.482168524724212,9.97619090396204e-05,0.000491741502967604,3.21589559141739,2.9496977848978,0.603651685393258,0.580376868096166,0.603651685393258,-0.0232748172970921,"Higher in TH1","pRPC","pRPC",7120,7695
"Neil3","TH2",-0.420884036984977,26447681,0.482724098531806,0.000104343152999599,0.000512659566813126,3.91186414468224,3.49098010769726,0.51685393258427,0.496426250812216,0.51685393258427,-0.020427681772054,"Higher in TH1","pRPC","pRPC",7120,7695
"Cpsf6","TH2",-0.267273067376033,26393826.5,0.481741144110797,0.000108972537147909,0.000533105584308129,4.81172090713716,4.54444783976112,0.782303370786517,0.759974009096816,0.782303370786517,-0.0223293616897008,"Higher in TH1","pRPC","pRPC",7120,7695
"Atrnl1","TH2",-0.2712247292048,26433469.5,0.482464709683072,0.000113424795525677,0.000552809404503218,3.12586820483095,2.85464347562615,0.576404494382022,0.548148148148148,0.576404494382022,-0.0282563462338743,"Higher in TH1","pRPC","pRPC",7120,7695
"Kansl1","TH2",-0.410784265071156,26398219.5,0.481821325317038,0.00012616472207872,0.000608716398637088,8.27819203935196,7.8674077742808,0.875280898876404,0.861078622482131,0.875280898876404,-0.0142022763942732,"Higher in TH1","pRPC","pRPC",7120,7695
"Tox","TH2",-1.16471779971768,26403181.5,0.481911891933329,0.000138777817525607,0.000663251719417087,30.5397101831714,29.3749923834537,0.98314606741573,0.98414554905783,0.98414554905783,0.000999481642099509,"Higher in TH1","pRPC","pRPC",7120,7695
"Cenpp","TH2",-0.33741652185946,26457809,0.482908955180294,0.000149616254947205,0.000707997169049234,4.41304501819429,4.07562849633483,0.553089887640449,0.524626380766732,0.553089887640449,-0.0284635068737178,"Higher in TH1","pRPC","pRPC",7120,7695
"Camk2d","TH2",0.268006382509113,28347682.5,0.517402999540049,0.000162022181581603,0.000762349077405642,3.65387953822347,3.92188592073259,0.605337078651685,0.631448992852502,0.631448992852502,0.0261119142008163,"Higher in TH2","pRPC","pRPC",7120,7695
"Epha3","TH2",-0.401933475955642,26462075,0.482986818377613,0.000207423685112953,0.00094759872988444,4.27134911547248,3.86941563951684,0.603511235955056,0.585964912280702,0.603511235955056,-0.0175463236743544,"Higher in TH1","pRPC","pRPC",7120,7695
"Ezh2","TH2",-0.278779369334999,26437750.5,0.482542846660972,0.000221436281396204,0.0010020706398436,6.44147411125805,6.16269474192305,0.806460674157303,0.785575048732943,0.806460674157303,-0.0208856254243599,"Higher in TH1","pRPC","pRPC",7120,7695
"Crb1","TH2",0.508360698770796,28351484,0.517472384665367,0.000227093576541416,0.00102411224967762,8.54112765274499,9.04948835151579,0.837078651685393,0.862768031189084,0.862768031189084,0.0256893795036905,"Higher in TH2","pRPC","pRPC",7120,7695
"Strbp","TH2",-0.440420234513306,26456379,0.482882854764877,0.000306648062842303,0.00133658079614766,8.43772287212461,7.9973026376113,0.876544943820225,0.866926575698506,0.876544943820225,-0.00961836812171923,"Higher in TH1","pRPC","pRPC",7120,7695
"H2ac24","TH2",0.492343546910701,28280813.5,0.516182503960692,0.00032777100927911,0.00141712759894203,2.6302326729731,3.1225762198838,0.537921348314607,0.535412605588044,0.537921348314607,-0.00250874272656254,"Higher in TH2","pRPC","pRPC",7120,7695
"Lockd","TH2",-0.26181785951731,26547616.5,0.484548125150579,0.000346674722722547,0.00148826821615322,2.6858469625669,2.42402910304959,0.45561797752809,0.432488628979857,0.45561797752809,-0.0231293485482328,"Higher in TH1","pRPC","pRPC",7120,7695
"Mki67","TH2",-0.310198472860984,26501692,0.48370990939688,0.000389540350028933,0.00165359606435198,4.8961148519976,4.58591637913662,0.609691011235955,0.59077322936972,0.609691011235955,-0.0189177818662345,"Higher in TH1","pRPC","pRPC",7120,7695
"Efna5","TH2",0.269643479285529,28283453,0.51623068021698,0.000591714009068784,0.00239470758377127,9.0210416654302,9.29068514471572,0.775702247191011,0.8,0.8,0.0242977528089888,"Higher in TH2","pRPC","pRPC",7120,7695
"Plagl1","TH2",-0.356332885899386,26512459,0.48390642909813,0.000637509924704124,0.00255059940902256,5.70636428549727,5.35003139959788,0.759831460674157,0.752046783625731,0.759831460674157,-0.00778467704842634,"Higher in TH1","pRPC","pRPC",7120,7695
"Pbrm1","TH2",0.293844034775105,28271716.5,0.516016465164159,0.000653685755047146,0.00261073267813308,4.28041591326774,4.57425994804285,0.716151685393258,0.739441195581546,0.739441195581546,0.023289510188288,"Higher in TH2","pRPC","pRPC",7120,7695
"Grid2","TH2",-0.598092547940304,26519982,0.484043739185667,0.000693495730428864,0.00273971395194134,10.1149678230284,9.51687527508812,0.746348314606742,0.728914879792073,0.746348314606742,-0.0174334348146687,"Higher in TH1","pRPC","pRPC",7120,7695
"Col23a1","TH2",-0.451863263602105,26536422.5,0.484343811828781,0.000908515357779552,0.00349375905941048,6.5163647322982,6.06450146869609,0.772612359550562,0.773879142300195,0.773879142300195,0.0012667827496331,"Higher in TH1","pRPC","pRPC",7120,7695
"Dab1","TH2",-0.265257901821741,26562897.5,0.48482703455476,0.00091991426220097,0.00353014677292616,3.59995509557236,3.33469719375062,0.595505617977528,0.581676413255361,0.595505617977528,-0.0138292047221675,"Higher in TH1","pRPC","pRPC",7120,7695
"Braf","TH2",-0.308620958930193,26547219,0.484540869965175,0.000982502877329559,0.00375271057401973,4.6382490677091,4.32962810877891,0.717696629213483,0.709681611435997,0.717696629213483,-0.0080150177774857,"Higher in TH1","pRPC","pRPC",7120,7695
"Epb41l2","TH2",-0.270893498433957,26551862.5,0.484625623307123,0.00112496827311775,0.00420720592580843,5.22460263377886,4.9537091353449,0.777247191011236,0.773099415204678,0.777247191011236,-0.00414777580655756,"Higher in TH1","pRPC","pRPC",7120,7695
"Dek","TH2",0.271188847225384,28226985,0.515200024092691,0.00130293526429214,0.00476522953401225,5.48698434720705,5.75817319443243,0.792696629213483,0.801819363222872,0.801819363222872,0.00912273400938879,"Higher in TH2","pRPC","pRPC",7120,7695
"Stmn1","TH2",-0.32750817228488,26574698.5,0.485042426864081,0.00155599477848917,0.00554174928141863,5.63279194123942,5.30528376895454,0.805898876404494,0.789733593242365,0.805898876404494,-0.0161652831621293,"Higher in TH1","pRPC","pRPC",7120,7695
"Nrcam","TH2",-0.253190899037737,26580497,0.485148261310788,0.00172166539928201,0.00604760351389827,7.39159753942673,7.138406640389,0.849157303370787,0.840285899935023,0.849157303370787,-0.00887140343576376,"Higher in TH1","pRPC","pRPC",7120,7695
"Ppp3ca","TH2",0.42817263057764,28208221,0.514857542837535,0.001747927249168,0.00612996149664299,13.0716748313424,13.4998474619201,0.94873595505618,0.946458739441196,0.94873595505618,-0.00227721561498417,"Higher in TH2","pRPC","pRPC",7120,7695
"Parp8","TH2",0.262302567909811,28195508.5,0.514625513794891,0.00199012716006992,0.00687827794344985,6.35977362056686,6.62207618847667,0.797050561797753,0.820142949967511,0.820142949967511,0.0230923881697586,"Higher in TH2","pRPC","pRPC",7120,7695
"Ust","TH2",-0.33590644062357,26622286.5,0.485911004884246,0.00207444971349205,0.00713185012778819,3.84894715541217,3.5130407147886,0.594803370786517,0.57738791423002,0.594803370786517,-0.0174154565564975,"Higher in TH1","pRPC","pRPC",7120,7695
"Zfr","TH2",0.273253357133562,28166665.5,0.514099070241146,0.00274191543160975,0.00908720627043317,4.50408622350646,4.77733958064002,0.73623595505618,0.751007147498376,0.751007147498376,0.0147711924421958,"Higher in TH2","pRPC","pRPC",7120,7695
"Gpm6b","TH2",-0.273318197523247,26648598,0.486391243401888,0.00405337446453588,0.0127607788842072,6.76030463068656,6.48698643316331,0.832162921348315,0.825341130604288,0.832162921348315,-0.00682179074402611,"Higher in TH1","pRPC","pRPC",7120,7695
"Gldc","TH2",-0.268351090922142,26681717.5,0.486995741799359,0.00406585854277229,0.0127912443074997,2.85280831309902,2.58445722217687,0.557865168539326,0.543599740090968,0.557865168539326,-0.0142654284483578,"Higher in TH1","pRPC","pRPC",7120,7695
"Macf1","TH2",-0.403839572137037,26665883.5,0.486706739017748,0.00501568436692978,0.0153347693123777,7.08342175898121,6.67958218684417,0.840168539325843,0.839896036387265,0.840168539325843,-0.000272502938578167,"Higher in TH1","pRPC","pRPC",7120,7695
"Khdrbs3","TH2",-0.254006126681169,26717531,0.48764941118923,0.00688049089755926,0.0201830685678645,3.14881542370816,2.89480929702699,0.587921348314607,0.575698505523067,0.587921348314607,-0.0122228427915398,"Higher in TH1","pRPC","pRPC",7120,7695
"Prkg1","TH2",0.391311518364656,28050446,0.511977827423323,0.0116041272675437,0.0313679274742222,19.4634027172164,19.854714235581,0.908848314606742,0.919948018193632,0.919948018193632,0.0110997035868907,"Higher in TH2","pRPC","pRPC",7120,7695
"Macrod2","TH2",-0.462362458360857,26756369,0.488358283870308,0.0129367963382615,0.034425098343625,8.2412901065295,7.77892764816864,0.705758426966292,0.698375568551007,0.705758426966292,-0.00738285841528497,"Higher in TH1","pRPC","pRPC",7120,7695
"Ckb","TH2",0.299198536728198,28022172,0.511461769279628,0.0155734592012086,0.0402542561428857,6.1413366873473,6.4405352240755,0.847752808988764,0.847173489278752,0.847752808988764,-0.000579319710011572,"Higher in TH2","pRPC","pRPC",7120,7695
"Rora","TH2",-0.404562865008602,26792643,0.489020358324025,0.0192062272397904,0.0478397253521316,6.28239184061707,5.87782897560846,0.710393258426966,0.710461338531514,0.710461338531514,6.80801045476187e-05,"Higher in TH1","pRPC","pRPC",7120,7695
